t,x,u_num,u_exact
0.000000,0.000000,0.0000000000,0.0000000000
0.000000,0.010101,0.0317279335,0.0317279335
0.000000,0.020202,0.0634239197,0.0634239197
0.000000,0.030303,0.0950560433,0.0950560433
0.000000,0.040404,0.1265924536,0.1265924536
0.000000,0.050505,0.1580013960,0.1580013960
0.000000,0.060606,0.1892512444,0.1892512444
0.000000,0.070707,0.2203105328,0.2203105328
0.000000,0.080808,0.2511479872,0.2511479872
0.000000,0.090909,0.2817325568,0.2817325568
0.000000,0.101010,0.3120334457,0.3120334457
0.000000,0.111111,0.3420201433,0.3420201433
0.000000,0.121212,0.3716624557,0.3716624557
0.000000,0.131313,0.4009305354,0.4009305354
0.000000,0.141414,0.4297949121,0.4297949121
0.000000,0.151515,0.4582265217,0.4582265217
0.000000,0.161616,0.4861967361,0.4861967361
0.000000,0.171717,0.5136773916,0.5136773916
0.000000,0.181818,0.5406408175,0.5406408175
0.000000,0.191919,0.5670598639,0.5670598639
0.000000,0.202020,0.5929079291,0.5929079291
0.000000,0.212121,0.6181589862,0.6181589862
0.000000,0.222222,0.6427876097,0.6427876097
0.000000,0.232323,0.6667690005,0.6667690005
0.000000,0.242424,0.6900790115,0.6900790115
0.000000,0.252525,0.7126941714,0.7126941714
0.000000,0.262626,0.7345917087,0.7345917087
0.000000,0.272727,0.7557495744,0.7557495744
0.000000,0.282828,0.7761464643,0.7761464643
0.000000,0.292929,0.7957618405,0.7957618405
0.000000,0.303030,0.8145759521,0.8145759521
0.000000,0.313131,0.8325698546,0.8325698546
0.000000,0.323232,0.8497254299,0.8497254299
0.000000,0.333333,0.8660254038,0.8660254038
0.000000,0.343434,0.8814533634,0.8814533634
0.000000,0.353535,0.8959937743,0.8959937743
0.000000,0.363636,0.9096319954,0.9096319954
0.000000,0.373737,0.9223542941,0.9223542941
0.000000,0.383838,0.9341478603,0.9341478603
0.000000,0.393939,0.9450008187,0.9450008187
0.000000,0.404040,0.9549022414,0.9549022414
0.000000,0.414141,0.9638421586,0.9638421586
0.000000,0.424242,0.9718115683,0.9718115683
0.000000,0.434343,0.9788024462,0.9788024462
0.000000,0.444444,0.9848077530,0.9848077530
0.000000,0.454545,0.9898214419,0.9898214419
0.000000,0.464646,0.9938384645,0.9938384645
0.000000,0.474747,0.9968547760,0.9968547760
0.000000,0.484848,0.9988673392,0.9988673392
0.000000,0.494949,0.9998741277,0.9998741277
0.000000,0.505051,0.9998741277,0.9998741277
0.000000,0.515152,0.9988673392,0.9988673392
0.000000,0.525253,0.9968547760,0.9968547760
0.000000,0.535354,0.9938384645,0.9938384645
0.000000,0.545455,0.9898214419,0.9898214419
0.000000,0.555556,0.9848077530,0.9848077530
0.000000,0.565657,0.9788024462,0.9788024462
0.000000,0.575758,0.9718115683,0.9718115683
0.000000,0.585859,0.9638421586,0.9638421586
0.000000,0.595960,0.9549022414,0.9549022414
0.000000,0.606061,0.9450008187,0.9450008187
0.000000,0.616162,0.9341478603,0.9341478603
0.000000,0.626263,0.9223542941,0.9223542941
0.000000,0.636364,0.9096319954,0.9096319954
0.000000,0.646465,0.8959937743,0.8959937743
0.000000,0.656566,0.8814533634,0.8814533634
0.000000,0.666667,0.8660254038,0.8660254038
0.000000,0.676768,0.8497254299,0.8497254299
0.000000,0.686869,0.8325698546,0.8325698546
0.000000,0.696970,0.8145759521,0.8145759521
0.000000,0.707071,0.7957618405,0.7957618405
0.000000,0.717172,0.7761464643,0.7761464643
0.000000,0.727273,0.7557495744,0.7557495744
0.000000,0.737374,0.7345917087,0.7345917087
0.000000,0.747475,0.7126941714,0.7126941714
0.000000,0.757576,0.6900790115,0.6900790115
0.000000,0.767677,0.6667690005,0.6667690005
0.000000,0.777778,0.6427876097,0.6427876097
0.000000,0.787879,0.6181589862,0.6181589862
0.000000,0.797980,0.5929079291,0.5929079291
0.000000,0.808081,0.5670598639,0.5670598639
0.000000,0.818182,0.5406408175,0.5406408175
0.000000,0.828283,0.5136773916,0.5136773916
0.000000,0.838384,0.4861967361,0.4861967361
0.000000,0.848485,0.4582265217,0.4582265217
0.000000,0.858586,0.4297949121,0.4297949121
0.000000,0.868687,0.4009305354,0.4009305354
0.000000,0.878788,0.3716624557,0.3716624557
0.000000,0.888889,0.3420201433,0.3420201433
0.000000,0.898990,0.3120334457,0.3120334457
0.000000,0.909091,0.2817325568,0.2817325568
0.000000,0.919192,0.2511479872,0.2511479872
0.000000,0.929293,0.2203105328,0.2203105328
0.000000,0.939394,0.1892512444,0.1892512444
0.000000,0.949495,0.1580013960,0.1580013960
0.000000,0.959596,0.1265924536,0.1265924536
0.000000,0.969697,0.0950560433,0.0950560433
0.000000,0.979798,0.0634239197,0.0634239197
0.000000,0.989899,0.0317279335,0.0317279335
0.000000,1.000000,0.0000000000,0.0000000000
0.000200,0.000000,0.0000000000,0.0000000000
0.000200,0.010101,0.0317273073,0.0317273072
0.000200,0.020202,0.0634226678,0.0634226677
0.000200,0.030303,0.0950541671,0.0950541670
0.000200,0.040404,0.1265899549,0.1265899548
0.000200,0.050505,0.1579982774,0.1579982772
0.000200,0.060606,0.1892475090,0.1892475087
0.000200,0.070707,0.2203061844,0.2203061841
0.000200,0.080808,0.2511430301,0.2511430298
0.000200,0.090909,0.2817269961,0.2817269957
0.000200,0.101010,0.3120272869,0.3120272865
0.000200,0.111111,0.3420133927,0.3420133922
0.000200,0.121212,0.3716551200,0.3716551194
0.000200,0.131313,0.4009226220,0.4009226214
0.000200,0.141414,0.4297864290,0.4297864284
0.000200,0.151515,0.4582174775,0.4582174768
0.000200,0.161616,0.4861871398,0.4861871391
0.000200,0.171717,0.5136672528,0.5136672521
0.000200,0.181818,0.5406301465,0.5406301457
0.000200,0.191919,0.5670486715,0.5670486707
0.000200,0.202020,0.5928962265,0.5928962256
0.000200,0.212121,0.6181467853,0.6181467844
0.000200,0.222222,0.6427749226,0.6427749217
0.000200,0.232323,0.6667558401,0.6667558392
0.000200,0.242424,0.6900653910,0.6900653900
0.000200,0.252525,0.7126801045,0.7126801035
0.000200,0.262626,0.7345772096,0.7345772085
0.000200,0.272727,0.7557346577,0.7557346566
0.000200,0.282828,0.7761311451,0.7761311439
0.000200,0.292929,0.7957461341,0.7957461330
0.000200,0.303030,0.8145598743,0.8145598731
0.000200,0.313131,0.8325534217,0.8325534205
0.000200,0.323232,0.8497086584,0.8497086572
0.000200,0.333333,0.8660083106,0.8660083093
0.000200,0.343434,0.8814359657,0.8814359644
0.000200,0.353535,0.8959760896,0.8959760883
0.000200,0.363636,0.9096140414,0.9096140401
0.000200,0.373737,0.9223360891,0.9223360877
0.000200,0.383838,0.9341294225,0.9341294211
0.000200,0.393939,0.9449821667,0.9449821653
0.000200,0.404040,0.9548833940,0.9548833926
0.000200,0.414141,0.9638231347,0.9638231333
0.000200,0.424242,0.9717923871,0.9717923857
0.000200,0.434343,0.9787831271,0.9787831256
0.000200,0.444444,0.9847883153,0.9847883139
0.000200,0.454545,0.9898019052,0.9898019038
0.000200,0.464646,0.9938188485,0.9938188471
0.000200,0.474747,0.9968351005,0.9968350990
0.000200,0.484848,0.9988476240,0.9988476225
0.000200,0.494949,0.9998543926,0.9998543911
0.000200,0.505051,0.9998543926,0.9998543911
0.000200,0.515152,0.9988476240,0.9988476225
0.000200,0.525253,0.9968351005,0.9968350990
0.000200,0.535354,0.9938188485,0.9938188471
0.000200,0.545455,0.9898019052,0.9898019038
0.000200,0.555556,0.9847883153,0.9847883139
0.000200,0.565657,0.9787831271,0.9787831256
0.000200,0.575758,0.9717923871,0.9717923857
0.000200,0.585859,0.9638231347,0.9638231333
0.000200,0.595960,0.9548833940,0.9548833926
0.000200,0.606061,0.9449821667,0.9449821653
0.000200,0.616162,0.9341294225,0.9341294211
0.000200,0.626263,0.9223360891,0.9223360877
0.000200,0.636364,0.9096140414,0.9096140401
0.000200,0.646465,0.8959760896,0.8959760883
0.000200,0.656566,0.8814359657,0.8814359644
0.000200,0.666667,0.8660083106,0.8660083093
0.000200,0.676768,0.8497086584,0.8497086572
0.000200,0.686869,0.8325534217,0.8325534205
0.000200,0.696970,0.8145598743,0.8145598731
0.000200,0.707071,0.7957461341,0.7957461330
0.000200,0.717172,0.7761311451,0.7761311439
0.000200,0.727273,0.7557346577,0.7557346566
0.000200,0.737374,0.7345772096,0.7345772085
0.000200,0.747475,0.7126801045,0.7126801035
0.000200,0.757576,0.6900653910,0.6900653900
0.000200,0.767677,0.6667558401,0.6667558392
0.000200,0.777778,0.6427749226,0.6427749217
0.000200,0.787879,0.6181467853,0.6181467844
0.000200,0.797980,0.5928962265,0.5928962256
0.000200,0.808081,0.5670486715,0.5670486707
0.000200,0.818182,0.5406301465,0.5406301457
0.000200,0.828283,0.5136672528,0.5136672521
0.000200,0.838384,0.4861871398,0.4861871391
0.000200,0.848485,0.4582174775,0.4582174768
0.000200,0.858586,0.4297864290,0.4297864284
0.000200,0.868687,0.4009226220,0.4009226214
0.000200,0.878788,0.3716551200,0.3716551194
0.000200,0.888889,0.3420133927,0.3420133922
0.000200,0.898990,0.3120272869,0.3120272865
0.000200,0.909091,0.2817269961,0.2817269957
0.000200,0.919192,0.2511430301,0.2511430298
0.000200,0.929293,0.2203061844,0.2203061841
0.000200,0.939394,0.1892475090,0.1892475087
0.000200,0.949495,0.1579982774,0.1579982772
0.000200,0.959596,0.1265899549,0.1265899548
0.000200,0.969697,0.0950541671,0.0950541670
0.000200,0.979798,0.0634226678,0.0634226677
0.000200,0.989899,0.0317273073,0.0317273072
0.000200,1.000000,0.0000000000,0.0000000000
0.010200,0.000000,0.0000000000,0.0000000000
0.010200,0.010101,0.0316960114,0.0316960091
0.010200,0.020202,0.0633601077,0.0633601029
0.010200,0.030303,0.0949604056,0.0949603986
0.010200,0.040404,0.1264650865,0.1264650771
0.010200,0.050505,0.1578424278,0.1578424161
0.010200,0.060606,0.1890608352,0.1890608211
0.010200,0.070707,0.2200888743,0.2200888578
0.010200,0.080808,0.2508953025,0.2508952838
0.010200,0.090909,0.2814491005,0.2814490795
0.010200,0.101010,0.3117195030,0.3117194798
0.010200,0.111111,0.3416760305,0.3416760050
0.010200,0.121212,0.3712885191,0.3712884915
0.010200,0.131313,0.4005271517,0.4005271219
0.010200,0.141414,0.4293624874,0.4293624554
0.010200,0.151515,0.4577654915,0.4577654574
0.010200,0.161616,0.4857075645,0.4857075283
0.010200,0.171717,0.5131605712,0.5131605329
0.010200,0.181818,0.5400968687,0.5400968284
0.010200,0.191919,0.5664893344,0.5664892921
0.010200,0.202020,0.5923113933,0.5923113492
0.010200,0.212121,0.6175370449,0.6175369989
0.010200,0.222222,0.6421408891,0.6421408412
0.010200,0.232323,0.6660981518,0.6660981022
0.010200,0.242424,0.6893847101,0.6893846587
0.010200,0.252525,0.7119771165,0.7119770634
0.010200,0.262626,0.7338526223,0.7338525676
0.010200,0.272727,0.7549892006,0.7549891443
0.010200,0.282828,0.7753655689,0.7753655111
0.010200,0.292929,0.7949612097,0.7949611505
0.010200,0.303030,0.8137563920,0.8137563314
0.010200,0.313131,0.8317321906,0.8317321286
0.010200,0.323232,0.8488705054,0.8488704421
0.010200,0.333333,0.8651540795,0.8651540150
0.010200,0.343434,0.8805665168,0.8805664512
0.010200,0.353535,0.8950922983,0.8950922315
0.010200,0.363636,0.9087167977,0.9087167299
0.010200,0.373737,0.9214262963,0.9214262276
0.010200,0.383838,0.9332079967,0.9332079271
0.010200,0.393939,0.9440500358,0.9440499654
0.010200,0.404040,0.9539414965,0.9539414254
0.010200,0.414141,0.9628724190,0.9628723472
0.010200,0.424242,0.9708338106,0.9708337382
0.010200,0.434343,0.9778176548,0.9778175820
0.010200,0.444444,0.9838169196,0.9838168462
0.010200,0.454545,0.9888255641,0.9888254904
0.010200,0.464646,0.9928385451,0.9928384711
0.010200,0.474747,0.9958518218,0.9958517476
0.010200,0.484848,0.9978623601,0.9978622858
0.010200,0.494949,0.9988681357,0.9988680612
0.010200,0.505051,0.9988681357,0.9988680612
0.010200,0.515152,0.9978623601,0.9978622858
0.010200,0.525253,0.9958518218,0.9958517476
0.010200,0.535354,0.9928385451,0.9928384711
0.010200,0.545455,0.9888255641,0.9888254904
0.010200,0.555556,0.9838169196,0.9838168462
0.010200,0.565657,0.9778176548,0.9778175820
0.010200,0.575758,0.9708338106,0.9708337382
0.010200,0.585859,0.9628724190,0.9628723472
0.010200,0.595960,0.9539414965,0.9539414254
0.010200,0.606061,0.9440500358,0.9440499654
0.010200,0.616162,0.9332079967,0.9332079271
0.010200,0.626263,0.9214262963,0.9214262276
0.010200,0.636364,0.9087167977,0.9087167299
0.010200,0.646465,0.8950922983,0.8950922315
0.010200,0.656566,0.8805665168,0.8805664512
0.010200,0.666667,0.8651540795,0.8651540150
0.010200,0.676768,0.8488705054,0.8488704421
0.010200,0.686869,0.8317321906,0.8317321286
0.010200,0.696970,0.8137563920,0.8137563314
0.010200,0.707071,0.7949612097,0.7949611505
0.010200,0.717172,0.7753655689,0.7753655111
0.010200,0.727273,0.7549892006,0.7549891443
0.010200,0.737374,0.7338526223,0.7338525676
0.010200,0.747475,0.7119771165,0.7119770634
0.010200,0.757576,0.6893847101,0.6893846587
0.010200,0.767677,0.6660981518,0.6660981022
0.010200,0.777778,0.6421408891,0.6421408412
0.010200,0.787879,0.6175370449,0.6175369989
0.010200,0.797980,0.5923113933,0.5923113492
0.010200,0.808081,0.5664893344,0.5664892921
0.010200,0.818182,0.5400968687,0.5400968284
0.010200,0.828283,0.5131605712,0.5131605329
0.010200,0.838384,0.4857075645,0.4857075283
0.010200,0.848485,0.4577654915,0.4577654574
0.010200,0.858586,0.4293624874,0.4293624554
0.010200,0.868687,0.4005271517,0.4005271219
0.010200,0.878788,0.3712885191,0.3712884915
0.010200,0.888889,0.3416760305,0.3416760050
0.010200,0.898990,0.3117195030,0.3117194798
0.010200,0.909091,0.2814491005,0.2814490795
0.010200,0.919192,0.2508953025,0.2508952838
0.010200,0.929293,0.2200888743,0.2200888578
0.010200,0.939394,0.1890608352,0.1890608211
0.010200,0.949495,0.1578424278,0.1578424161
0.010200,0.959596,0.1264650865,0.1264650771
0.010200,0.969697,0.0949604056,0.0949603986
0.010200,0.979798,0.0633601077,0.0633601029
0.010200,0.989899,0.0316960114,0.0316960091
0.010200,1.000000,0.0000000000,0.0000000000
0.020200,0.000000,0.0000000000,0.0000000000
0.020200,0.010101,0.0316647465,0.0316647418
0.020200,0.020202,0.0632976092,0.0632975999
0.020200,0.030303,0.0948667367,0.0948667226
0.020200,0.040404,0.1263403413,0.1263403227
0.020200,0.050505,0.1576867320,0.1576867087
0.020200,0.060606,0.1888743454,0.1888743176
0.020200,0.070707,0.2198717785,0.2198717460
0.020200,0.080808,0.2506478192,0.2506477822
0.020200,0.090909,0.2811714789,0.2811714374
0.020200,0.101010,0.3114120227,0.3114119768
0.020200,0.111111,0.3413390011,0.3413389507
0.020200,0.121212,0.3709222799,0.3709222252
0.020200,0.131313,0.4001320715,0.4001320125
0.020200,0.141414,0.4289389640,0.4289389007
0.020200,0.151515,0.4573139514,0.4573138838
0.020200,0.161616,0.4852284623,0.4852283907
0.020200,0.171717,0.5126543893,0.5126543136
0.020200,0.181818,0.5395641168,0.5395640372
0.020200,0.191919,0.5659305490,0.5659304654
0.020200,0.202020,0.5917271371,0.5917270497
0.020200,0.212121,0.6169279061,0.6169278150
0.020200,0.222222,0.6415074810,0.6415073863
0.020200,0.232323,0.6654411122,0.6654410140
0.020200,0.242424,0.6887047007,0.6887045990
0.020200,0.252525,0.7112748219,0.7112747169
0.020200,0.262626,0.7331287496,0.7331286414
0.020200,0.272727,0.7542444789,0.7542443675
0.020200,0.282828,0.7746007479,0.7746006335
0.020200,0.292929,0.7941770595,0.7941769423
0.020200,0.303030,0.8129537023,0.8129535822
0.020200,0.313131,0.8309117695,0.8309116468
0.020200,0.323232,0.8480331790,0.8480330538
0.020200,0.333333,0.8643006910,0.8643005634
0.020200,0.343434,0.8796979255,0.8796977956
0.020200,0.353535,0.8942093787,0.8942092467
0.020200,0.363636,0.9078204389,0.9078203049
0.020200,0.373737,0.9205174009,0.9205172650
0.020200,0.383838,0.9322874798,0.9322873422
0.020200,0.393939,0.9431188243,0.9431186851
0.020200,0.404040,0.9530005281,0.9530003874
0.020200,0.414141,0.9619226411,0.9619224991
0.020200,0.424242,0.9698761796,0.9698760364
0.020200,0.434343,0.9768531350,0.9768529908
0.020200,0.444444,0.9828464820,0.9828463369
0.020200,0.454545,0.9878501860,0.9878500402
0.020200,0.464646,0.9918592086,0.9918590622
0.020200,0.474747,0.9948695130,0.9948693661
0.020200,0.484848,0.9968780682,0.9968779210
0.020200,0.494949,0.9978828516,0.9978827043
0.020200,0.505051,0.9978828516,0.9978827043
0.020200,0.515152,0.9968780682,0.9968779210
0.020200,0.525253,0.9948695130,0.9948693661
0.020200,0.535354,0.9918592086,0.9918590622
0.020200,0.545455,0.9878501860,0.9878500402
0.020200,0.555556,0.9828464820,0.9828463369
0.020200,0.565657,0.9768531350,0.9768529908
0.020200,0.575758,0.9698761796,0.9698760364
0.020200,0.585859,0.9619226411,0.9619224991
0.020200,0.595960,0.9530005281,0.9530003874
0.020200,0.606061,0.9431188243,0.9431186851
0.020200,0.616162,0.9322874798,0.9322873422
0.020200,0.626263,0.9205174009,0.9205172650
0.020200,0.636364,0.9078204389,0.9078203049
0.020200,0.646465,0.8942093787,0.8942092467
0.020200,0.656566,0.8796979255,0.8796977956
0.020200,0.666667,0.8643006910,0.8643005634
0.020200,0.676768,0.8480331790,0.8480330538
0.020200,0.686869,0.8309117695,0.8309116468
0.020200,0.696970,0.8129537023,0.8129535822
0.020200,0.707071,0.7941770595,0.7941769423
0.020200,0.717172,0.7746007479,0.7746006335
0.020200,0.727273,0.7542444789,0.7542443675
0.020200,0.737374,0.7331287496,0.7331286414
0.020200,0.747475,0.7112748219,0.7112747169
0.020200,0.757576,0.6887047007,0.6887045990
0.020200,0.767677,0.6654411122,0.6654410140
0.020200,0.777778,0.6415074810,0.6415073863
0.020200,0.787879,0.6169279061,0.6169278150
0.020200,0.797980,0.5917271371,0.5917270497
0.020200,0.808081,0.5659305490,0.5659304654
0.020200,0.818182,0.5395641168,0.5395640372
0.020200,0.828283,0.5126543893,0.5126543136
0.020200,0.838384,0.4852284623,0.4852283907
0.020200,0.848485,0.4573139514,0.4573138838
0.020200,0.858586,0.4289389640,0.4289389007
0.020200,0.868687,0.4001320715,0.4001320125
0.020200,0.878788,0.3709222799,0.3709222252
0.020200,0.888889,0.3413390011,0.3413389507
0.020200,0.898990,0.3114120227,0.3114119768
0.020200,0.909091,0.2811714789,0.2811714374
0.020200,0.919192,0.2506478192,0.2506477822
0.020200,0.929293,0.2198717785,0.2198717460
0.020200,0.939394,0.1888743454,0.1888743176
0.020200,0.949495,0.1576867320,0.1576867087
0.020200,0.959596,0.1263403413,0.1263403227
0.020200,0.969697,0.0948667367,0.0948667226
0.020200,0.979798,0.0632976092,0.0632975999
0.020200,0.989899,0.0316647465,0.0316647418
0.020200,1.000000,0.0000000000,0.0000000000
0.030200,0.000000,0.0000000000,0.0000000000
0.030200,0.010101,0.0316335123,0.0316335054
0.030200,0.020202,0.0632351724,0.0632351585
0.030200,0.030303,0.0947731601,0.0947731391
0.030200,0.040404,0.1262157191,0.1262156913
0.030200,0.050505,0.1575311897,0.1575311549
0.030200,0.060606,0.1886880397,0.1886879980
0.030200,0.070707,0.2196548968,0.2196548483
0.030200,0.080808,0.2504005801,0.2504005248
0.030200,0.090909,0.2808941312,0.2808940692
0.030200,0.101010,0.3111048458,0.3111047771
0.030200,0.111111,0.3410023041,0.3410022288
0.030200,0.121212,0.3705564020,0.3705563202
0.030200,0.131313,0.3997373810,0.3997372928
0.030200,0.141414,0.4285158584,0.4285157638
0.030200,0.151515,0.4568628566,0.4568627558
0.030200,0.161616,0.4847498327,0.4847497257
0.030200,0.171717,0.5121487067,0.5121485937
0.030200,0.181818,0.5390318905,0.5390317715
0.030200,0.191919,0.5653723148,0.5653721900
0.030200,0.202020,0.5911434571,0.5911433266
0.030200,0.212121,0.6163193680,0.6163192320
0.030200,0.222222,0.6408746976,0.6408745562
0.030200,0.232323,0.6647847207,0.6647845740
0.030200,0.242424,0.6880253620,0.6880252101
0.030200,0.252525,0.7105732200,0.7105730632
0.030200,0.262626,0.7324055910,0.7324054294
0.030200,0.272727,0.7535004917,0.7535003254
0.030200,0.282828,0.7738366813,0.7738365105
0.030200,0.292929,0.7933936829,0.7933935078
0.030200,0.303030,0.8121518043,0.8121516250
0.030200,0.313131,0.8300921577,0.8300919745
0.030200,0.323232,0.8471966786,0.8471964917
0.030200,0.333333,0.8634481444,0.8634479538
0.030200,0.343434,0.8788301910,0.8788299970
0.030200,0.353535,0.8933273301,0.8933271330
0.030200,0.363636,0.9069249643,0.9069247642
0.030200,0.373737,0.9196094020,0.9196091990
0.030200,0.383838,0.9313678709,0.9313676654
0.030200,0.393939,0.9421885314,0.9421883234
0.030200,0.404040,0.9520604879,0.9520602777
0.030200,0.414141,0.9609738001,0.9609735880
0.030200,0.424242,0.9689194932,0.9689192794
0.030200,0.434343,0.9758895665,0.9758893511
0.030200,0.444444,0.9818770017,0.9818767850
0.030200,0.454545,0.9868757700,0.9868755522
0.030200,0.464646,0.9908808381,0.9908806194
0.030200,0.474747,0.9938881732,0.9938879538
0.030200,0.484848,0.9958947471,0.9958945273
0.030200,0.494949,0.9968985394,0.9968983194
0.030200,0.505051,0.9968985394,0.9968983194
0.030200,0.515152,0.9958947471,0.9958945273
0.030200,0.525253,0.9938881732,0.9938879538
0.030200,0.535354,0.9908808381,0.9908806194
0.030200,0.545455,0.9868757700,0.9868755522
0.030200,0.555556,0.9818770017,0.9818767850
0.030200,0.565657,0.9758895665,0.9758893511
0.030200,0.575758,0.9689194932,0.9689192794
0.030200,0.585859,0.9609738001,0.9609735880
0.030200,0.595960,0.9520604879,0.9520602777
0.030200,0.606061,0.9421885314,0.9421883234
0.030200,0.616162,0.9313678709,0.9313676654
0.030200,0.626263,0.9196094020,0.9196091990
0.030200,0.636364,0.9069249643,0.9069247642
0.030200,0.646465,0.8933273301,0.8933271330
0.030200,0.656566,0.8788301910,0.8788299970
0.030200,0.666667,0.8634481444,0.8634479538
0.030200,0.676768,0.8471966786,0.8471964917
0.030200,0.686869,0.8300921577,0.8300919745
0.030200,0.696970,0.8121518043,0.8121516250
0.030200,0.707071,0.7933936829,0.7933935078
0.030200,0.717172,0.7738366813,0.7738365105
0.030200,0.727273,0.7535004917,0.7535003254
0.030200,0.737374,0.7324055910,0.7324054294
0.030200,0.747475,0.7105732200,0.7105730632
0.030200,0.757576,0.6880253620,0.6880252101
0.030200,0.767677,0.6647847207,0.6647845740
0.030200,0.777778,0.6408746976,0.6408745562
0.030200,0.787879,0.6163193680,0.6163192320
0.030200,0.797980,0.5911434571,0.5911433266
0.030200,0.808081,0.5653723148,0.5653721900
0.030200,0.818182,0.5390318905,0.5390317715
0.030200,0.828283,0.5121487067,0.5121485937
0.030200,0.838384,0.4847498327,0.4847497257
0.030200,0.848485,0.4568628566,0.4568627558
0.030200,0.858586,0.4285158584,0.4285157638
0.030200,0.868687,0.3997373810,0.3997372928
0.030200,0.878788,0.3705564020,0.3705563202
0.030200,0.888889,0.3410023041,0.3410022288
0.030200,0.898990,0.3111048458,0.3111047771
0.030200,0.909091,0.2808941312,0.2808940692
0.030200,0.919192,0.2504005801,0.2504005248
0.030200,0.929293,0.2196548968,0.2196548483
0.030200,0.939394,0.1886880397,0.1886879980
0.030200,0.949495,0.1575311897,0.1575311549
0.030200,0.959596,0.1262157191,0.1262156913
0.030200,0.969697,0.0947731601,0.0947731391
0.030200,0.979798,0.0632351724,0.0632351585
0.030200,0.989899,0.0316335123,0.0316335054
0.030200,1.000000,0.0000000000,0.0000000000
0.040200,0.000000,0.0000000000,0.0000000000
0.040200,0.010101,0.0316023090,0.0316022997
0.040200,0.020202,0.0631727972,0.0631727787
0.040200,0.030303,0.0946796758,0.0946796479
0.040200,0.040404,0.1260912199,0.1260911828
0.040200,0.050505,0.1573758008,0.1573757546
0.040200,0.060606,0.1885019177,0.1885018623
0.040200,0.070707,0.2194382291,0.2194381646
0.040200,0.080808,0.2501535848,0.2501535113
0.040200,0.090909,0.2806170571,0.2806169747
0.040200,0.101010,0.3107979718,0.3107978805
0.040200,0.111111,0.3406659392,0.3406658391
0.040200,0.121212,0.3701908850,0.3701907762
0.040200,0.131313,0.3993430799,0.3993429625
0.040200,0.141414,0.4280931701,0.4280930444
0.040200,0.151515,0.4564122069,0.4564120728
0.040200,0.161616,0.4842716752,0.4842715329
0.040200,0.171717,0.5116435230,0.5116433727
0.040200,0.181818,0.5385001891,0.5385000309
0.040200,0.191919,0.5648146312,0.5648144653
0.040200,0.202020,0.5905603529,0.5905601794
0.040200,0.212121,0.6157114303,0.6157112494
0.040200,0.222222,0.6402425385,0.6402423504
0.040200,0.232323,0.6641289767,0.6641287816
0.040200,0.242424,0.6873466934,0.6873464915
0.040200,0.252525,0.7098723102,0.7098721016
0.040200,0.262626,0.7316831458,0.7316829308
0.040200,0.272727,0.7527572384,0.7527570173
0.040200,0.282828,0.7730733683,0.7730731412
0.040200,0.292929,0.7926110789,0.7926108460
0.040200,0.303030,0.8113506973,0.8113504589
0.040200,0.313131,0.8292733543,0.8292731107
0.040200,0.323232,0.8463610034,0.8463607547
0.040200,0.333333,0.8625964386,0.8625961852
0.040200,0.343434,0.8779633124,0.8779630545
0.040200,0.353535,0.8924461515,0.8924458894
0.040200,0.363636,0.9060303731,0.9060301069
0.040200,0.373737,0.9187022988,0.9187020289
0.040200,0.383838,0.9304491692,0.9304488958
0.040200,0.393939,0.9412591561,0.9412588796
0.040200,0.404040,0.9511213749,0.9511210954
0.040200,0.414141,0.9600258950,0.9600256130
0.040200,0.424242,0.9679637505,0.9679634661
0.040200,0.434343,0.9749269485,0.9749266621
0.040200,0.444444,0.9809084777,0.9809081895
0.040200,0.454545,0.9859023152,0.9859020256
0.040200,0.464646,0.9899034327,0.9899031419
0.040200,0.474747,0.9929078013,0.9929075096
0.040200,0.484848,0.9949123960,0.9949121037
0.040200,0.494949,0.9959151982,0.9959149056
0.040200,0.505051,0.9959151982,0.9959149056
0.040200,0.515152,0.9949123960,0.9949121037
0.040200,0.525253,0.9929078013,0.9929075096
0.040200,0.535354,0.9899034327,0.9899031419
0.040200,0.545455,0.9859023152,0.9859020256
0.040200,0.555556,0.9809084777,0.9809081895
0.040200,0.565657,0.9749269485,0.9749266621
0.040200,0.575758,0.9679637505,0.9679634661
0.040200,0.585859,0.9600258950,0.9600256130
0.040200,0.595960,0.9511213749,0.9511210954
0.040200,0.606061,0.9412591561,0.9412588796
0.040200,0.616162,0.9304491692,0.9304488958
0.040200,0.626263,0.9187022988,0.9187020289
0.040200,0.636364,0.9060303731,0.9060301069
0.040200,0.646465,0.8924461515,0.8924458894
0.040200,0.656566,0.8779633124,0.8779630545
0.040200,0.666667,0.8625964386,0.8625961852
0.040200,0.676768,0.8463610034,0.8463607547
0.040200,0.686869,0.8292733543,0.8292731107
0.040200,0.696970,0.8113506973,0.8113504589
0.040200,0.707071,0.7926110789,0.7926108460
0.040200,0.717172,0.7730733683,0.7730731412
0.040200,0.727273,0.7527572384,0.7527570173
0.040200,0.737374,0.7316831458,0.7316829308
0.040200,0.747475,0.7098723102,0.7098721016
0.040200,0.757576,0.6873466934,0.6873464915
0.040200,0.767677,0.6641289767,0.6641287816
0.040200,0.777778,0.6402425385,0.6402423504
0.040200,0.787879,0.6157114303,0.6157112494
0.040200,0.797980,0.5905603529,0.5905601794
0.040200,0.808081,0.5648146312,0.5648144653
0.040200,0.818182,0.5385001891,0.5385000309
0.040200,0.828283,0.5116435230,0.5116433727
0.040200,0.838384,0.4842716752,0.4842715329
0.040200,0.848485,0.4564122069,0.4564120728
0.040200,0.858586,0.4280931701,0.4280930444
0.040200,0.868687,0.3993430799,0.3993429625
0.040200,0.878788,0.3701908850,0.3701907762
0.040200,0.888889,0.3406659392,0.3406658391
0.040200,0.898990,0.3107979718,0.3107978805
0.040200,0.909091,0.2806170571,0.2806169747
0.040200,0.919192,0.2501535848,0.2501535113
0.040200,0.929293,0.2194382291,0.2194381646
0.040200,0.939394,0.1885019177,0.1885018623
0.040200,0.949495,0.1573758008,0.1573757546
0.040200,0.959596,0.1260912199,0.1260911828
0.040200,0.969697,0.0946796758,0.0946796479
0.040200,0.979798,0.0631727972,0.0631727787
0.040200,0.989899,0.0316023090,0.0316022997
0.040200,1.000000,0.0000000000,0.0000000000
0.050200,0.000000,0.0000000000,0.0000000000
0.050200,0.010101,0.0315711365,0.0315711249
0.050200,0.020202,0.0631104835,0.0631104604
0.050200,0.030303,0.0945862837,0.0945862490
0.050200,0.040404,0.1259668434,0.1259667972
0.050200,0.050505,0.1572205653,0.1572205076
0.050200,0.060606,0.1883159793,0.1883159102
0.050200,0.070707,0.2192217751,0.2192216947
0.050200,0.080808,0.2499068332,0.2499067415
0.050200,0.090909,0.2803402563,0.2803401534
0.050200,0.101010,0.3104914005,0.3104912866
0.050200,0.111111,0.3403299062,0.3403297813
0.050200,0.121212,0.3698257285,0.3698255928
0.050200,0.131313,0.3989491676,0.3989490213
0.050200,0.141414,0.4276708988,0.4276707419
0.050200,0.151515,0.4559620016,0.4559618343
0.050200,0.161616,0.4837939893,0.4837938118
0.050200,0.171717,0.5111388375,0.5111386500
0.050200,0.181818,0.5379690122,0.5379688149
0.050200,0.191919,0.5642574978,0.5642572908
0.050200,0.202020,0.5899778238,0.5899776074
0.050200,0.212121,0.6151040922,0.6151038665
0.050200,0.222222,0.6396110029,0.6396107683
0.050200,0.232323,0.6634738795,0.6634736361
0.050200,0.242424,0.6866686942,0.6866684423
0.050200,0.252525,0.7091720918,0.7091718316
0.050200,0.262626,0.7309614131,0.7309611449
0.050200,0.272727,0.7520147183,0.7520144424
0.050200,0.282828,0.7723108083,0.7723105250
0.050200,0.292929,0.7918292469,0.7918289564
0.050200,0.303030,0.8105503805,0.8105500832
0.050200,0.313131,0.8284553586,0.8284550547
0.050200,0.323232,0.8455261524,0.8455258422
0.050200,0.333333,0.8617455730,0.8617452569
0.050200,0.343434,0.8770972889,0.8770969671
0.050200,0.353535,0.8915658422,0.8915655151
0.050200,0.363636,0.9051366642,0.9051363321
0.050200,0.373737,0.9177960903,0.9177957536
0.050200,0.383838,0.9295313736,0.9295310326
0.050200,0.393939,0.9403306976,0.9403303526
0.050200,0.404040,0.9501831882,0.9501828396
0.050200,0.414141,0.9590789250,0.9590785731
0.050200,0.424242,0.9670089505,0.9670085958
0.050200,0.434343,0.9739652800,0.9739649227
0.050200,0.444444,0.9799409091,0.9799405496
0.050200,0.454545,0.9849298207,0.9849294593
0.050200,0.464646,0.9889269914,0.9889266286
0.050200,0.474747,0.9919283965,0.9919280326
0.050200,0.484848,0.9939310138,0.9939306492
0.050200,0.494949,0.9949328269,0.9949324619
0.050200,0.505051,0.9949328269,0.9949324619
0.050200,0.515152,0.9939310138,0.9939306492
0.050200,0.525253,0.9919283965,0.9919280326
0.050200,0.535354,0.9889269914,0.9889266286
0.050200,0.545455,0.9849298207,0.9849294593
0.050200,0.555556,0.9799409091,0.9799405496
0.050200,0.565657,0.9739652800,0.9739649227
0.050200,0.575758,0.9670089505,0.9670085958
0.050200,0.585859,0.9590789250,0.9590785731
0.050200,0.595960,0.9501831882,0.9501828396
0.050200,0.606061,0.9403306976,0.9403303526
0.050200,0.616162,0.9295313736,0.9295310326
0.050200,0.626263,0.9177960903,0.9177957536
0.050200,0.636364,0.9051366642,0.9051363321
0.050200,0.646465,0.8915658422,0.8915655151
0.050200,0.656566,0.8770972889,0.8770969671
0.050200,0.666667,0.8617455730,0.8617452569
0.050200,0.676768,0.8455261524,0.8455258422
0.050200,0.686869,0.8284553586,0.8284550547
0.050200,0.696970,0.8105503805,0.8105500832
0.050200,0.707071,0.7918292469,0.7918289564
0.050200,0.717172,0.7723108083,0.7723105250
0.050200,0.727273,0.7520147183,0.7520144424
0.050200,0.737374,0.7309614131,0.7309611449
0.050200,0.747475,0.7091720918,0.7091718316
0.050200,0.757576,0.6866686942,0.6866684423
0.050200,0.767677,0.6634738795,0.6634736361
0.050200,0.777778,0.6396110029,0.6396107683
0.050200,0.787879,0.6151040922,0.6151038665
0.050200,0.797980,0.5899778238,0.5899776074
0.050200,0.808081,0.5642574978,0.5642572908
0.050200,0.818182,0.5379690122,0.5379688149
0.050200,0.828283,0.5111388375,0.5111386500
0.050200,0.838384,0.4837939893,0.4837938118
0.050200,0.848485,0.4559620016,0.4559618343
0.050200,0.858586,0.4276708988,0.4276707419
0.050200,0.868687,0.3989491676,0.3989490213
0.050200,0.878788,0.3698257285,0.3698255928
0.050200,0.888889,0.3403299062,0.3403297813
0.050200,0.898990,0.3104914005,0.3104912866
0.050200,0.909091,0.2803402563,0.2803401534
0.050200,0.919192,0.2499068332,0.2499067415
0.050200,0.929293,0.2192217751,0.2192216947
0.050200,0.939394,0.1883159793,0.1883159102
0.050200,0.949495,0.1572205653,0.1572205076
0.050200,0.959596,0.1259668434,0.1259667972
0.050200,0.969697,0.0945862837,0.0945862490
0.050200,0.979798,0.0631104835,0.0631104604
0.050200,0.989899,0.0315711365,0.0315711249
0.050200,1.000000,0.0000000000,0.0000000000
0.060200,0.000000,0.0000000000,0.0000000000
0.060200,0.010101,0.0315399947,0.0315399808
0.060200,0.020202,0.0630482313,0.0630482036
0.060200,0.030303,0.0944929837,0.0944929421
0.060200,0.040404,0.1258425897,0.1258425343
0.060200,0.050505,0.1570654828,0.1570654137
0.060200,0.060606,0.1881302243,0.1881301416
0.060200,0.070707,0.2190055346,0.2190054383
0.060200,0.080808,0.2496603250,0.2496602151
0.060200,0.090909,0.2800637285,0.2800636053
0.060200,0.101010,0.3101851316,0.3101849951
0.060200,0.111111,0.3399942046,0.3399940550
0.060200,0.121212,0.3694609322,0.3694607696
0.060200,0.131313,0.3985556439,0.3985554686
0.060200,0.141414,0.4272490440,0.4272488560
0.060200,0.151515,0.4555122404,0.4555120400
0.060200,0.161616,0.4833167747,0.4833165620
0.060200,0.171717,0.5106346499,0.5106344252
0.060200,0.181818,0.5374383593,0.5374381229
0.060200,0.191919,0.5637009139,0.5637006659
0.060200,0.202020,0.5893958694,0.5893956101
0.060200,0.212121,0.6144973532,0.6144970828
0.060200,0.222222,0.6389800903,0.6389798091
0.060200,0.232323,0.6628194285,0.6628191369
0.060200,0.242424,0.6859913639,0.6859910621
0.060200,0.252525,0.7084725640,0.7084722523
0.060200,0.262626,0.7302403924,0.7302400711
0.060200,0.272727,0.7512729305,0.7512726000
0.060200,0.282828,0.7715490005,0.7715486611
0.060200,0.292929,0.7910481861,0.7910478381
0.060200,0.303030,0.8097508532,0.8097504969
0.060200,0.313131,0.8276381698,0.8276378057
0.060200,0.323232,0.8446921250,0.8446917533
0.060200,0.333333,0.8608955467,0.8608951680
0.060200,0.343434,0.8762321197,0.8762317342
0.060200,0.353535,0.8906864011,0.8906860093
0.060200,0.363636,0.9042438369,0.9042434391
0.060200,0.373737,0.9168907758,0.9168903724
0.060200,0.383838,0.9286144833,0.9286140748
0.060200,0.393939,0.9394031548,0.9394027416
0.060200,0.404040,0.9492459270,0.9492455094
0.060200,0.414141,0.9581328890,0.9581324675
0.060200,0.424242,0.9660550924,0.9660546673
0.060200,0.434343,0.9730045601,0.9730041321
0.060200,0.444444,0.9789742948,0.9789738641
0.060200,0.454545,0.9839582854,0.9839578525
0.060200,0.464646,0.9879515133,0.9879510787
0.060200,0.474747,0.9909499578,0.9909495219
0.060200,0.484848,0.9929505997,0.9929501629
0.060200,0.494949,0.9939514246,0.9939509873
0.060200,0.505051,0.9939514246,0.9939509873
0.060200,0.515152,0.9929505997,0.9929501629
0.060200,0.525253,0.9909499578,0.9909495219
0.060200,0.535354,0.9879515133,0.9879510787
0.060200,0.545455,0.9839582854,0.9839578525
0.060200,0.555556,0.9789742948,0.9789738641
0.060200,0.565657,0.9730045601,0.9730041321
0.060200,0.575758,0.9660550924,0.9660546673
0.060200,0.585859,0.9581328890,0.9581324675
0.060200,0.595960,0.9492459270,0.9492455094
0.060200,0.606061,0.9394031548,0.9394027416
0.060200,0.616162,0.9286144833,0.9286140748
0.060200,0.626263,0.9168907758,0.9168903724
0.060200,0.636364,0.9042438369,0.9042434391
0.060200,0.646465,0.8906864011,0.8906860093
0.060200,0.656566,0.8762321197,0.8762317342
0.060200,0.666667,0.8608955467,0.8608951680
0.060200,0.676768,0.8446921250,0.8446917533
0.060200,0.686869,0.8276381698,0.8276378057
0.060200,0.696970,0.8097508532,0.8097504969
0.060200,0.707071,0.7910481861,0.7910478381
0.060200,0.717172,0.7715490005,0.7715486611
0.060200,0.727273,0.7512729305,0.7512726000
0.060200,0.737374,0.7302403924,0.7302400711
0.060200,0.747475,0.7084725640,0.7084722523
0.060200,0.757576,0.6859913639,0.6859910621
0.060200,0.767677,0.6628194285,0.6628191369
0.060200,0.777778,0.6389800903,0.6389798091
0.060200,0.787879,0.6144973532,0.6144970828
0.060200,0.797980,0.5893958694,0.5893956101
0.060200,0.808081,0.5637009139,0.5637006659
0.060200,0.818182,0.5374383593,0.5374381229
0.060200,0.828283,0.5106346499,0.5106344252
0.060200,0.838384,0.4833167747,0.4833165620
0.060200,0.848485,0.4555122404,0.4555120400
0.060200,0.858586,0.4272490440,0.4272488560
0.060200,0.868687,0.3985556439,0.3985554686
0.060200,0.878788,0.3694609322,0.3694607696
0.060200,0.888889,0.3399942046,0.3399940550
0.060200,0.898990,0.3101851316,0.3101849951
0.060200,0.909091,0.2800637285,0.2800636053
0.060200,0.919192,0.2496603250,0.2496602151
0.060200,0.929293,0.2190055346,0.2190054383
0.060200,0.939394,0.1881302243,0.1881301416
0.060200,0.949495,0.1570654828,0.1570654137
0.060200,0.959596,0.1258425897,0.1258425343
0.060200,0.969697,0.0944929837,0.0944929421
0.060200,0.979798,0.0630482313,0.0630482036
0.060200,0.989899,0.0315399947,0.0315399808
0.060200,1.000000,0.0000000000,0.0000000000
0.070200,0.000000,0.0000000000,0.0000000000
0.070200,0.010101,0.0315088836,0.0315088675
0.070200,0.020202,0.0629860405,0.0629860082
0.070200,0.030303,0.0943997758,0.0943997273
0.070200,0.040404,0.1257184585,0.1257183940
0.070200,0.050505,0.1569105533,0.1569104728
0.070200,0.060606,0.1879446526,0.1879445561
0.070200,0.070707,0.2187895075,0.2187893952
0.070200,0.080808,0.2494140599,0.2494139319
0.070200,0.090909,0.2797874735,0.2797873299
0.070200,0.101010,0.3098791648,0.3098790058
0.070200,0.111111,0.3396588341,0.3396586598
0.070200,0.121212,0.3690964957,0.3690963064
0.070200,0.131313,0.3981625084,0.3981623042
0.070200,0.141414,0.4268276053,0.4268273863
0.070200,0.151515,0.4550629229,0.4550626895
0.070200,0.161616,0.4828400307,0.4828397830
0.070200,0.171717,0.5101309596,0.5101306979
0.070200,0.181818,0.5369082298,0.5369079544
0.070200,0.191919,0.5631448790,0.5631445901
0.070200,0.202020,0.5888144889,0.5888141869
0.070200,0.212121,0.6138912127,0.6138908977
0.070200,0.222222,0.6383497999,0.6383494725
0.070200,0.232323,0.6621656231,0.6621652834
0.070200,0.242424,0.6853147016,0.6853143500
0.070200,0.252525,0.7077737263,0.7077733632
0.070200,0.262626,0.7295200828,0.7295197086
0.070200,0.272727,0.7505318745,0.7505314895
0.070200,0.282828,0.7707879442,0.7707875487
0.070200,0.292929,0.7902678957,0.7902674903
0.070200,0.303030,0.8089521145,0.8089516995
0.070200,0.313131,0.8268217871,0.8268213629
0.070200,0.323232,0.8438589202,0.8438584873
0.070200,0.333333,0.8600463589,0.8600459177
0.070200,0.343434,0.8753678038,0.8753673547
0.070200,0.353535,0.8898078276,0.8898073711
0.070200,0.363636,0.9033518903,0.9033514268
0.070200,0.373737,0.9159863542,0.9159858843
0.070200,0.383838,0.9276984975,0.9276980216
0.070200,0.393939,0.9384765271,0.9384760456
0.070200,0.404040,0.9483095903,0.9483091038
0.070200,0.414141,0.9571877862,0.9571872951
0.070200,0.424242,0.9651021751,0.9651016800
0.070200,0.434343,0.9720447879,0.9720442892
0.070200,0.444444,0.9780086340,0.9780081323
0.070200,0.454545,0.9829877084,0.9829872041
0.070200,0.464646,0.9869769974,0.9869764911
0.070200,0.474747,0.9899724842,0.9899719764
0.070200,0.484848,0.9919711527,0.9919706438
0.070200,0.494949,0.9929709903,0.9929704809
0.070200,0.505051,0.9929709903,0.9929704809
0.070200,0.515152,0.9919711527,0.9919706438
0.070200,0.525253,0.9899724842,0.9899719764
0.070200,0.535354,0.9869769974,0.9869764911
0.070200,0.545455,0.9829877084,0.9829872041
0.070200,0.555556,0.9780086340,0.9780081323
0.070200,0.565657,0.9720447879,0.9720442892
0.070200,0.575758,0.9651021751,0.9651016800
0.070200,0.585859,0.9571877862,0.9571872951
0.070200,0.595960,0.9483095903,0.9483091038
0.070200,0.606061,0.9384765271,0.9384760456
0.070200,0.616162,0.9276984975,0.9276980216
0.070200,0.626263,0.9159863542,0.9159858843
0.070200,0.636364,0.9033518903,0.9033514268
0.070200,0.646465,0.8898078276,0.8898073711
0.070200,0.656566,0.8753678038,0.8753673547
0.070200,0.666667,0.8600463589,0.8600459177
0.070200,0.676768,0.8438589202,0.8438584873
0.070200,0.686869,0.8268217871,0.8268213629
0.070200,0.696970,0.8089521145,0.8089516995
0.070200,0.707071,0.7902678957,0.7902674903
0.070200,0.717172,0.7707879442,0.7707875487
0.070200,0.727273,0.7505318745,0.7505314895
0.070200,0.737374,0.7295200828,0.7295197086
0.070200,0.747475,0.7077737263,0.7077733632
0.070200,0.757576,0.6853147016,0.6853143500
0.070200,0.767677,0.6621656231,0.6621652834
0.070200,0.777778,0.6383497999,0.6383494725
0.070200,0.787879,0.6138912127,0.6138908977
0.070200,0.797980,0.5888144889,0.5888141869
0.070200,0.808081,0.5631448790,0.5631445901
0.070200,0.818182,0.5369082298,0.5369079544
0.070200,0.828283,0.5101309596,0.5101306979
0.070200,0.838384,0.4828400307,0.4828397830
0.070200,0.848485,0.4550629229,0.4550626895
0.070200,0.858586,0.4268276053,0.4268273863
0.070200,0.868687,0.3981625084,0.3981623042
0.070200,0.878788,0.3690964957,0.3690963064
0.070200,0.888889,0.3396588341,0.3396586598
0.070200,0.898990,0.3098791648,0.3098790058
0.070200,0.909091,0.2797874735,0.2797873299
0.070200,0.919192,0.2494140599,0.2494139319
0.070200,0.929293,0.2187895075,0.2187893952
0.070200,0.939394,0.1879446526,0.1879445561
0.070200,0.949495,0.1569105533,0.1569104728
0.070200,0.959596,0.1257184585,0.1257183940
0.070200,0.969697,0.0943997758,0.0943997273
0.070200,0.979798,0.0629860405,0.0629860082
0.070200,0.989899,0.0315088836,0.0315088675
0.070200,1.000000,0.0000000000,0.0000000000
0.080200,0.000000,0.0000000000,0.0000000000
0.080200,0.010101,0.0314778033,0.0314777848
0.080200,0.020202,0.0629239110,0.0629238742
0.080200,0.030303,0.0943066598,0.0943066045
0.080200,0.040404,0.1255944497,0.1255943761
0.080200,0.050505,0.1567557767,0.1567556848
0.080200,0.060606,0.1877592639,0.1877591538
0.080200,0.070707,0.2185736934,0.2185735653
0.080200,0.080808,0.2491680377,0.2491678917
0.080200,0.090909,0.2795114910,0.2795113271
0.080200,0.101010,0.3095734998,0.3095733184
0.080200,0.111111,0.3393237944,0.3393235955
0.080200,0.121212,0.3687324187,0.3687322026
0.080200,0.131313,0.3977697607,0.3977695276
0.080200,0.141414,0.4264065823,0.4264063324
0.080200,0.151515,0.4546140486,0.4546137821
0.080200,0.161616,0.4823637571,0.4823634744
0.080200,0.171717,0.5096277661,0.5096274674
0.080200,0.181818,0.5363786232,0.5363783089
0.080200,0.191919,0.5625893925,0.5625890628
0.080200,0.202020,0.5882336820,0.5882333372
0.080200,0.212121,0.6132856700,0.6132853106
0.080200,0.222222,0.6377201314,0.6377197576
0.080200,0.232323,0.6615124626,0.6615120749
0.080200,0.242424,0.6846387068,0.6846383055
0.080200,0.252525,0.7070755779,0.7070751635
0.080200,0.262626,0.7288004838,0.7288000567
0.080200,0.272727,0.7497915494,0.7497911100
0.080200,0.282828,0.7700276385,0.7700271872
0.080200,0.292929,0.7894883750,0.7894879123
0.080200,0.303030,0.8081541637,0.8081536900
0.080200,0.313131,0.8260062096,0.8260057255
0.080200,0.323232,0.8430265373,0.8430260432
0.080200,0.333333,0.8591980087,0.8591975051
0.080200,0.343434,0.8745043405,0.8745038280
0.080200,0.353535,0.8889301207,0.8889295997
0.080200,0.363636,0.9024608235,0.9024602945
0.080200,0.373737,0.9150828248,0.9150822884
0.080200,0.383838,0.9267834152,0.9267828720
0.080200,0.393939,0.9375508133,0.9375502638
0.080200,0.404040,0.9473741772,0.9473736219
0.080200,0.414141,0.9562436156,0.9562430552
0.080200,0.424242,0.9641501978,0.9641496327
0.080200,0.434343,0.9710859624,0.9710853932
0.080200,0.444444,0.9770439258,0.9770433531
0.080200,0.454545,0.9820180887,0.9820175132
0.080200,0.464646,0.9860034427,0.9860028648
0.080200,0.474747,0.9889959748,0.9889953952
0.080200,0.484848,0.9909926718,0.9909920910
0.080200,0.494949,0.9919915232,0.9919909418
0.080200,0.505051,0.9919915232,0.9919909418
0.080200,0.515152,0.9909926718,0.9909920910
0.080200,0.525253,0.9889959748,0.9889953952
0.080200,0.535354,0.9860034427,0.9860028648
0.080200,0.545455,0.9820180887,0.9820175132
0.080200,0.555556,0.9770439258,0.9770433531
0.080200,0.565657,0.9710859624,0.9710853932
0.080200,0.575758,0.9641501978,0.9641496327
0.080200,0.585859,0.9562436156,0.9562430552
0.080200,0.595960,0.9473741772,0.9473736219
0.080200,0.606061,0.9375508133,0.9375502638
0.080200,0.616162,0.9267834152,0.9267828720
0.080200,0.626263,0.9150828248,0.9150822884
0.080200,0.636364,0.9024608235,0.9024602945
0.080200,0.646465,0.8889301207,0.8889295997
0.080200,0.656566,0.8745043405,0.8745038280
0.080200,0.666667,0.8591980087,0.8591975051
0.080200,0.676768,0.8430265373,0.8430260432
0.080200,0.686869,0.8260062096,0.8260057255
0.080200,0.696970,0.8081541637,0.8081536900
0.080200,0.707071,0.7894883750,0.7894879123
0.080200,0.717172,0.7700276385,0.7700271872
0.080200,0.727273,0.7497915494,0.7497911100
0.080200,0.737374,0.7288004838,0.7288000567
0.080200,0.747475,0.7070755779,0.7070751635
0.080200,0.757576,0.6846387068,0.6846383055
0.080200,0.767677,0.6615124626,0.6615120749
0.080200,0.777778,0.6377201314,0.6377197576
0.080200,0.787879,0.6132856700,0.6132853106
0.080200,0.797980,0.5882336820,0.5882333372
0.080200,0.808081,0.5625893925,0.5625890628
0.080200,0.818182,0.5363786232,0.5363783089
0.080200,0.828283,0.5096277661,0.5096274674
0.080200,0.838384,0.4823637571,0.4823634744
0.080200,0.848485,0.4546140486,0.4546137821
0.080200,0.858586,0.4264065823,0.4264063324
0.080200,0.868687,0.3977697607,0.3977695276
0.080200,0.878788,0.3687324187,0.3687322026
0.080200,0.888889,0.3393237944,0.3393235955
0.080200,0.898990,0.3095734998,0.3095733184
0.080200,0.909091,0.2795114910,0.2795113271
0.080200,0.919192,0.2491680377,0.2491678917
0.080200,0.929293,0.2185736934,0.2185735653
0.080200,0.939394,0.1877592639,0.1877591538
0.080200,0.949495,0.1567557767,0.1567556848
0.080200,0.959596,0.1255944497,0.1255943761
0.080200,0.969697,0.0943066598,0.0943066045
0.080200,0.979798,0.0629239110,0.0629238742
0.080200,0.989899,0.0314778033,0.0314777848
0.080200,1.000000,0.0000000000,0.0000000000
0.090200,0.000000,0.0000000000,0.0000000000
0.090200,0.010101,0.0314467535,0.0314467328
0.090200,0.020202,0.0628618429,0.0628618014
0.090200,0.030303,0.0942136356,0.0942135735
0.090200,0.040404,0.1254705633,0.1254704806
0.090200,0.050505,0.1566011527,0.1566010495
0.090200,0.060606,0.1875740580,0.1875739344
0.090200,0.070707,0.2183580922,0.2183579482
0.090200,0.080808,0.2489222582,0.2489220941
0.090200,0.090909,0.2792357807,0.2792355966
0.090200,0.101010,0.3092681364,0.3092679325
0.090200,0.111111,0.3389890852,0.3389888618
0.090200,0.121212,0.3683687009,0.3683684580
0.090200,0.131313,0.3973774004,0.3973771385
0.090200,0.141414,0.4259859746,0.4259856938
0.090200,0.151515,0.4541656170,0.4541653177
0.090200,0.161616,0.4818879532,0.4818876356
0.090200,0.171717,0.5091250690,0.5091247334
0.090200,0.181818,0.5358495391,0.5358491859
0.090200,0.191919,0.5620344541,0.5620340836
0.090200,0.202020,0.5876534480,0.5876530606
0.090200,0.212121,0.6126807247,0.6126803208
0.090200,0.222222,0.6370910839,0.6370906639
0.090200,0.232323,0.6608599463,0.6608595107
0.090200,0.242424,0.6839633788,0.6839629280
0.090200,0.252525,0.7063781182,0.7063776525
0.090200,0.262626,0.7280815946,0.7280811147
0.090200,0.272727,0.7490519546,0.7490514609
0.090200,0.282828,0.7692680828,0.7692675758
0.090200,0.292929,0.7887096233,0.7887091034
0.090200,0.303030,0.8073570000,0.8073564678
0.090200,0.313131,0.8251914366,0.8251908927
0.090200,0.323232,0.8421949754,0.8421944203
0.090200,0.333333,0.8583504953,0.8583499295
0.090200,0.343434,0.8736417290,0.8736411531
0.090200,0.353535,0.8880532795,0.8880526941
0.090200,0.363636,0.9015706356,0.9015700413
0.090200,0.373737,0.9141801866,0.9141795839
0.090200,0.383838,0.9258692355,0.9258686252
0.090200,0.393939,0.9366260127,0.9366253953
0.090200,0.404040,0.9464396868,0.9464390629
0.090200,0.414141,0.9553003764,0.9552997467
0.090200,0.424242,0.9631991595,0.9631985246
0.090200,0.434343,0.9701280827,0.9701274432
0.090200,0.444444,0.9760801691,0.9760795257
0.090200,0.454545,0.9810494256,0.9810487789
0.090200,0.464646,0.9850308484,0.9850301991
0.090200,0.474747,0.9880204287,0.9880197774
0.090200,0.484848,0.9900151561,0.9900145035
0.090200,0.494949,0.9910130222,0.9910123690
0.090200,0.505051,0.9910130222,0.9910123690
0.090200,0.515152,0.9900151561,0.9900145035
0.090200,0.525253,0.9880204287,0.9880197774
0.090200,0.535354,0.9850308484,0.9850301991
0.090200,0.545455,0.9810494256,0.9810487789
0.090200,0.555556,0.9760801691,0.9760795257
0.090200,0.565657,0.9701280827,0.9701274432
0.090200,0.575758,0.9631991595,0.9631985246
0.090200,0.585859,0.9553003764,0.9552997467
0.090200,0.595960,0.9464396868,0.9464390629
0.090200,0.606061,0.9366260127,0.9366253953
0.090200,0.616162,0.9258692355,0.9258686252
0.090200,0.626263,0.9141801866,0.9141795839
0.090200,0.636364,0.9015706356,0.9015700413
0.090200,0.646465,0.8880532795,0.8880526941
0.090200,0.656566,0.8736417290,0.8736411531
0.090200,0.666667,0.8583504953,0.8583499295
0.090200,0.676768,0.8421949754,0.8421944203
0.090200,0.686869,0.8251914366,0.8251908927
0.090200,0.696970,0.8073570000,0.8073564678
0.090200,0.707071,0.7887096233,0.7887091034
0.090200,0.717172,0.7692680828,0.7692675758
0.090200,0.727273,0.7490519546,0.7490514609
0.090200,0.737374,0.7280815946,0.7280811147
0.090200,0.747475,0.7063781182,0.7063776525
0.090200,0.757576,0.6839633788,0.6839629280
0.090200,0.767677,0.6608599463,0.6608595107
0.090200,0.777778,0.6370910839,0.6370906639
0.090200,0.787879,0.6126807247,0.6126803208
0.090200,0.797980,0.5876534480,0.5876530606
0.090200,0.808081,0.5620344541,0.5620340836
0.090200,0.818182,0.5358495391,0.5358491859
0.090200,0.828283,0.5091250690,0.5091247334
0.090200,0.838384,0.4818879532,0.4818876356
0.090200,0.848485,0.4541656170,0.4541653177
0.090200,0.858586,0.4259859746,0.4259856938
0.090200,0.868687,0.3973774004,0.3973771385
0.090200,0.878788,0.3683687009,0.3683684580
0.090200,0.888889,0.3389890852,0.3389888618
0.090200,0.898990,0.3092681364,0.3092679325
0.090200,0.909091,0.2792357807,0.2792355966
0.090200,0.919192,0.2489222582,0.2489220941
0.090200,0.929293,0.2183580922,0.2183579482
0.090200,0.939394,0.1875740580,0.1875739344
0.090200,0.949495,0.1566011527,0.1566010495
0.090200,0.959596,0.1254705633,0.1254704806
0.090200,0.969697,0.0942136356,0.0942135735
0.090200,0.979798,0.0628618429,0.0628618014
0.090200,0.989899,0.0314467535,0.0314467328
0.090200,1.000000,0.0000000000,0.0000000000
0.100200,0.000000,0.0000000000,0.0000000000
0.100200,0.010101,0.0314157344,0.0314157114
0.100200,0.020202,0.0627998359,0.0627997899
0.100200,0.030303,0.0941207033,0.0941206343
0.100200,0.040404,0.1253467990,0.1253467073
0.100200,0.050505,0.1564466812,0.1564465667
0.100200,0.060606,0.1873890349,0.1873888976
0.100200,0.070707,0.2181427036,0.2181425439
0.100200,0.080808,0.2486767212,0.2486765391
0.100200,0.090909,0.2789603423,0.2789601381
0.100200,0.101010,0.3089630741,0.3089628479
0.100200,0.111111,0.3386547062,0.3386544582
0.100200,0.121212,0.3680053418,0.3680050723
0.100200,0.131313,0.3969854271,0.3969851364
0.100200,0.141414,0.4255657818,0.4255654702
0.100200,0.151515,0.4537176278,0.4537172956
0.100200,0.161616,0.4814126187,0.4814122661
0.100200,0.171717,0.5086228678,0.5086224953
0.100200,0.181818,0.5353209768,0.5353205848
0.100200,0.191919,0.5614800630,0.5614796518
0.100200,0.202020,0.5870737863,0.5870733564
0.100200,0.212121,0.6120763761,0.6120759279
0.100200,0.222222,0.6364626569,0.6364621908
0.100200,0.232323,0.6602080737,0.6602075903
0.100200,0.242424,0.6832887170,0.6832882166
0.100200,0.252525,0.7056813464,0.7056808297
0.100200,0.262626,0.7273634145,0.7273628819
0.100200,0.272727,0.7483130894,0.7483125414
0.100200,0.282828,0.7685092764,0.7685087136
0.100200,0.292929,0.7879316397,0.7879310627
0.100200,0.303030,0.8065606226,0.8065600320
0.100200,0.313131,0.8243774673,0.8243768637
0.100200,0.323232,0.8413642339,0.8413636178
0.100200,0.333333,0.8575038179,0.8575031900
0.100200,0.343434,0.8727799683,0.8727793292
0.100200,0.353535,0.8871773033,0.8871766536
0.100200,0.363636,0.9006813259,0.9006806663
0.100200,0.373737,0.9132784387,0.9132777700
0.100200,0.383838,0.9249559576,0.9249552803
0.100200,0.393939,0.9357021243,0.9357014391
0.100200,0.404040,0.9455061182,0.9455054258
0.100200,0.414141,0.9543580676,0.9543573687
0.100200,0.424242,0.9622490593,0.9622483547
0.100200,0.434343,0.9691711478,0.9691704381
0.100200,0.444444,0.9751173631,0.9751166491
0.100200,0.454545,0.9800817179,0.9800810002
0.100200,0.464646,0.9840592134,0.9840584928
0.100200,0.474747,0.9870458448,0.9870451220
0.100200,0.484848,0.9890386046,0.9890378804
0.100200,0.494949,0.9900354865,0.9900347615
0.100200,0.505051,0.9900354865,0.9900347615
0.100200,0.515152,0.9890386046,0.9890378804
0.100200,0.525253,0.9870458448,0.9870451220
0.100200,0.535354,0.9840592134,0.9840584928
0.100200,0.545455,0.9800817179,0.9800810002
0.100200,0.555556,0.9751173631,0.9751166491
0.100200,0.565657,0.9691711478,0.9691704381
0.100200,0.575758,0.9622490593,0.9622483547
0.100200,0.585859,0.9543580676,0.9543573687
0.100200,0.595960,0.9455061182,0.9455054258
0.100200,0.606061,0.9357021243,0.9357014391
0.100200,0.616162,0.9249559576,0.9249552803
0.100200,0.626263,0.9132784387,0.9132777700
0.100200,0.636364,0.9006813259,0.9006806663
0.100200,0.646465,0.8871773033,0.8871766536
0.100200,0.656566,0.8727799683,0.8727793292
0.100200,0.666667,0.8575038179,0.8575031900
0.100200,0.676768,0.8413642339,0.8413636178
0.100200,0.686869,0.8243774673,0.8243768637
0.100200,0.696970,0.8065606226,0.8065600320
0.100200,0.707071,0.7879316397,0.7879310627
0.100200,0.717172,0.7685092764,0.7685087136
0.100200,0.727273,0.7483130894,0.7483125414
0.100200,0.737374,0.7273634145,0.7273628819
0.100200,0.747475,0.7056813464,0.7056808297
0.100200,0.757576,0.6832887170,0.6832882166
0.100200,0.767677,0.6602080737,0.6602075903
0.100200,0.777778,0.6364626569,0.6364621908
0.100200,0.787879,0.6120763761,0.6120759279
0.100200,0.797980,0.5870737863,0.5870733564
0.100200,0.808081,0.5614800630,0.5614796518
0.100200,0.818182,0.5353209768,0.5353205848
0.100200,0.828283,0.5086228678,0.5086224953
0.100200,0.838384,0.4814126187,0.4814122661
0.100200,0.848485,0.4537176278,0.4537172956
0.100200,0.858586,0.4255657818,0.4255654702
0.100200,0.868687,0.3969854271,0.3969851364
0.100200,0.878788,0.3680053418,0.3680050723
0.100200,0.888889,0.3386547062,0.3386544582
0.100200,0.898990,0.3089630741,0.3089628479
0.100200,0.909091,0.2789603423,0.2789601381
0.100200,0.919192,0.2486767212,0.2486765391
0.100200,0.929293,0.2181427036,0.2181425439
0.100200,0.939394,0.1873890349,0.1873888976
0.100200,0.949495,0.1564466812,0.1564465667
0.100200,0.959596,0.1253467990,0.1253467073
0.100200,0.969697,0.0941207033,0.0941206343
0.100200,0.979798,0.0627998359,0.0627997899
0.100200,0.989899,0.0314157344,0.0314157114
0.100200,1.000000,0.0000000000,0.0000000000
0.110200,0.000000,0.0000000000,0.0000000000
0.110200,0.010101,0.0313847459,0.0313847207
0.110200,0.020202,0.0627378901,0.0627378396
0.110200,0.030303,0.0940278626,0.0940277868
0.110200,0.040404,0.1252231569,0.1252230560
0.110200,0.050505,0.1562923621,0.1562922363
0.110200,0.060606,0.1872041942,0.1872040435
0.110200,0.070707,0.2179275275,0.2179273520
0.110200,0.080808,0.2484314263,0.2484312263
0.110200,0.090909,0.2786851757,0.2786849513
0.110200,0.101010,0.3086583128,0.3086580642
0.110200,0.111111,0.3383206570,0.3383203846
0.110200,0.121212,0.3676423411,0.3676420450
0.110200,0.131313,0.3965938405,0.3965935211
0.110200,0.141414,0.4251460035,0.4251456611
0.110200,0.151515,0.4532700805,0.4532697155
0.110200,0.161616,0.4809377530,0.4809373657
0.110200,0.171717,0.5081211619,0.5081207527
0.110200,0.181818,0.5347929359,0.5347925052
0.110200,0.191919,0.5609262187,0.5609257670
0.110200,0.202020,0.5864946964,0.5864942241
0.110200,0.212121,0.6114726236,0.6114721312
0.110200,0.222222,0.6358348498,0.6358343377
0.110200,0.232323,0.6595568441,0.6595563129
0.110200,0.242424,0.6826147206,0.6826141709
0.110200,0.252525,0.7049852619,0.7049846942
0.110200,0.262626,0.7266459429,0.7266453577
0.110200,0.272727,0.7475749530,0.7475743509
0.110200,0.282828,0.7677512184,0.7677506001
0.110200,0.292929,0.7871544235,0.7871537895
0.110200,0.303030,0.8057650308,0.8057643818
0.110200,0.313131,0.8235643010,0.8235636377
0.110200,0.323232,0.8405343117,0.8405336348
0.110200,0.333333,0.8566579757,0.8566572858
0.110200,0.343434,0.8719190577,0.8719183555
0.110200,0.353535,0.8863021911,0.8863014773
0.110200,0.363636,0.8997928933,0.8997921687
0.110200,0.373737,0.9123775804,0.9123768456
0.110200,0.383838,0.9240435806,0.9240428364
0.110200,0.393939,0.9347791472,0.9347783944
0.110200,0.404040,0.9445734704,0.9445727097
0.110200,0.414141,0.9534166883,0.9534159204
0.110200,0.424242,0.9612998963,0.9612991221
0.110200,0.434343,0.9682151569,0.9682143771
0.110200,0.444444,0.9741555068,0.9741547223
0.110200,0.454545,0.9791149647,0.9791141762
0.110200,0.464646,0.9830885369,0.9830877452
0.110200,0.474747,0.9860722222,0.9860714281
0.110200,0.484848,0.9880630164,0.9880622207
0.110200,0.494949,0.9890589149,0.9890581184
0.110200,0.505051,0.9890589149,0.9890581184
0.110200,0.515152,0.9880630164,0.9880622207
0.110200,0.525253,0.9860722222,0.9860714281
0.110200,0.535354,0.9830885369,0.9830877452
0.110200,0.545455,0.9791149647,0.9791141762
0.110200,0.555556,0.9741555068,0.9741547223
0.110200,0.565657,0.9682151569,0.9682143771
0.110200,0.575758,0.9612998963,0.9612991221
0.110200,0.585859,0.9534166883,0.9534159204
0.110200,0.595960,0.9445734704,0.9445727097
0.110200,0.606061,0.9347791472,0.9347783944
0.110200,0.616162,0.9240435806,0.9240428364
0.110200,0.626263,0.9123775804,0.9123768456
0.110200,0.636364,0.8997928933,0.8997921687
0.110200,0.646465,0.8863021911,0.8863014773
0.110200,0.656566,0.8719190577,0.8719183555
0.110200,0.666667,0.8566579757,0.8566572858
0.110200,0.676768,0.8405343117,0.8405336348
0.110200,0.686869,0.8235643010,0.8235636377
0.110200,0.696970,0.8057650308,0.8057643818
0.110200,0.707071,0.7871544235,0.7871537895
0.110200,0.717172,0.7677512184,0.7677506001
0.110200,0.727273,0.7475749530,0.7475743509
0.110200,0.737374,0.7266459429,0.7266453577
0.110200,0.747475,0.7049852619,0.7049846942
0.110200,0.757576,0.6826147206,0.6826141709
0.110200,0.767677,0.6595568441,0.6595563129
0.110200,0.777778,0.6358348498,0.6358343377
0.110200,0.787879,0.6114726236,0.6114721312
0.110200,0.797980,0.5864946964,0.5864942241
0.110200,0.808081,0.5609262187,0.5609257670
0.110200,0.818182,0.5347929359,0.5347925052
0.110200,0.828283,0.5081211619,0.5081207527
0.110200,0.838384,0.4809377530,0.4809373657
0.110200,0.848485,0.4532700805,0.4532697155
0.110200,0.858586,0.4251460035,0.4251456611
0.110200,0.868687,0.3965938405,0.3965935211
0.110200,0.878788,0.3676423411,0.3676420450
0.110200,0.888889,0.3383206570,0.3383203846
0.110200,0.898990,0.3086583128,0.3086580642
0.110200,0.909091,0.2786851757,0.2786849513
0.110200,0.919192,0.2484314263,0.2484312263
0.110200,0.929293,0.2179275275,0.2179273520
0.110200,0.939394,0.1872041942,0.1872040435
0.110200,0.949495,0.1562923621,0.1562922363
0.110200,0.959596,0.1252231569,0.1252230560
0.110200,0.969697,0.0940278626,0.0940277868
0.110200,0.979798,0.0627378901,0.0627378396
0.110200,0.989899,0.0313847459,0.0313847207
0.110200,1.000000,0.0000000000,0.0000000000
0.120200,0.000000,0.0000000000,0.0000000000
0.120200,0.010101,0.0313537880,0.0313537605
0.120200,0.020202,0.0626760054,0.0626759504
0.120200,0.030303,0.0939351134,0.0939350309
0.120200,0.040404,0.1250996367,0.1250995268
0.120200,0.050505,0.1561381953,0.1561380581
0.120200,0.060606,0.1870195359,0.1870193716
0.120200,0.070707,0.2177125637,0.2177123725
0.120200,0.080808,0.2481863734,0.2481861554
0.120200,0.090909,0.2784102805,0.2784100359
0.120200,0.101010,0.3083538520,0.3083535812
0.120200,0.111111,0.3379869374,0.3379866405
0.120200,0.121212,0.3672796985,0.3672793759
0.120200,0.131313,0.3962026401,0.3962022921
0.120200,0.141414,0.4247266392,0.4247262662
0.120200,0.151515,0.4528229747,0.4528225769
0.120200,0.161616,0.4804633557,0.4804629337
0.120200,0.171717,0.5076199509,0.5076195050
0.120200,0.181818,0.5342654159,0.5342649465
0.120200,0.191919,0.5603729208,0.5603724286
0.120200,0.202020,0.5859161777,0.5859156630
0.120200,0.212121,0.6108694667,0.6108689301
0.120200,0.222222,0.6352076619,0.6352071039
0.120200,0.232323,0.6589062569,0.6589056781
0.120200,0.242424,0.6819413891,0.6819407900
0.120200,0.252525,0.7042898641,0.7042892454
0.120200,0.262626,0.7259291789,0.7259285413
0.120200,0.272727,0.7468375446,0.7468368886
0.120200,0.282828,0.7669939082,0.7669932344
0.120200,0.292929,0.7863779739,0.7863772832
0.120200,0.303030,0.8049702237,0.8049695166
0.120200,0.313131,0.8227519367,0.8227512140
0.120200,0.323232,0.8397052082,0.8397044706
0.120200,0.333333,0.8558129678,0.8558122160
0.120200,0.343434,0.8710589962,0.8710582311
0.120200,0.353535,0.8854279421,0.8854271643
0.120200,0.363636,0.8989053371,0.8989045475
0.120200,0.373737,0.9114776106,0.9114768100
0.120200,0.383838,0.9231321035,0.9231312926
0.120200,0.393939,0.9338570805,0.9338562602
0.120200,0.404040,0.9436417426,0.9436409137
0.120200,0.414141,0.9524762375,0.9524754008
0.120200,0.424242,0.9603516696,0.9603508260
0.120200,0.434343,0.9672601089,0.9672592592
0.120200,0.444444,0.9731945993,0.9731937444
0.120200,0.454545,0.9781491652,0.9781483060
0.120200,0.464646,0.9821188178,0.9821179551
0.120200,0.474747,0.9850995600,0.9850986947
0.120200,0.484848,0.9870883905,0.9870875234
0.120200,0.494949,0.9880833067,0.9880824387
0.120200,0.505051,0.9880833067,0.9880824387
0.120200,0.515152,0.9870883905,0.9870875234
0.120200,0.525253,0.9850995600,0.9850986947
0.120200,0.535354,0.9821188178,0.9821179551
0.120200,0.545455,0.9781491652,0.9781483060
0.120200,0.555556,0.9731945993,0.9731937444
0.120200,0.565657,0.9672601089,0.9672592592
0.120200,0.575758,0.9603516696,0.9603508260
0.120200,0.585859,0.9524762375,0.9524754008
0.120200,0.595960,0.9436417426,0.9436409137
0.120200,0.606061,0.9338570805,0.9338562602
0.120200,0.616162,0.9231321035,0.9231312926
0.120200,0.626263,0.9114776106,0.9114768100
0.120200,0.636364,0.8989053371,0.8989045475
0.120200,0.646465,0.8854279421,0.8854271643
0.120200,0.656566,0.8710589962,0.8710582311
0.120200,0.666667,0.8558129678,0.8558122160
0.120200,0.676768,0.8397052082,0.8397044706
0.120200,0.686869,0.8227519367,0.8227512140
0.120200,0.696970,0.8049702237,0.8049695166
0.120200,0.707071,0.7863779739,0.7863772832
0.120200,0.717172,0.7669939082,0.7669932344
0.120200,0.727273,0.7468375446,0.7468368886
0.120200,0.737374,0.7259291789,0.7259285413
0.120200,0.747475,0.7042898641,0.7042892454
0.120200,0.757576,0.6819413891,0.6819407900
0.120200,0.767677,0.6589062569,0.6589056781
0.120200,0.777778,0.6352076619,0.6352071039
0.120200,0.787879,0.6108694667,0.6108689301
0.120200,0.797980,0.5859161777,0.5859156630
0.120200,0.808081,0.5603729208,0.5603724286
0.120200,0.818182,0.5342654159,0.5342649465
0.120200,0.828283,0.5076199509,0.5076195050
0.120200,0.838384,0.4804633557,0.4804629337
0.120200,0.848485,0.4528229747,0.4528225769
0.120200,0.858586,0.4247266392,0.4247262662
0.120200,0.868687,0.3962026401,0.3962022921
0.120200,0.878788,0.3672796985,0.3672793759
0.120200,0.888889,0.3379869374,0.3379866405
0.120200,0.898990,0.3083538520,0.3083535812
0.120200,0.909091,0.2784102805,0.2784100359
0.120200,0.919192,0.2481863734,0.2481861554
0.120200,0.929293,0.2177125637,0.2177123725
0.120200,0.939394,0.1870195359,0.1870193716
0.120200,0.949495,0.1561381953,0.1561380581
0.120200,0.959596,0.1250996367,0.1250995268
0.120200,0.969697,0.0939351134,0.0939350309
0.120200,0.979798,0.0626760054,0.0626759504
0.120200,0.989899,0.0313537880,0.0313537605
0.120200,1.000000,0.0000000000,0.0000000000
0.130200,0.000000,0.0000000000,0.0000000000
0.130200,0.010101,0.0313228606,0.0313228308
0.130200,0.020202,0.0626141818,0.0626141222
0.130200,0.030303,0.0938424558,0.0938423665
0.130200,0.040404,0.1249762384,0.1249761194
0.130200,0.050505,0.1559841805,0.1559840320
0.130200,0.060606,0.1868350597,0.1868348820
0.130200,0.070707,0.2174978119,0.2174976050
0.130200,0.080808,0.2479415623,0.2479413263
0.130200,0.090909,0.2781356565,0.2781353918
0.130200,0.101010,0.3080496916,0.3080493985
0.130200,0.111111,0.3376535469,0.3376532256
0.130200,0.121212,0.3669174136,0.3669170645
0.130200,0.131313,0.3958118256,0.3958114490
0.130200,0.141414,0.4243076887,0.4243072849
0.130200,0.151515,0.4523763098,0.4523758794
0.130200,0.161616,0.4799894264,0.4799889697
0.130200,0.171717,0.5071192343,0.5071187518
0.130200,0.181818,0.5337384162,0.5337379083
0.130200,0.191919,0.5598201686,0.5598196360
0.130200,0.202020,0.5853382297,0.5853376727
0.130200,0.212121,0.6102669047,0.6102663241
0.130200,0.222222,0.6345810927,0.6345804889
0.130200,0.232323,0.6582563114,0.6582556850
0.130200,0.242424,0.6812687217,0.6812680735
0.130200,0.252525,0.7035951522,0.7035944827
0.130200,0.262626,0.7252131220,0.7252124319
0.130200,0.272727,0.7461008636,0.7461001537
0.130200,0.282828,0.7662373450,0.7662366159
0.130200,0.292929,0.7856022903,0.7856015428
0.130200,0.303030,0.8041762006,0.8041754355
0.130200,0.313131,0.8219403737,0.8219395916
0.130200,0.323232,0.8388769225,0.8388761243
0.130200,0.333333,0.8549687934,0.8549679799
0.130200,0.343434,0.8701997832,0.8701989552
0.130200,0.353535,0.8845545555,0.8845537139
0.130200,0.363636,0.8980186564,0.8980178019
0.130200,0.373737,0.9105785286,0.9105776622
0.130200,0.383838,0.9222215254,0.9222206479
0.130200,0.393939,0.9329359234,0.9329350357
0.130200,0.404040,0.9427109339,0.9427100369
0.130200,0.414141,0.9515367144,0.9515358090
0.130200,0.424242,0.9594043782,0.9594034653
0.130200,0.434343,0.9663060030,0.9663050836
0.130200,0.444444,0.9722346396,0.9722337145
0.130200,0.454545,0.9771843183,0.9771833885
0.130200,0.464646,0.9811500553,0.9811491217
0.130200,0.474747,0.9841278573,0.9841269209
0.130200,0.484848,0.9861147260,0.9861137877
0.130200,0.494949,0.9871086607,0.9871077215
0.130200,0.505051,0.9871086607,0.9871077215
0.130200,0.515152,0.9861147260,0.9861137877
0.130200,0.525253,0.9841278573,0.9841269209
0.130200,0.535354,0.9811500553,0.9811491217
0.130200,0.545455,0.9771843183,0.9771833885
0.130200,0.555556,0.9722346396,0.9722337145
0.130200,0.565657,0.9663060030,0.9663050836
0.130200,0.575758,0.9594043782,0.9594034653
0.130200,0.585859,0.9515367144,0.9515358090
0.130200,0.595960,0.9427109339,0.9427100369
0.130200,0.606061,0.9329359234,0.9329350357
0.130200,0.616162,0.9222215254,0.9222206479
0.130200,0.626263,0.9105785286,0.9105776622
0.130200,0.636364,0.8980186564,0.8980178019
0.130200,0.646465,0.8845545555,0.8845537139
0.130200,0.656566,0.8701997832,0.8701989552
0.130200,0.666667,0.8549687934,0.8549679799
0.130200,0.676768,0.8388769225,0.8388761243
0.130200,0.686869,0.8219403737,0.8219395916
0.130200,0.696970,0.8041762006,0.8041754355
0.130200,0.707071,0.7856022903,0.7856015428
0.130200,0.717172,0.7662373450,0.7662366159
0.130200,0.727273,0.7461008636,0.7461001537
0.130200,0.737374,0.7252131220,0.7252124319
0.130200,0.747475,0.7035951522,0.7035944827
0.130200,0.757576,0.6812687217,0.6812680735
0.130200,0.767677,0.6582563114,0.6582556850
0.130200,0.777778,0.6345810927,0.6345804889
0.130200,0.787879,0.6102669047,0.6102663241
0.130200,0.797980,0.5853382297,0.5853376727
0.130200,0.808081,0.5598201686,0.5598196360
0.130200,0.818182,0.5337384162,0.5337379083
0.130200,0.828283,0.5071192343,0.5071187518
0.130200,0.838384,0.4799894264,0.4799889697
0.130200,0.848485,0.4523763098,0.4523758794
0.130200,0.858586,0.4243076887,0.4243072849
0.130200,0.868687,0.3958118256,0.3958114490
0.130200,0.878788,0.3669174136,0.3669170645
0.130200,0.888889,0.3376535469,0.3376532256
0.130200,0.898990,0.3080496916,0.3080493985
0.130200,0.909091,0.2781356565,0.2781353918
0.130200,0.919192,0.2479415623,0.2479413263
0.130200,0.929293,0.2174978119,0.2174976050
0.130200,0.939394,0.1868350597,0.1868348820
0.130200,0.949495,0.1559841805,0.1559840320
0.130200,0.959596,0.1249762384,0.1249761194
0.130200,0.969697,0.0938424558,0.0938423665
0.130200,0.979798,0.0626141818,0.0626141222
0.130200,0.989899,0.0313228606,0.0313228308
0.130200,1.000000,0.0000000000,0.0000000000
0.140200,0.000000,0.0000000000,0.0000000000
0.140200,0.010101,0.0312919637,0.0312919317
0.140200,0.020202,0.0625524191,0.0625523550
0.140200,0.030303,0.0937498895,0.0937497935
0.140200,0.040404,0.1248529617,0.1248528338
0.140200,0.050505,0.1558303176,0.1558301579
0.140200,0.060606,0.1866507655,0.1866505743
0.140200,0.070707,0.2172832720,0.2172830493
0.140200,0.080808,0.2476969926,0.2476967388
0.140200,0.090909,0.2778613033,0.2778610186
0.140200,0.101010,0.3077458312,0.3077455159
0.140200,0.111111,0.3373204852,0.3373201396
0.140200,0.121212,0.3665554861,0.3665551105
0.140200,0.131313,0.3954213966,0.3954209915
0.140200,0.141414,0.4238891513,0.4238887170
0.140200,0.151515,0.4519300856,0.4519296226
0.140200,0.161616,0.4795159646,0.4795154733
0.140200,0.171717,0.5066190116,0.5066184926
0.140200,0.181818,0.5332119363,0.5332113900
0.140200,0.191919,0.5592679617,0.5592673887
0.140200,0.202020,0.5847608517,0.5847602526
0.140200,0.212121,0.6096649371,0.6096643125
0.140200,0.222222,0.6339551416,0.6339544921
0.140200,0.232323,0.6576070070,0.6576063332
0.140200,0.242424,0.6805967179,0.6805960205
0.140200,0.252525,0.7029011255,0.7029004054
0.140200,0.262626,0.7244977714,0.7244970291
0.140200,0.272727,0.7453649093,0.7453641457
0.140200,0.282828,0.7654815280,0.7654807437
0.140200,0.292929,0.7848273717,0.7848265676
0.140200,0.303030,0.8033829608,0.8033821376
0.140200,0.313131,0.8211296113,0.8211287700
0.140200,0.323232,0.8380494539,0.8380485952
0.140200,0.333333,0.8541254517,0.8541245766
0.140200,0.343434,0.8693414176,0.8693405269
0.140200,0.353535,0.8836820304,0.8836811250
0.140200,0.363636,0.8971328503,0.8971319311
0.140200,0.373737,0.9096803335,0.9096794014
0.140200,0.383838,0.9213118456,0.9213109017
0.140200,0.393939,0.9320156749,0.9320147199
0.140200,0.404040,0.9417810433,0.9417800784
0.140200,0.414141,0.9505981181,0.9505971441
0.140200,0.424242,0.9584580212,0.9584570391
0.140200,0.434343,0.9653528382,0.9653518491
0.140200,0.444444,0.9712756268,0.9712746317
0.140200,0.454545,0.9762204232,0.9762194230
0.140200,0.464646,0.9801822483,0.9801812441
0.140200,0.474747,0.9831571130,0.9831561057
0.140200,0.484848,0.9851420219,0.9851410125
0.140200,0.494949,0.9861349762,0.9861339658
0.140200,0.505051,0.9861349762,0.9861339658
0.140200,0.515152,0.9851420219,0.9851410125
0.140200,0.525253,0.9831571130,0.9831561057
0.140200,0.535354,0.9801822483,0.9801812441
0.140200,0.545455,0.9762204232,0.9762194230
0.140200,0.555556,0.9712756268,0.9712746317
0.140200,0.565657,0.9653528382,0.9653518491
0.140200,0.575758,0.9584580212,0.9584570391
0.140200,0.585859,0.9505981181,0.9505971441
0.140200,0.595960,0.9417810433,0.9417800784
0.140200,0.606061,0.9320156749,0.9320147199
0.140200,0.616162,0.9213118456,0.9213109017
0.140200,0.626263,0.9096803335,0.9096794014
0.140200,0.636364,0.8971328503,0.8971319311
0.140200,0.646465,0.8836820304,0.8836811250
0.140200,0.656566,0.8693414176,0.8693405269
0.140200,0.666667,0.8541254517,0.8541245766
0.140200,0.676768,0.8380494539,0.8380485952
0.140200,0.686869,0.8211296113,0.8211287700
0.140200,0.696970,0.8033829608,0.8033821376
0.140200,0.707071,0.7848273717,0.7848265676
0.140200,0.717172,0.7654815280,0.7654807437
0.140200,0.727273,0.7453649093,0.7453641457
0.140200,0.737374,0.7244977714,0.7244970291
0.140200,0.747475,0.7029011255,0.7029004054
0.140200,0.757576,0.6805967179,0.6805960205
0.140200,0.767677,0.6576070070,0.6576063332
0.140200,0.777778,0.6339551416,0.6339544921
0.140200,0.787879,0.6096649371,0.6096643125
0.140200,0.797980,0.5847608517,0.5847602526
0.140200,0.808081,0.5592679617,0.5592673887
0.140200,0.818182,0.5332119363,0.5332113900
0.140200,0.828283,0.5066190116,0.5066184926
0.140200,0.838384,0.4795159646,0.4795154733
0.140200,0.848485,0.4519300856,0.4519296226
0.140200,0.858586,0.4238891513,0.4238887170
0.140200,0.868687,0.3954213966,0.3954209915
0.140200,0.878788,0.3665554861,0.3665551105
0.140200,0.888889,0.3373204852,0.3373201396
0.140200,0.898990,0.3077458312,0.3077455159
0.140200,0.909091,0.2778613033,0.2778610186
0.140200,0.919192,0.2476969926,0.2476967388
0.140200,0.929293,0.2172832720,0.2172830493
0.140200,0.939394,0.1866507655,0.1866505743
0.140200,0.949495,0.1558303176,0.1558301579
0.140200,0.959596,0.1248529617,0.1248528338
0.140200,0.969697,0.0937498895,0.0937497935
0.140200,0.979798,0.0625524191,0.0625523550
0.140200,0.989899,0.0312919637,0.0312919317
0.140200,1.000000,0.0000000000,0.0000000000
0.150200,0.000000,0.0000000000,0.0000000000
0.150200,0.010101,0.0312610973,0.0312610630
0.150200,0.020202,0.0624907174,0.0624906488
0.150200,0.030303,0.0936574146,0.0936573118
0.150200,0.040404,0.1247298067,0.1247296698
0.150200,0.050505,0.1556766065,0.1556764356
0.150200,0.060606,0.1864666531,0.1864664484
0.150200,0.070707,0.2170689436,0.2170687054
0.150200,0.080808,0.2474526641,0.2474523925
0.150200,0.090909,0.2775872207,0.2775869160
0.150200,0.101010,0.3074422706,0.3074419331
0.150200,0.111111,0.3369877521,0.3369873822
0.150200,0.121212,0.3661939155,0.3661935136
0.150200,0.131313,0.3950313527,0.3950309191
0.150200,0.141414,0.4234710268,0.4234705620
0.150200,0.151515,0.4514843015,0.4514838059
0.150200,0.161616,0.4790429698,0.4790424439
0.150200,0.171717,0.5061192824,0.5061187268
0.150200,0.181818,0.5326859757,0.5326853910
0.150200,0.191919,0.5587162995,0.5587156862
0.150200,0.202020,0.5841840433,0.5841834021
0.150200,0.212121,0.6090635633,0.6090628947
0.150200,0.222222,0.6333298079,0.6333291127
0.150200,0.232323,0.6569583431,0.6569576220
0.150200,0.242424,0.6799253769,0.6799246306
0.150200,0.252525,0.7022077835,0.7022070127
0.150200,0.262626,0.7237831264,0.7237823319
0.150200,0.272727,0.7446296810,0.7446288636
0.150200,0.282828,0.7647264566,0.7647256172
0.150200,0.292929,0.7840532176,0.7840523570
0.150200,0.303030,0.8025905034,0.8025896224
0.150200,0.313131,0.8203196486,0.8203187482
0.150200,0.323232,0.8372228014,0.8372218825
0.150200,0.333333,0.8532829419,0.8532820053
0.150200,0.343434,0.8684838988,0.8684829455
0.150200,0.353535,0.8828103660,0.8828093969
0.150200,0.363636,0.8962479180,0.8962469342
0.150200,0.373737,0.9087830243,0.9087820267
0.150200,0.383838,0.9204030631,0.9204020528
0.150200,0.393939,0.9310963341,0.9310953121
0.150200,0.404040,0.9408520700,0.9408510373
0.150200,0.414141,0.9496604476,0.9496594052
0.150200,0.424242,0.9575125976,0.9575115466
0.150200,0.434343,0.9644006137,0.9643995551
0.150200,0.444444,0.9703175600,0.9703164949
0.150200,0.454545,0.9752574788,0.9752564083
0.150200,0.464646,0.9792153960,0.9792143212
0.150200,0.474747,0.9821873263,0.9821862482
0.150200,0.484848,0.9841702773,0.9841691970
0.150200,0.494949,0.9851622521,0.9851611708
0.150200,0.505051,0.9851622521,0.9851611708
0.150200,0.515152,0.9841702773,0.9841691970
0.150200,0.525253,0.9821873263,0.9821862482
0.150200,0.535354,0.9792153960,0.9792143212
0.150200,0.545455,0.9752574788,0.9752564083
0.150200,0.555556,0.9703175600,0.9703164949
0.150200,0.565657,0.9644006137,0.9643995551
0.150200,0.575758,0.9575125976,0.9575115466
0.150200,0.585859,0.9496604476,0.9496594052
0.150200,0.595960,0.9408520700,0.9408510373
0.150200,0.606061,0.9310963341,0.9310953121
0.150200,0.616162,0.9204030631,0.9204020528
0.150200,0.626263,0.9087830243,0.9087820267
0.150200,0.636364,0.8962479180,0.8962469342
0.150200,0.646465,0.8828103660,0.8828093969
0.150200,0.656566,0.8684838988,0.8684829455
0.150200,0.666667,0.8532829419,0.8532820053
0.150200,0.676768,0.8372228014,0.8372218825
0.150200,0.686869,0.8203196486,0.8203187482
0.150200,0.696970,0.8025905034,0.8025896224
0.150200,0.707071,0.7840532176,0.7840523570
0.150200,0.717172,0.7647264566,0.7647256172
0.150200,0.727273,0.7446296810,0.7446288636
0.150200,0.737374,0.7237831264,0.7237823319
0.150200,0.747475,0.7022077835,0.7022070127
0.150200,0.757576,0.6799253769,0.6799246306
0.150200,0.767677,0.6569583431,0.6569576220
0.150200,0.777778,0.6333298079,0.6333291127
0.150200,0.787879,0.6090635633,0.6090628947
0.150200,0.797980,0.5841840433,0.5841834021
0.150200,0.808081,0.5587162995,0.5587156862
0.150200,0.818182,0.5326859757,0.5326853910
0.150200,0.828283,0.5061192824,0.5061187268
0.150200,0.838384,0.4790429698,0.4790424439
0.150200,0.848485,0.4514843015,0.4514838059
0.150200,0.858586,0.4234710268,0.4234705620
0.150200,0.868687,0.3950313527,0.3950309191
0.150200,0.878788,0.3661939155,0.3661935136
0.150200,0.888889,0.3369877521,0.3369873822
0.150200,0.898990,0.3074422706,0.3074419331
0.150200,0.909091,0.2775872207,0.2775869160
0.150200,0.919192,0.2474526641,0.2474523925
0.150200,0.929293,0.2170689436,0.2170687054
0.150200,0.939394,0.1864666531,0.1864664484
0.150200,0.949495,0.1556766065,0.1556764356
0.150200,0.959596,0.1247298067,0.1247296698
0.150200,0.969697,0.0936574146,0.0936573118
0.150200,0.979798,0.0624907174,0.0624906488
0.150200,0.989899,0.0312610973,0.0312610630
0.150200,1.000000,0.0000000000,0.0000000000
0.160200,0.000000,0.0000000000,0.0000000000
0.160200,0.010101,0.0312302614,0.0312302248
0.160200,0.020202,0.0624290765,0.0624290034
0.160200,0.030303,0.0935650309,0.0935649213
0.160200,0.040404,0.1246067731,0.1246066273
0.160200,0.050505,0.1555230470,0.1555228649
0.160200,0.060606,0.1862827223,0.1862825042
0.160200,0.070707,0.2168548267,0.2168545728
0.160200,0.080808,0.2472085767,0.2472082873
0.160200,0.090909,0.2773134086,0.2773130839
0.160200,0.101010,0.3071390094,0.3071386498
0.160200,0.111111,0.3366553472,0.3366549531
0.160200,0.121212,0.3658327017,0.3658322734
0.160200,0.131313,0.3946416936,0.3946412316
0.160200,0.141414,0.4230533148,0.4230528195
0.160200,0.151515,0.4510389572,0.4510384291
0.160200,0.161616,0.4785704415,0.4785698812
0.160200,0.171717,0.5056200460,0.5056194541
0.160200,0.181818,0.5321605340,0.5321599110
0.160200,0.191919,0.5581651814,0.5581645280
0.160200,0.202020,0.5836078038,0.5836071206
0.160200,0.212121,0.6084627827,0.6084620703
0.160200,0.222222,0.6327050910,0.6327043503
0.160200,0.232323,0.6563103190,0.6563095506
0.160200,0.242424,0.6792546981,0.6792539029
0.160200,0.252525,0.7015151253,0.7015143041
0.160200,0.262626,0.7230691863,0.7230683398
0.160200,0.272727,0.7438951779,0.7438943070
0.160200,0.282828,0.7639721301,0.7639712356
0.160200,0.292929,0.7832798271,0.7832789100
0.160200,0.303030,0.8017988277,0.8017978890
0.160200,0.313131,0.8195104848,0.8195095254
0.160200,0.323232,0.8363969644,0.8363959852
0.160200,0.333333,0.8524412631,0.8524402652
0.160200,0.343434,0.8676272258,0.8676262100
0.160200,0.353535,0.8819395613,0.8819385288
0.160200,0.363636,0.8953638585,0.8953628103
0.160200,0.373737,0.9078866002,0.9078855373
0.160200,0.383838,0.9194951770,0.9194941005
0.160200,0.393939,0.9301779002,0.9301768112
0.160200,0.404040,0.9399240130,0.9399229126
0.160200,0.414141,0.9487237020,0.9487225913
0.160200,0.424242,0.9565681067,0.9565669868
0.160200,0.434343,0.9634493284,0.9634482004
0.160200,0.444444,0.9693604382,0.9693593034
0.160200,0.454545,0.9742954843,0.9742943437
0.160200,0.464646,0.9782494974,0.9782483521
0.160200,0.474747,0.9812184962,0.9812173475
0.160200,0.484848,0.9831994912,0.9831983401
0.160200,0.494949,0.9841904876,0.9841893353
0.160200,0.505051,0.9841904876,0.9841893353
0.160200,0.515152,0.9831994912,0.9831983401
0.160200,0.525253,0.9812184962,0.9812173475
0.160200,0.535354,0.9782494974,0.9782483521
0.160200,0.545455,0.9742954843,0.9742943437
0.160200,0.555556,0.9693604382,0.9693593034
0.160200,0.565657,0.9634493284,0.9634482004
0.160200,0.575758,0.9565681067,0.9565669868
0.160200,0.585859,0.9487237020,0.9487225913
0.160200,0.595960,0.9399240130,0.9399229126
0.160200,0.606061,0.9301779002,0.9301768112
0.160200,0.616162,0.9194951770,0.9194941005
0.160200,0.626263,0.9078866002,0.9078855373
0.160200,0.636364,0.8953638585,0.8953628103
0.160200,0.646465,0.8819395613,0.8819385288
0.160200,0.656566,0.8676272258,0.8676262100
0.160200,0.666667,0.8524412631,0.8524402652
0.160200,0.676768,0.8363969644,0.8363959852
0.160200,0.686869,0.8195104848,0.8195095254
0.160200,0.696970,0.8017988277,0.8017978890
0.160200,0.707071,0.7832798271,0.7832789100
0.160200,0.717172,0.7639721301,0.7639712356
0.160200,0.727273,0.7438951779,0.7438943070
0.160200,0.737374,0.7230691863,0.7230683398
0.160200,0.747475,0.7015151253,0.7015143041
0.160200,0.757576,0.6792546981,0.6792539029
0.160200,0.767677,0.6563103190,0.6563095506
0.160200,0.777778,0.6327050910,0.6327043503
0.160200,0.787879,0.6084627827,0.6084620703
0.160200,0.797980,0.5836078038,0.5836071206
0.160200,0.808081,0.5581651814,0.5581645280
0.160200,0.818182,0.5321605340,0.5321599110
0.160200,0.828283,0.5056200460,0.5056194541
0.160200,0.838384,0.4785704415,0.4785698812
0.160200,0.848485,0.4510389572,0.4510384291
0.160200,0.858586,0.4230533148,0.4230528195
0.160200,0.868687,0.3946416936,0.3946412316
0.160200,0.878788,0.3658327017,0.3658322734
0.160200,0.888889,0.3366553472,0.3366549531
0.160200,0.898990,0.3071390094,0.3071386498
0.160200,0.909091,0.2773134086,0.2773130839
0.160200,0.919192,0.2472085767,0.2472082873
0.160200,0.929293,0.2168548267,0.2168545728
0.160200,0.939394,0.1862827223,0.1862825042
0.160200,0.949495,0.1555230470,0.1555228649
0.160200,0.959596,0.1246067731,0.1246066273
0.160200,0.969697,0.0935650309,0.0935649213
0.160200,0.979798,0.0624290765,0.0624290034
0.160200,0.989899,0.0312302614,0.0312302248
0.160200,1.000000,0.0000000000,0.0000000000
0.170200,0.000000,0.0000000000,0.0000000000
0.170200,0.010101,0.0311994558,0.0311994170
0.170200,0.020202,0.0623674964,0.0623674189
0.170200,0.030303,0.0934727383,0.0934726220
0.170200,0.040404,0.1244838610,0.1244837061
0.170200,0.050505,0.1553696390,0.1553694457
0.170200,0.060606,0.1860989729,0.1860987414
0.170200,0.070707,0.2166409210,0.2166406515
0.170200,0.080808,0.2469647300,0.2469644228
0.170200,0.090909,0.2770398665,0.2770395219
0.170200,0.101010,0.3068360473,0.3068356656
0.170200,0.111111,0.3363232702,0.3363228519
0.170200,0.121212,0.3654718441,0.3654713895
0.170200,0.131313,0.3942524188,0.3942519284
0.170200,0.141414,0.4226360148,0.4226354891
0.170200,0.151515,0.4505940521,0.4505934916
0.170200,0.161616,0.4780983794,0.4780977847
0.170200,0.171717,0.5051213021,0.5051206739
0.170200,0.181818,0.5316356106,0.5316349493
0.170200,0.191919,0.5576146070,0.5576139134
0.170200,0.202020,0.5830321328,0.5830314076
0.170200,0.212121,0.6078625946,0.6078618386
0.170200,0.222222,0.6320809904,0.6320802042
0.170200,0.232323,0.6556629342,0.6556621186
0.170200,0.242424,0.6785846809,0.6785838369
0.170200,0.252525,0.7008231504,0.7008222787
0.170200,0.262626,0.7223559505,0.7223550520
0.170200,0.272727,0.7431613993,0.7431604749
0.170200,0.282828,0.7632185475,0.7632175982
0.170200,0.292929,0.7825071994,0.7825062261
0.170200,0.303030,0.8010079329,0.8010069366
0.170200,0.313131,0.8187021193,0.8187011009
0.170200,0.323232,0.8355719420,0.8355709027
0.170200,0.333333,0.8516004146,0.8515993554
0.170200,0.343434,0.8667713978,0.8667703197
0.170200,0.353535,0.8810696157,0.8810685198
0.170200,0.363636,0.8944806711,0.8944795586
0.170200,0.373737,0.9069910604,0.9069899322
0.170200,0.383838,0.9185881865,0.9185870439
0.170200,0.393939,0.9292603722,0.9292592163
0.170200,0.404040,0.9389968714,0.9389957035
0.170200,0.414141,0.9477878804,0.9477867016
0.170200,0.424242,0.9556245474,0.9556233588
0.170200,0.434343,0.9624989814,0.9624977842
0.170200,0.444444,0.9684042606,0.9684030560
0.170200,0.454545,0.9733344387,0.9733332281
0.170200,0.464646,0.9772845516,0.9772833360
0.170200,0.474747,0.9802506218,0.9802494025
0.170200,0.484848,0.9822296626,0.9822284409
0.170200,0.494949,0.9832196815,0.9832184586
0.170200,0.505051,0.9832196815,0.9832184586
0.170200,0.515152,0.9822296626,0.9822284409
0.170200,0.525253,0.9802506218,0.9802494025
0.170200,0.535354,0.9772845516,0.9772833360
0.170200,0.545455,0.9733344387,0.9733332281
0.170200,0.555556,0.9684042606,0.9684030560
0.170200,0.565657,0.9624989814,0.9624977842
0.170200,0.575758,0.9556245474,0.9556233588
0.170200,0.585859,0.9477878804,0.9477867016
0.170200,0.595960,0.9389968714,0.9389957035
0.170200,0.606061,0.9292603722,0.9292592163
0.170200,0.616162,0.9185881865,0.9185870439
0.170200,0.626263,0.9069910604,0.9069899322
0.170200,0.636364,0.8944806711,0.8944795586
0.170200,0.646465,0.8810696157,0.8810685198
0.170200,0.656566,0.8667713978,0.8667703197
0.170200,0.666667,0.8516004146,0.8515993554
0.170200,0.676768,0.8355719420,0.8355709027
0.170200,0.686869,0.8187021193,0.8187011009
0.170200,0.696970,0.8010079329,0.8010069366
0.170200,0.707071,0.7825071994,0.7825062261
0.170200,0.717172,0.7632185475,0.7632175982
0.170200,0.727273,0.7431613993,0.7431604749
0.170200,0.737374,0.7223559505,0.7223550520
0.170200,0.747475,0.7008231504,0.7008222787
0.170200,0.757576,0.6785846809,0.6785838369
0.170200,0.767677,0.6556629342,0.6556621186
0.170200,0.777778,0.6320809904,0.6320802042
0.170200,0.787879,0.6078625946,0.6078618386
0.170200,0.797980,0.5830321328,0.5830314076
0.170200,0.808081,0.5576146070,0.5576139134
0.170200,0.818182,0.5316356106,0.5316349493
0.170200,0.828283,0.5051213021,0.5051206739
0.170200,0.838384,0.4780983794,0.4780977847
0.170200,0.848485,0.4505940521,0.4505934916
0.170200,0.858586,0.4226360148,0.4226354891
0.170200,0.868687,0.3942524188,0.3942519284
0.170200,0.878788,0.3654718441,0.3654713895
0.170200,0.888889,0.3363232702,0.3363228519
0.170200,0.898990,0.3068360473,0.3068356656
0.170200,0.909091,0.2770398665,0.2770395219
0.170200,0.919192,0.2469647300,0.2469644228
0.170200,0.929293,0.2166409210,0.2166406515
0.170200,0.939394,0.1860989729,0.1860987414
0.170200,0.949495,0.1553696390,0.1553694457
0.170200,0.959596,0.1244838610,0.1244837061
0.170200,0.969697,0.0934727383,0.0934726220
0.170200,0.979798,0.0623674964,0.0623674189
0.170200,0.989899,0.0311994558,0.0311994170
0.170200,1.000000,0.0000000000,0.0000000000
0.180200,0.000000,0.0000000000,0.0000000000
0.180200,0.010101,0.0311686807,0.0311686396
0.180200,0.020202,0.0623059771,0.0623058950
0.180200,0.030303,0.0933805367,0.0933804137
0.180200,0.040404,0.1243610700,0.1243609062
0.180200,0.050505,0.1552163823,0.1552161779
0.180200,0.060606,0.1859154048,0.1859151600
0.180200,0.070707,0.2164272263,0.2164269412
0.180200,0.080808,0.2467211239,0.2467207989
0.180200,0.090909,0.2767665942,0.2767662297
0.180200,0.101010,0.3065333840,0.3065329803
0.180200,0.111111,0.3359915207,0.3359910783
0.180200,0.121212,0.3651113425,0.3651108616
0.180200,0.131313,0.3938635280,0.3938630093
0.180200,0.141414,0.4222191264,0.4222185703
0.180200,0.151515,0.4501495859,0.4501489931
0.180200,0.161616,0.4776267829,0.4776261539
0.180200,0.171717,0.5046230502,0.5046223857
0.180200,0.181818,0.5311112049,0.5311105055
0.180200,0.191919,0.5570645756,0.5570638420
0.180200,0.202020,0.5824570296,0.5824562625
0.180200,0.212121,0.6072629986,0.6072621989
0.180200,0.222222,0.6314575053,0.6314566738
0.180200,0.232323,0.6550161879,0.6550153253
0.180200,0.242424,0.6779153246,0.6779144319
0.180200,0.252525,0.7001318581,0.7001309361
0.180200,0.262626,0.7216434182,0.7216424678
0.180200,0.272727,0.7424283444,0.7424273667
0.180200,0.282828,0.7624657083,0.7624647042
0.180200,0.292929,0.7817353339,0.7817343044
0.180200,0.303030,0.8002178182,0.8002167644
0.180200,0.313131,0.8178945510,0.8178934739
0.180200,0.323232,0.8347477334,0.8347466341
0.180200,0.333333,0.8507603955,0.8507592751
0.180200,0.343434,0.8659164140,0.8659152737
0.180200,0.353535,0.8802005281,0.8801993690
0.180200,0.363636,0.8935983549,0.8935971781
0.180200,0.373737,0.9060964039,0.9060952106
0.180200,0.383838,0.9176820906,0.9176808821
0.180200,0.393939,0.9283437492,0.9283425267
0.180200,0.404040,0.9380706444,0.9380694091
0.180200,0.414141,0.9468529820,0.9468517350
0.180200,0.424242,0.9546819188,0.9546806616
0.180200,0.434343,0.9615495719,0.9615483056
0.180200,0.444444,0.9674490261,0.9674477520
0.180200,0.454545,0.9723743411,0.9723730606
0.180200,0.464646,0.9763205576,0.9763192718
0.180200,0.474747,0.9792837020,0.9792824124
0.180200,0.484848,0.9812607908,0.9812594985
0.180200,0.494949,0.9822498331,0.9822485396
0.180200,0.505051,0.9822498331,0.9822485396
0.180200,0.515152,0.9812607908,0.9812594985
0.180200,0.525253,0.9792837020,0.9792824124
0.180200,0.535354,0.9763205576,0.9763192718
0.180200,0.545455,0.9723743411,0.9723730606
0.180200,0.555556,0.9674490261,0.9674477520
0.180200,0.565657,0.9615495719,0.9615483056
0.180200,0.575758,0.9546819188,0.9546806616
0.180200,0.585859,0.9468529820,0.9468517350
0.180200,0.595960,0.9380706444,0.9380694091
0.180200,0.606061,0.9283437492,0.9283425267
0.180200,0.616162,0.9176820906,0.9176808821
0.180200,0.626263,0.9060964039,0.9060952106
0.180200,0.636364,0.8935983549,0.8935971781
0.180200,0.646465,0.8802005281,0.8801993690
0.180200,0.656566,0.8659164140,0.8659152737
0.180200,0.666667,0.8507603955,0.8507592751
0.180200,0.676768,0.8347477334,0.8347466341
0.180200,0.686869,0.8178945510,0.8178934739
0.180200,0.696970,0.8002178182,0.8002167644
0.180200,0.707071,0.7817353339,0.7817343044
0.180200,0.717172,0.7624657083,0.7624647042
0.180200,0.727273,0.7424283444,0.7424273667
0.180200,0.737374,0.7216434182,0.7216424678
0.180200,0.747475,0.7001318581,0.7001309361
0.180200,0.757576,0.6779153246,0.6779144319
0.180200,0.767677,0.6550161879,0.6550153253
0.180200,0.777778,0.6314575053,0.6314566738
0.180200,0.787879,0.6072629986,0.6072621989
0.180200,0.797980,0.5824570296,0.5824562625
0.180200,0.808081,0.5570645756,0.5570638420
0.180200,0.818182,0.5311112049,0.5311105055
0.180200,0.828283,0.5046230502,0.5046223857
0.180200,0.838384,0.4776267829,0.4776261539
0.180200,0.848485,0.4501495859,0.4501489931
0.180200,0.858586,0.4222191264,0.4222185703
0.180200,0.868687,0.3938635280,0.3938630093
0.180200,0.878788,0.3651113425,0.3651108616
0.180200,0.888889,0.3359915207,0.3359910783
0.180200,0.898990,0.3065333840,0.3065329803
0.180200,0.909091,0.2767665942,0.2767662297
0.180200,0.919192,0.2467211239,0.2467207989
0.180200,0.929293,0.2164272263,0.2164269412
0.180200,0.939394,0.1859154048,0.1859151600
0.180200,0.949495,0.1552163823,0.1552161779
0.180200,0.959596,0.1243610700,0.1243609062
0.180200,0.969697,0.0933805367,0.0933804137
0.180200,0.979798,0.0623059771,0.0623058950
0.180200,0.989899,0.0311686807,0.0311686396
0.180200,1.000000,0.0000000000,0.0000000000
0.190200,0.000000,0.0000000000,0.0000000000
0.190200,0.010101,0.0311379359,0.0311378926
0.190200,0.020202,0.0622445184,0.0622444319
0.190200,0.030303,0.0932884261,0.0932882964
0.190200,0.040404,0.1242384002,0.1242382275
0.190200,0.050505,0.1550632767,0.1550630612
0.190200,0.060606,0.1857320177,0.1857317596
0.190200,0.070707,0.2162137423,0.2162134418
0.190200,0.080808,0.2464777580,0.2464774154
0.190200,0.090909,0.2764935915,0.2764932071
0.190200,0.101010,0.3062310193,0.3062305937
0.190200,0.111111,0.3356600985,0.3356596319
0.190200,0.121212,0.3647511964,0.3647506894
0.190200,0.131313,0.3934750208,0.3934744739
0.190200,0.141414,0.4218026492,0.4218020629
0.190200,0.151515,0.4497055581,0.4497049330
0.190200,0.161616,0.4771556516,0.4771549883
0.190200,0.171717,0.5041252898,0.5041245890
0.190200,0.181818,0.5305873165,0.5305865790
0.190200,0.191919,0.5565150868,0.5565143133
0.190200,0.202020,0.5818824936,0.5818816848
0.190200,0.212121,0.6066639941,0.6066631508
0.190200,0.222222,0.6308346353,0.6308337585
0.190200,0.232323,0.6543700795,0.6543691700
0.190200,0.242424,0.6772466286,0.6772456872
0.190200,0.252525,0.6994412477,0.6994402754
0.190200,0.262626,0.7209315887,0.7209305866
0.190200,0.272727,0.7416960127,0.7416949818
0.190200,0.282828,0.7617136117,0.7617125530
0.190200,0.292929,0.7809642297,0.7809631442
0.190200,0.303030,0.7994284829,0.7994273717
0.190200,0.313131,0.8170877794,0.8170866437
0.190200,0.323232,0.8339243378,0.8339231786
0.190200,0.333333,0.8499212050,0.8499200236
0.190200,0.343434,0.8650622736,0.8650610712
0.190200,0.353535,0.8793322978,0.8793310756
0.190200,0.363636,0.8927169090,0.8927156681
0.190200,0.373737,0.9052026299,0.9052013717
0.190200,0.383838,0.9167768885,0.9167756142
0.190200,0.393939,0.9274280305,0.9274267413
0.190200,0.404040,0.9371453310,0.9371440284
0.190200,0.414141,0.9459190057,0.9459176908
0.190200,0.424242,0.9537402200,0.9537388944
0.190200,0.434343,0.9606010989,0.9605997637
0.190200,0.444444,0.9664947338,0.9664933904
0.190200,0.454545,0.9714151905,0.9714138403
0.190200,0.464646,0.9753575144,0.9753561587
0.190200,0.474747,0.9783177360,0.9783163762
0.190200,0.484848,0.9802928746,0.9802915120
0.190200,0.494949,0.9812809413,0.9812795773
0.190200,0.505051,0.9812809413,0.9812795773
0.190200,0.515152,0.9802928746,0.9802915120
0.190200,0.525253,0.9783177360,0.9783163762
0.190200,0.535354,0.9753575144,0.9753561587
0.190200,0.545455,0.9714151905,0.9714138403
0.190200,0.555556,0.9664947338,0.9664933904
0.190200,0.565657,0.9606010989,0.9605997637
0.190200,0.575758,0.9537402200,0.9537388944
0.190200,0.585859,0.9459190057,0.9459176908
0.190200,0.595960,0.9371453310,0.9371440284
0.190200,0.606061,0.9274280305,0.9274267413
0.190200,0.616162,0.9167768885,0.9167756142
0.190200,0.626263,0.9052026299,0.9052013717
0.190200,0.636364,0.8927169090,0.8927156681
0.190200,0.646465,0.8793322978,0.8793310756
0.190200,0.656566,0.8650622736,0.8650610712
0.190200,0.666667,0.8499212050,0.8499200236
0.190200,0.676768,0.8339243378,0.8339231786
0.190200,0.686869,0.8170877794,0.8170866437
0.190200,0.696970,0.7994284829,0.7994273717
0.190200,0.707071,0.7809642297,0.7809631442
0.190200,0.717172,0.7617136117,0.7617125530
0.190200,0.727273,0.7416960127,0.7416949818
0.190200,0.737374,0.7209315887,0.7209305866
0.190200,0.747475,0.6994412477,0.6994402754
0.190200,0.757576,0.6772466286,0.6772456872
0.190200,0.767677,0.6543700795,0.6543691700
0.190200,0.777778,0.6308346353,0.6308337585
0.190200,0.787879,0.6066639941,0.6066631508
0.190200,0.797980,0.5818824936,0.5818816848
0.190200,0.808081,0.5565150868,0.5565143133
0.190200,0.818182,0.5305873165,0.5305865790
0.190200,0.828283,0.5041252898,0.5041245890
0.190200,0.838384,0.4771556516,0.4771549883
0.190200,0.848485,0.4497055581,0.4497049330
0.190200,0.858586,0.4218026492,0.4218020629
0.190200,0.868687,0.3934750208,0.3934744739
0.190200,0.878788,0.3647511964,0.3647506894
0.190200,0.888889,0.3356600985,0.3356596319
0.190200,0.898990,0.3062310193,0.3062305937
0.190200,0.909091,0.2764935915,0.2764932071
0.190200,0.919192,0.2464777580,0.2464774154
0.190200,0.929293,0.2162137423,0.2162134418
0.190200,0.939394,0.1857320177,0.1857317596
0.190200,0.949495,0.1550632767,0.1550630612
0.190200,0.959596,0.1242384002,0.1242382275
0.190200,0.969697,0.0932884261,0.0932882964
0.190200,0.979798,0.0622445184,0.0622444319
0.190200,0.989899,0.0311379359,0.0311378926
0.190200,1.000000,0.0000000000,0.0000000000
0.200200,0.000000,0.0000000000,0.0000000000
0.200200,0.010101,0.0311072214,0.0311071759
0.200200,0.020202,0.0621831204,0.0621830294
0.200200,0.030303,0.0931964063,0.0931962700
0.200200,0.040404,0.1241158514,0.1241156698
0.200200,0.050505,0.1549103222,0.1549100956
0.200200,0.060606,0.1855488116,0.1855485401
0.200200,0.070707,0.2160004690,0.2160001529
0.200200,0.080808,0.2462346322,0.2462342719
0.200200,0.090909,0.2762208580,0.2762204539
0.200200,0.101010,0.3059289529,0.3059285053
0.200200,0.111111,0.3353290032,0.3353285126
0.200200,0.121212,0.3643914056,0.3643908725
0.200200,0.131313,0.3930868968,0.3930863217
0.200200,0.141414,0.4213865828,0.4213859663
0.200200,0.151515,0.4492619683,0.4492613110
0.200200,0.161616,0.4766849850,0.4766842875
0.200200,0.171717,0.5036280203,0.5036272835
0.200200,0.181818,0.5300639449,0.5300631694
0.200200,0.191919,0.5559661401,0.5559653266
0.200200,0.202020,0.5813085244,0.5813076739
0.200200,0.212121,0.6060655804,0.6060646937
0.200200,0.222222,0.6302123797,0.6302114577
0.200200,0.232323,0.6537246085,0.6537236521
0.200200,0.242424,0.6765785921,0.6765776023
0.200200,0.252525,0.6987513184,0.6987502961
0.200200,0.262626,0.7202204614,0.7202194076
0.200200,0.272727,0.7409644034,0.7409633193
0.200200,0.282828,0.7609622570,0.7609611437
0.200200,0.292929,0.7801938862,0.7801927447
0.200200,0.303030,0.7986399262,0.7986387578
0.200200,0.313131,0.8162818036,0.8162806093
0.200200,0.323232,0.8331017543,0.8331005355
0.200200,0.333333,0.8490828422,0.8490816000
0.200200,0.343434,0.8642089757,0.8642077113
0.200200,0.353535,0.8784649240,0.8784636387
0.200200,0.363636,0.8918363326,0.8918350277
0.200200,0.373737,0.9043097375,0.9043084145
0.200200,0.383838,0.9158725793,0.9158712393
0.200200,0.393939,0.9265132149,0.9265118594
0.200200,0.404040,0.9362209303,0.9362195606
0.200200,0.414141,0.9449859506,0.9449845681
0.200200,0.424242,0.9527994502,0.9527980562
0.200200,0.434343,0.9596535614,0.9596521574
0.200200,0.444444,0.9655413829,0.9655399702
0.200200,0.454545,0.9704569860,0.9704555662
0.200200,0.464646,0.9743954213,0.9743939957
0.200200,0.474747,0.9773527229,0.9773512929
0.200200,0.484848,0.9793259132,0.9793244803
0.200200,0.494949,0.9803130053,0.9803115710
0.200200,0.505051,0.9803130053,0.9803115710
0.200200,0.515152,0.9793259132,0.9793244803
0.200200,0.525253,0.9773527229,0.9773512929
0.200200,0.535354,0.9743954213,0.9743939957
0.200200,0.545455,0.9704569860,0.9704555662
0.200200,0.555556,0.9655413829,0.9655399702
0.200200,0.565657,0.9596535614,0.9596521574
0.200200,0.575758,0.9527994502,0.9527980562
0.200200,0.585859,0.9449859506,0.9449845681
0.200200,0.595960,0.9362209303,0.9362195606
0.200200,0.606061,0.9265132149,0.9265118594
0.200200,0.616162,0.9158725793,0.9158712393
0.200200,0.626263,0.9043097375,0.9043084145
0.200200,0.636364,0.8918363326,0.8918350277
0.200200,0.646465,0.8784649240,0.8784636387
0.200200,0.656566,0.8642089757,0.8642077113
0.200200,0.666667,0.8490828422,0.8490816000
0.200200,0.676768,0.8331017543,0.8331005355
0.200200,0.686869,0.8162818036,0.8162806093
0.200200,0.696970,0.7986399262,0.7986387578
0.200200,0.707071,0.7801938862,0.7801927447
0.200200,0.717172,0.7609622570,0.7609611437
0.200200,0.727273,0.7409644034,0.7409633193
0.200200,0.737374,0.7202204614,0.7202194076
0.200200,0.747475,0.6987513184,0.6987502961
0.200200,0.757576,0.6765785921,0.6765776023
0.200200,0.767677,0.6537246085,0.6537236521
0.200200,0.777778,0.6302123797,0.6302114577
0.200200,0.787879,0.6060655804,0.6060646937
0.200200,0.797980,0.5813085244,0.5813076739
0.200200,0.808081,0.5559661401,0.5559653266
0.200200,0.818182,0.5300639449,0.5300631694
0.200200,0.828283,0.5036280203,0.5036272835
0.200200,0.838384,0.4766849850,0.4766842875
0.200200,0.848485,0.4492619683,0.4492613110
0.200200,0.858586,0.4213865828,0.4213859663
0.200200,0.868687,0.3930868968,0.3930863217
0.200200,0.878788,0.3643914056,0.3643908725
0.200200,0.888889,0.3353290032,0.3353285126
0.200200,0.898990,0.3059289529,0.3059285053
0.200200,0.909091,0.2762208580,0.2762204539
0.200200,0.919192,0.2462346322,0.2462342719
0.200200,0.929293,0.2160004690,0.2160001529
0.200200,0.939394,0.1855488116,0.1855485401
0.200200,0.949495,0.1549103222,0.1549100956
0.200200,0.959596,0.1241158514,0.1241156698
0.200200,0.969697,0.0931964063,0.0931962700
0.200200,0.979798,0.0621831204,0.0621830294
0.200200,0.989899,0.0311072214,0.0311071759
0.200200,1.000000,0.0000000000,0.0000000000
0.210200,0.000000,0.0000000000,0.0000000000
0.210200,0.010101,0.0310765372,0.0310764895
0.210200,0.020202,0.0621217830,0.0621216875
0.210200,0.030303,0.0931044773,0.0931043343
0.210200,0.040404,0.1239934234,0.1239932329
0.210200,0.050505,0.1547575186,0.1547572809
0.210200,0.060606,0.1853657861,0.1853655014
0.210200,0.070707,0.2157874060,0.2157870745
0.210200,0.080808,0.2459917462,0.2459913683
0.210200,0.090909,0.2759483936,0.2759479697
0.210200,0.101010,0.3056271844,0.3056267149
0.210200,0.111111,0.3349982345,0.3349977199
0.210200,0.121212,0.3640319698,0.3640314106
0.210200,0.131313,0.3926991557,0.3926985525
0.210200,0.141414,0.4209709269,0.4209702802
0.210200,0.151515,0.4488188160,0.4488181265
0.210200,0.161616,0.4762147826,0.4762140511
0.210200,0.171717,0.5031312413,0.5031304685
0.210200,0.181818,0.5295410895,0.5295402761
0.210200,0.191919,0.5554177348,0.5554168815
0.210200,0.202020,0.5807351214,0.5807342293
0.210200,0.212121,0.6054677570,0.6054668269
0.210200,0.222222,0.6295907379,0.6295897707
0.210200,0.232323,0.6530797742,0.6530787710
0.210200,0.242424,0.6759112146,0.6759101763
0.210200,0.252525,0.6980620697,0.6980609974
0.210200,0.262626,0.7195100355,0.7195089302
0.210200,0.272727,0.7402335157,0.7402323786
0.210200,0.282828,0.7602116434,0.7602104756
0.210200,0.292929,0.7794243025,0.7794231052
0.210200,0.303030,0.7978521474,0.7978509218
0.210200,0.313131,0.8154766228,0.8154753701
0.210200,0.323232,0.8322799823,0.8322787038
0.210200,0.333333,0.8482453065,0.8482440034
0.210200,0.343434,0.8633565195,0.8633551933
0.210200,0.353535,0.8775984057,0.8775970576
0.210200,0.363636,0.8909566247,0.8909552561
0.210200,0.373737,0.9034177259,0.9034163381
0.210200,0.383838,0.9149691620,0.9149677565
0.210200,0.393939,0.9255993018,0.9255978799
0.210200,0.404040,0.9352974415,0.9352960048
0.210200,0.414141,0.9440538160,0.9440523658
0.210200,0.424242,0.9518596083,0.9518581461
0.210200,0.434343,0.9587069586,0.9587054859
0.210200,0.444444,0.9645889723,0.9645874906
0.210200,0.454545,0.9694997267,0.9694982374
0.210200,0.464646,0.9734342771,0.9734327817
0.210200,0.474747,0.9763886616,0.9763871617
0.210200,0.484848,0.9783599055,0.9783584026
0.210200,0.494949,0.9793460240,0.9793445196
0.210200,0.505051,0.9793460240,0.9793445196
0.210200,0.515152,0.9783599055,0.9783584026
0.210200,0.525253,0.9763886616,0.9763871617
0.210200,0.535354,0.9734342771,0.9734327817
0.210200,0.545455,0.9694997267,0.9694982374
0.210200,0.555556,0.9645889723,0.9645874906
0.210200,0.565657,0.9587069586,0.9587054859
0.210200,0.575758,0.9518596083,0.9518581461
0.210200,0.585859,0.9440538160,0.9440523658
0.210200,0.595960,0.9352974415,0.9352960048
0.210200,0.606061,0.9255993018,0.9255978799
0.210200,0.616162,0.9149691620,0.9149677565
0.210200,0.626263,0.9034177259,0.9034163381
0.210200,0.636364,0.8909566247,0.8909552561
0.210200,0.646465,0.8775984057,0.8775970576
0.210200,0.656566,0.8633565195,0.8633551933
0.210200,0.666667,0.8482453065,0.8482440034
0.210200,0.676768,0.8322799823,0.8322787038
0.210200,0.686869,0.8154766228,0.8154753701
0.210200,0.696970,0.7978521474,0.7978509218
0.210200,0.707071,0.7794243025,0.7794231052
0.210200,0.717172,0.7602116434,0.7602104756
0.210200,0.727273,0.7402335157,0.7402323786
0.210200,0.737374,0.7195100355,0.7195089302
0.210200,0.747475,0.6980620697,0.6980609974
0.210200,0.757576,0.6759112146,0.6759101763
0.210200,0.767677,0.6530797742,0.6530787710
0.210200,0.777778,0.6295907379,0.6295897707
0.210200,0.787879,0.6054677570,0.6054668269
0.210200,0.797980,0.5807351214,0.5807342293
0.210200,0.808081,0.5554177348,0.5554168815
0.210200,0.818182,0.5295410895,0.5295402761
0.210200,0.828283,0.5031312413,0.5031304685
0.210200,0.838384,0.4762147826,0.4762140511
0.210200,0.848485,0.4488188160,0.4488181265
0.210200,0.858586,0.4209709269,0.4209702802
0.210200,0.868687,0.3926991557,0.3926985525
0.210200,0.878788,0.3640319698,0.3640314106
0.210200,0.888889,0.3349982345,0.3349977199
0.210200,0.898990,0.3056271844,0.3056267149
0.210200,0.909091,0.2759483936,0.2759479697
0.210200,0.919192,0.2459917462,0.2459913683
0.210200,0.929293,0.2157874060,0.2157870745
0.210200,0.939394,0.1853657861,0.1853655014
0.210200,0.949495,0.1547575186,0.1547572809
0.210200,0.959596,0.1239934234,0.1239932329
0.210200,0.969697,0.0931044773,0.0931043343
0.210200,0.979798,0.0621217830,0.0621216875
0.210200,0.989899,0.0310765372,0.0310764895
0.210200,1.000000,0.0000000000,0.0000000000
0.220200,0.000000,0.0000000000,0.0000000000
0.220200,0.010101,0.0310458833,0.0310458333
0.220200,0.020202,0.0620605060,0.0620604061
0.220200,0.030303,0.0930126390,0.0930124894
0.220200,0.040404,0.1238711162,0.1238709169
0.220200,0.050505,0.1546048657,0.1546046169
0.220200,0.060606,0.1851829412,0.1851826432
0.220200,0.070707,0.2155745532,0.2155742063
0.220200,0.080808,0.2457490998,0.2457487044
0.220200,0.090909,0.2756761980,0.2756757544
0.220200,0.101010,0.3053257136,0.3053252222
0.220200,0.111111,0.3346677920,0.3346672535
0.220200,0.121212,0.3636728884,0.3636723032
0.220200,0.131313,0.3923117970,0.3923111657
0.220200,0.141414,0.4205556809,0.4205550041
0.220200,0.151515,0.4483761009,0.4483753793
0.220200,0.161616,0.4757450441,0.4757442785
0.220200,0.171717,0.5026349524,0.5026341436
0.220200,0.181818,0.5290187499,0.5290178986
0.220200,0.191919,0.5548698704,0.5548689775
0.220200,0.202020,0.5801622839,0.5801613503
0.220200,0.212121,0.6048705232,0.6048695499
0.220200,0.222222,0.6289697092,0.6289686971
0.220200,0.232323,0.6524355760,0.6524345261
0.220200,0.242424,0.6752444954,0.6752434088
0.220200,0.252525,0.6973735009,0.6973723787
0.220200,0.262626,0.7188003104,0.7187991537
0.220200,0.272727,0.7395033489,0.7395021589
0.220200,0.282828,0.7594617703,0.7594605481
0.220200,0.292929,0.7786554779,0.7786542249
0.220200,0.303030,0.7970651456,0.7970638629
0.220200,0.313131,0.8146722362,0.8146709252
0.220200,0.323232,0.8314590209,0.8314576829
0.220200,0.333333,0.8474085968,0.8474072332
0.220200,0.343434,0.8625049042,0.8625035162
0.220200,0.353535,0.8767327422,0.8767313313
0.220200,0.363636,0.8900777846,0.8900763523
0.220200,0.373737,0.9025265942,0.9025251418
0.220200,0.383838,0.9140666360,0.9140651650
0.220200,0.393939,0.9246862901,0.9246848021
0.220200,0.404040,0.9343748636,0.9343733600
0.220200,0.414141,0.9431226008,0.9431210831
0.220200,0.424242,0.9509206934,0.9509191632
0.220200,0.434343,0.9577612896,0.9577597483
0.220200,0.444444,0.9636375013,0.9636359505
0.220200,0.454545,0.9685434117,0.9685418531
0.220200,0.464646,0.9724740810,0.9724725160
0.220200,0.474747,0.9754255513,0.9754239816
0.220200,0.484848,0.9773948508,0.9773932779
0.220200,0.494949,0.9783799965,0.9783784221
0.220200,0.505051,0.9783799965,0.9783784221
0.220200,0.515152,0.9773948508,0.9773932779
0.220200,0.525253,0.9754255513,0.9754239816
0.220200,0.535354,0.9724740810,0.9724725160
0.220200,0.545455,0.9685434117,0.9685418531
0.220200,0.555556,0.9636375013,0.9636359505
0.220200,0.565657,0.9577612896,0.9577597483
0.220200,0.575758,0.9509206934,0.9509191632
0.220200,0.585859,0.9431226008,0.9431210831
0.220200,0.595960,0.9343748636,0.9343733600
0.220200,0.606061,0.9246862901,0.9246848021
0.220200,0.616162,0.9140666360,0.9140651650
0.220200,0.626263,0.9025265942,0.9025251418
0.220200,0.636364,0.8900777846,0.8900763523
0.220200,0.646465,0.8767327422,0.8767313313
0.220200,0.656566,0.8625049042,0.8625035162
0.220200,0.666667,0.8474085968,0.8474072332
0.220200,0.676768,0.8314590209,0.8314576829
0.220200,0.686869,0.8146722362,0.8146709252
0.220200,0.696970,0.7970651456,0.7970638629
0.220200,0.707071,0.7786554779,0.7786542249
0.220200,0.717172,0.7594617703,0.7594605481
0.220200,0.727273,0.7395033489,0.7395021589
0.220200,0.737374,0.7188003104,0.7187991537
0.220200,0.747475,0.6973735009,0.6973723787
0.220200,0.757576,0.6752444954,0.6752434088
0.220200,0.767677,0.6524355760,0.6524345261
0.220200,0.777778,0.6289697092,0.6289686971
0.220200,0.787879,0.6048705232,0.6048695499
0.220200,0.797980,0.5801622839,0.5801613503
0.220200,0.808081,0.5548698704,0.5548689775
0.220200,0.818182,0.5290187499,0.5290178986
0.220200,0.828283,0.5026349524,0.5026341436
0.220200,0.838384,0.4757450441,0.4757442785
0.220200,0.848485,0.4483761009,0.4483753793
0.220200,0.858586,0.4205556809,0.4205550041
0.220200,0.868687,0.3923117970,0.3923111657
0.220200,0.878788,0.3636728884,0.3636723032
0.220200,0.888889,0.3346677920,0.3346672535
0.220200,0.898990,0.3053257136,0.3053252222
0.220200,0.909091,0.2756761980,0.2756757544
0.220200,0.919192,0.2457490998,0.2457487044
0.220200,0.929293,0.2155745532,0.2155742063
0.220200,0.939394,0.1851829412,0.1851826432
0.220200,0.949495,0.1546048657,0.1546046169
0.220200,0.959596,0.1238711162,0.1238709169
0.220200,0.969697,0.0930126390,0.0930124894
0.220200,0.979798,0.0620605060,0.0620604061
0.220200,0.989899,0.0310458833,0.0310458333
0.220200,1.000000,0.0000000000,0.0000000000
0.230200,0.000000,0.0000000000,0.0000000000
0.230200,0.010101,0.0310152596,0.0310152074
0.230200,0.020202,0.0619992895,0.0619991852
0.230200,0.030303,0.0929208913,0.0929207350
0.230200,0.040404,0.1237489297,0.1237487215
0.230200,0.050505,0.1544523634,0.1544521036
0.230200,0.060606,0.1850002767,0.1849999654
0.230200,0.070707,0.2153619103,0.2153615480
0.230200,0.080808,0.2455066928,0.2455062798
0.230200,0.090909,0.2754042708,0.2754038075
0.230200,0.101010,0.3050245401,0.3050240270
0.230200,0.111111,0.3343376756,0.3343371131
0.230200,0.121212,0.3633141613,0.3633135501
0.230200,0.131313,0.3919248205,0.3919241611
0.230200,0.141414,0.4201408446,0.4201401378
0.230200,0.151515,0.4479338224,0.4479330689
0.230200,0.161616,0.4752757689,0.4752749694
0.230200,0.171717,0.5021391530,0.5021383083
0.230200,0.181818,0.5284969255,0.5284960364
0.230200,0.191919,0.5543225464,0.5543216139
0.230200,0.202020,0.5795900115,0.5795890365
0.230200,0.212121,0.6042738786,0.6042728621
0.230200,0.222222,0.6283492931,0.6283482361
0.230200,0.232323,0.6517920132,0.6517909167
0.230200,0.242424,0.6745784339,0.6745772991
0.230200,0.252525,0.6966856113,0.6966844393
0.230200,0.262626,0.7180912854,0.7180900774
0.230200,0.272727,0.7387739024,0.7387726596
0.230200,0.282828,0.7587126367,0.7587113604
0.230200,0.292929,0.7778874118,0.7778861031
0.230200,0.303030,0.7962789201,0.7962775805
0.230200,0.313131,0.8138686430,0.8138672739
0.230200,0.323232,0.8306388692,0.8306374719
0.230200,0.333333,0.8465727125,0.8465712883
0.230200,0.343434,0.8616541289,0.8616526793
0.230200,0.353535,0.8758679325,0.8758664590
0.230200,0.363636,0.8891998114,0.8891983155
0.230200,0.373737,0.9016363415,0.9016348246
0.230200,0.383838,0.9131650001,0.9131634639
0.230200,0.393939,0.9237741791,0.9237726250
0.230200,0.404040,0.9334531957,0.9334516254
0.230200,0.414141,0.9421923041,0.9421907191
0.230200,0.424242,0.9499827047,0.9499811066
0.230200,0.434343,0.9568165533,0.9568149436
0.230200,0.444444,0.9626869687,0.9626853492
0.230200,0.454545,0.9675880399,0.9675864121
0.230200,0.464646,0.9715148320,0.9715131976
0.230200,0.474747,0.9744633910,0.9744617517
0.230200,0.484848,0.9764307480,0.9764291053
0.230200,0.494949,0.9774149220,0.9774132776
0.230200,0.505051,0.9774149220,0.9774132776
0.230200,0.515152,0.9764307480,0.9764291053
0.230200,0.525253,0.9744633910,0.9744617517
0.230200,0.535354,0.9715148320,0.9715131976
0.230200,0.545455,0.9675880399,0.9675864121
0.230200,0.555556,0.9626869687,0.9626853492
0.230200,0.565657,0.9568165533,0.9568149436
0.230200,0.575758,0.9499827047,0.9499811066
0.230200,0.585859,0.9421923041,0.9421907191
0.230200,0.595960,0.9334531957,0.9334516254
0.230200,0.606061,0.9237741791,0.9237726250
0.230200,0.616162,0.9131650001,0.9131634639
0.230200,0.626263,0.9016363415,0.9016348246
0.230200,0.636364,0.8891998114,0.8891983155
0.230200,0.646465,0.8758679325,0.8758664590
0.230200,0.656566,0.8616541289,0.8616526793
0.230200,0.666667,0.8465727125,0.8465712883
0.230200,0.676768,0.8306388692,0.8306374719
0.230200,0.686869,0.8138686430,0.8138672739
0.230200,0.696970,0.7962789201,0.7962775805
0.230200,0.707071,0.7778874118,0.7778861031
0.230200,0.717172,0.7587126367,0.7587113604
0.230200,0.727273,0.7387739024,0.7387726596
0.230200,0.737374,0.7180912854,0.7180900774
0.230200,0.747475,0.6966856113,0.6966844393
0.230200,0.757576,0.6745784339,0.6745772991
0.230200,0.767677,0.6517920132,0.6517909167
0.230200,0.777778,0.6283492931,0.6283482361
0.230200,0.787879,0.6042738786,0.6042728621
0.230200,0.797980,0.5795900115,0.5795890365
0.230200,0.808081,0.5543225464,0.5543216139
0.230200,0.818182,0.5284969255,0.5284960364
0.230200,0.828283,0.5021391530,0.5021383083
0.230200,0.838384,0.4752757689,0.4752749694
0.230200,0.848485,0.4479338224,0.4479330689
0.230200,0.858586,0.4201408446,0.4201401378
0.230200,0.868687,0.3919248205,0.3919241611
0.230200,0.878788,0.3633141613,0.3633135501
0.230200,0.888889,0.3343376756,0.3343371131
0.230200,0.898990,0.3050245401,0.3050240270
0.230200,0.909091,0.2754042708,0.2754038075
0.230200,0.919192,0.2455066928,0.2455062798
0.230200,0.929293,0.2153619103,0.2153615480
0.230200,0.939394,0.1850002767,0.1849999654
0.230200,0.949495,0.1544523634,0.1544521036
0.230200,0.959596,0.1237489297,0.1237487215
0.230200,0.969697,0.0929208913,0.0929207350
0.230200,0.979798,0.0619992895,0.0619991852
0.230200,0.989899,0.0310152596,0.0310152074
0.230200,1.000000,0.0000000000,0.0000000000
0.240200,0.000000,0.0000000000,0.0000000000
0.240200,0.010101,0.0309846661,0.0309846117
0.240200,0.020202,0.0619381333,0.0619380246
0.240200,0.030303,0.0928292341,0.0928290711
0.240200,0.040404,0.1236268637,0.1236266467
0.240200,0.050505,0.1543000115,0.1542997406
0.240200,0.060606,0.1848177923,0.1848174679
0.240200,0.070707,0.2151494772,0.2151490995
0.240200,0.080808,0.2452645249,0.2452640943
0.240200,0.090909,0.2751326119,0.2751321289
0.240200,0.101010,0.3047236638,0.3047231288
0.240200,0.111111,0.3340078847,0.3340072984
0.240200,0.121212,0.3629557880,0.3629551509
0.240200,0.131313,0.3915382256,0.3915375383
0.240200,0.141414,0.4197264174,0.4197256806
0.240200,0.151515,0.4474919803,0.4474911948
0.240200,0.161616,0.4748069567,0.4748061232
0.240200,0.171717,0.5016438427,0.5016429621
0.240200,0.181818,0.5279756159,0.5279746891
0.240200,0.191919,0.5537757624,0.5537747903
0.240200,0.202020,0.5790183036,0.5790172872
0.240200,0.212121,0.6036778225,0.6036767629
0.240200,0.222222,0.6277294891,0.6277283871
0.240200,0.232323,0.6511490852,0.6511479422
0.240200,0.242424,0.6739130294,0.6739118464
0.240200,0.252525,0.6959984003,0.6959971785
0.240200,0.262626,0.7173829598,0.7173817005
0.240200,0.272727,0.7380451754,0.7380438799
0.240200,0.282828,0.7579642422,0.7579629117
0.240200,0.292929,0.7771201032,0.7771187390
0.240200,0.303030,0.7954934701,0.7954920737
0.240200,0.313131,0.8130658426,0.8130644153
0.240200,0.323232,0.8298195266,0.8298180700
0.240200,0.333333,0.8457376527,0.8457361681
0.240200,0.343434,0.8608041927,0.8608026817
0.240200,0.353535,0.8750039759,0.8750024399
0.240200,0.363636,0.8883227042,0.8883211449
0.240200,0.373737,0.9007469669,0.9007453857
0.240200,0.383838,0.9122642537,0.9122626523
0.240200,0.393939,0.9228629677,0.9228613477
0.240200,0.404040,0.9325324370,0.9325308000
0.240200,0.414141,0.9412629251,0.9412612728
0.240200,0.424242,0.9490456413,0.9490439753
0.240200,0.434343,0.9558727489,0.9558710710
0.240200,0.444444,0.9617373737,0.9617356855
0.240200,0.454545,0.9666336106,0.9666319137
0.240200,0.464646,0.9705565292,0.9705548255
0.240200,0.474747,0.9735021798,0.9735004709
0.240200,0.484848,0.9754675962,0.9754658838
0.240200,0.494949,0.9764507993,0.9764490853
0.240200,0.505051,0.9764507993,0.9764490853
0.240200,0.515152,0.9754675962,0.9754658838
0.240200,0.525253,0.9735021798,0.9735004709
0.240200,0.535354,0.9705565292,0.9705548255
0.240200,0.545455,0.9666336106,0.9666319137
0.240200,0.555556,0.9617373737,0.9617356855
0.240200,0.565657,0.9558727489,0.9558710710
0.240200,0.575758,0.9490456413,0.9490439753
0.240200,0.585859,0.9412629251,0.9412612728
0.240200,0.595960,0.9325324370,0.9325308000
0.240200,0.606061,0.9228629677,0.9228613477
0.240200,0.616162,0.9122642537,0.9122626523
0.240200,0.626263,0.9007469669,0.9007453857
0.240200,0.636364,0.8883227042,0.8883211449
0.240200,0.646465,0.8750039759,0.8750024399
0.240200,0.656566,0.8608041927,0.8608026817
0.240200,0.666667,0.8457376527,0.8457361681
0.240200,0.676768,0.8298195266,0.8298180700
0.240200,0.686869,0.8130658426,0.8130644153
0.240200,0.696970,0.7954934701,0.7954920737
0.240200,0.707071,0.7771201032,0.7771187390
0.240200,0.717172,0.7579642422,0.7579629117
0.240200,0.727273,0.7380451754,0.7380438799
0.240200,0.737374,0.7173829598,0.7173817005
0.240200,0.747475,0.6959984003,0.6959971785
0.240200,0.757576,0.6739130294,0.6739118464
0.240200,0.767677,0.6511490852,0.6511479422
0.240200,0.777778,0.6277294891,0.6277283871
0.240200,0.787879,0.6036778225,0.6036767629
0.240200,0.797980,0.5790183036,0.5790172872
0.240200,0.808081,0.5537757624,0.5537747903
0.240200,0.818182,0.5279756159,0.5279746891
0.240200,0.828283,0.5016438427,0.5016429621
0.240200,0.838384,0.4748069567,0.4748061232
0.240200,0.848485,0.4474919803,0.4474911948
0.240200,0.858586,0.4197264174,0.4197256806
0.240200,0.868687,0.3915382256,0.3915375383
0.240200,0.878788,0.3629557880,0.3629551509
0.240200,0.888889,0.3340078847,0.3340072984
0.240200,0.898990,0.3047236638,0.3047231288
0.240200,0.909091,0.2751326119,0.2751321289
0.240200,0.919192,0.2452645249,0.2452640943
0.240200,0.929293,0.2151494772,0.2151490995
0.240200,0.939394,0.1848177923,0.1848174679
0.240200,0.949495,0.1543000115,0.1542997406
0.240200,0.959596,0.1236268637,0.1236266467
0.240200,0.969697,0.0928292341,0.0928290711
0.240200,0.979798,0.0619381333,0.0619380246
0.240200,0.989899,0.0309846661,0.0309846117
0.240200,1.000000,0.0000000000,0.0000000000
0.250200,0.000000,0.0000000000,0.0000000000
0.250200,0.010101,0.0309541028,0.0309540462
0.250200,0.020202,0.0618770375,0.0618769244
0.250200,0.030303,0.0927376673,0.0927374977
0.250200,0.040404,0.1235049181,0.1235046923
0.250200,0.050505,0.1541478099,0.1541475280
0.250200,0.060606,0.1846354879,0.1846351503
0.250200,0.070707,0.2149372536,0.2149368606
0.250200,0.080808,0.2450225958,0.2450221478
0.250200,0.090909,0.2748612210,0.2748607184
0.250200,0.101010,0.3044230842,0.3044225275
0.250200,0.111111,0.3336784191,0.3336778090
0.250200,0.121212,0.3625977682,0.3625971052
0.250200,0.131313,0.3911520121,0.3911512969
0.250200,0.141414,0.4193123990,0.4193116323
0.250200,0.151515,0.4470505739,0.4470497565
0.250200,0.161616,0.4743386068,0.4743377395
0.250200,0.171717,0.5011490209,0.5011481046
0.250200,0.181818,0.5274548204,0.5274538560
0.250200,0.191919,0.5532295177,0.5532285061
0.250200,0.202020,0.5784471597,0.5784461020
0.250200,0.212121,0.6030823544,0.6030812517
0.250200,0.222222,0.6271102963,0.6271091497
0.250200,0.232323,0.6505067914,0.6505056019
0.250200,0.242424,0.6732482812,0.6732470502
0.250200,0.252525,0.6953118671,0.6953105957
0.250200,0.262626,0.7166753328,0.7166740224
0.250200,0.272727,0.7373171673,0.7373158191
0.250200,0.282828,0.7572165858,0.7572152013
0.250200,0.292929,0.7763535515,0.7763521320
0.250200,0.303030,0.7947087949,0.7947073418
0.250200,0.313131,0.8122638340,0.8122623488
0.250200,0.323232,0.8290009922,0.8289994764
0.250200,0.333333,0.8449034167,0.8449018718
0.250200,0.343434,0.8599550950,0.8599535226
0.250200,0.353535,0.8741408715,0.8741392732
0.250200,0.363636,0.8874464622,0.8874448395
0.250200,0.373737,0.8998584696,0.8998568242
0.250200,0.383838,0.9113643957,0.9113627293
0.250200,0.393939,0.9219526552,0.9219509694
0.250200,0.404040,0.9316125865,0.9316108831
0.250200,0.414141,0.9403344629,0.9403327435
0.250200,0.424242,0.9481095021,0.9481077686
0.250200,0.434343,0.9549298755,0.9549281295
0.250200,0.444444,0.9607887155,0.9607869587
0.250200,0.454545,0.9656801226,0.9656783569
0.250200,0.464646,0.9695991718,0.9695973989
0.250200,0.474747,0.9725419167,0.9725401384
0.250200,0.484848,0.9745053944,0.9745036125
0.250200,0.494949,0.9754876277,0.9754858441
0.250200,0.505051,0.9754876277,0.9754858441
0.250200,0.515152,0.9745053944,0.9745036125
0.250200,0.525253,0.9725419167,0.9725401384
0.250200,0.535354,0.9695991718,0.9695973989
0.250200,0.545455,0.9656801226,0.9656783569
0.250200,0.555556,0.9607887155,0.9607869587
0.250200,0.565657,0.9549298755,0.9549281295
0.250200,0.575758,0.9481095021,0.9481077686
0.250200,0.585859,0.9403344629,0.9403327435
0.250200,0.595960,0.9316125865,0.9316108831
0.250200,0.606061,0.9219526552,0.9219509694
0.250200,0.616162,0.9113643957,0.9113627293
0.250200,0.626263,0.8998584696,0.8998568242
0.250200,0.636364,0.8874464622,0.8874448395
0.250200,0.646465,0.8741408715,0.8741392732
0.250200,0.656566,0.8599550950,0.8599535226
0.250200,0.666667,0.8449034167,0.8449018718
0.250200,0.676768,0.8290009922,0.8289994764
0.250200,0.686869,0.8122638340,0.8122623488
0.250200,0.696970,0.7947087949,0.7947073418
0.250200,0.707071,0.7763535515,0.7763521320
0.250200,0.717172,0.7572165858,0.7572152013
0.250200,0.727273,0.7373171673,0.7373158191
0.250200,0.737374,0.7166753328,0.7166740224
0.250200,0.747475,0.6953118671,0.6953105957
0.250200,0.757576,0.6732482812,0.6732470502
0.250200,0.767677,0.6505067914,0.6505056019
0.250200,0.777778,0.6271102963,0.6271091497
0.250200,0.787879,0.6030823544,0.6030812517
0.250200,0.797980,0.5784471597,0.5784461020
0.250200,0.808081,0.5532295177,0.5532285061
0.250200,0.818182,0.5274548204,0.5274538560
0.250200,0.828283,0.5011490209,0.5011481046
0.250200,0.838384,0.4743386068,0.4743377395
0.250200,0.848485,0.4470505739,0.4470497565
0.250200,0.858586,0.4193123990,0.4193116323
0.250200,0.868687,0.3911520121,0.3911512969
0.250200,0.878788,0.3625977682,0.3625971052
0.250200,0.888889,0.3336784191,0.3336778090
0.250200,0.898990,0.3044230842,0.3044225275
0.250200,0.909091,0.2748612210,0.2748607184
0.250200,0.919192,0.2450225958,0.2450221478
0.250200,0.929293,0.2149372536,0.2149368606
0.250200,0.939394,0.1846354879,0.1846351503
0.250200,0.949495,0.1541478099,0.1541475280
0.250200,0.959596,0.1235049181,0.1235046923
0.250200,0.969697,0.0927376673,0.0927374977
0.250200,0.979798,0.0618770375,0.0618769244
0.250200,0.989899,0.0309541028,0.0309540462
0.250200,1.000000,0.0000000000,0.0000000000
0.260200,0.000000,0.0000000000,0.0000000000
0.260200,0.010101,0.0309235697,0.0309235109
0.260200,0.020202,0.0618160020,0.0618158844
0.260200,0.030303,0.0926461908,0.0926460146
0.260200,0.040404,0.1233830928,0.1233828581
0.260200,0.050505,0.1539957584,0.1539954656
0.260200,0.060606,0.1844533634,0.1844530126
0.260200,0.070707,0.2147252394,0.2147248311
0.260200,0.080808,0.2447809054,0.2447804399
0.260200,0.090909,0.2745900977,0.2745895755
0.260200,0.101010,0.3041228011,0.3041222228
0.260200,0.111111,0.3333492786,0.3333486447
0.260200,0.121212,0.3622401016,0.3622394128
0.260200,0.131313,0.3907661795,0.3907654365
0.260200,0.141414,0.4188987891,0.4188979925
0.260200,0.151515,0.4466096030,0.4466087538
0.260200,0.161616,0.4738707190,0.4738698179
0.260200,0.171717,0.5006546873,0.5006537352
0.260200,0.181818,0.5269345387,0.5269335367
0.260200,0.191919,0.5526838118,0.5526827608
0.260200,0.202020,0.5778765791,0.5778754802
0.260200,0.212121,0.6024874736,0.6024863280
0.260200,0.222222,0.6264917144,0.6264905231
0.260200,0.232323,0.6498651311,0.6498638954
0.260200,0.242424,0.6725841887,0.6725829098
0.260200,0.252525,0.6946260111,0.6946246902
0.260200,0.262626,0.7159684039,0.7159670424
0.260200,0.272727,0.7365898772,0.7365884766
0.260200,0.282828,0.7564696670,0.7564682285
0.260200,0.292929,0.7755877559,0.7755862811
0.260200,0.303030,0.7939248937,0.7939233840
0.260200,0.313131,0.8114626165,0.8114610734
0.260200,0.323232,0.8281832651,0.8281816903
0.260200,0.333333,0.8440700035,0.8440683984
0.260200,0.343434,0.8591068348,0.8591052012
0.260200,0.353535,0.8732786185,0.8732769579
0.260200,0.363636,0.8865710845,0.8865693987
0.260200,0.373737,0.8989708487,0.8989691392
0.260200,0.383838,0.9104654254,0.9104636941
0.260200,0.393939,0.9210432406,0.9210414892
0.260200,0.404040,0.9306936433,0.9306918736
0.260200,0.414141,0.9394069164,0.9394051301
0.260200,0.424242,0.9471742864,0.9471724853
0.260200,0.434343,0.9539879322,0.9539861181
0.260200,0.444444,0.9598409930,0.9598391678
0.260200,0.454545,0.9647275752,0.9647257408
0.260200,0.464646,0.9686427586,0.9686409167
0.260200,0.474747,0.9715826008,0.9715807533
0.260200,0.484848,0.9735441417,0.9735422905
0.260200,0.494949,0.9745254062,0.9745235531
0.260200,0.505051,0.9745254062,0.9745235531
0.260200,0.515152,0.9735441417,0.9735422905
0.260200,0.525253,0.9715826008,0.9715807533
0.260200,0.535354,0.9686427586,0.9686409167
0.260200,0.545455,0.9647275752,0.9647257408
0.260200,0.555556,0.9598409930,0.9598391678
0.260200,0.565657,0.9539879322,0.9539861181
0.260200,0.575758,0.9471742864,0.9471724853
0.260200,0.585859,0.9394069164,0.9394051301
0.260200,0.595960,0.9306936433,0.9306918736
0.260200,0.606061,0.9210432406,0.9210414892
0.260200,0.616162,0.9104654254,0.9104636941
0.260200,0.626263,0.8989708487,0.8989691392
0.260200,0.636364,0.8865710845,0.8865693987
0.260200,0.646465,0.8732786185,0.8732769579
0.260200,0.656566,0.8591068348,0.8591052012
0.260200,0.666667,0.8440700035,0.8440683984
0.260200,0.676768,0.8281832651,0.8281816903
0.260200,0.686869,0.8114626165,0.8114610734
0.260200,0.696970,0.7939248937,0.7939233840
0.260200,0.707071,0.7755877559,0.7755862811
0.260200,0.717172,0.7564696670,0.7564682285
0.260200,0.727273,0.7365898772,0.7365884766
0.260200,0.737374,0.7159684039,0.7159670424
0.260200,0.747475,0.6946260111,0.6946246902
0.260200,0.757576,0.6725841887,0.6725829098
0.260200,0.767677,0.6498651311,0.6498638954
0.260200,0.777778,0.6264917144,0.6264905231
0.260200,0.787879,0.6024874736,0.6024863280
0.260200,0.797980,0.5778765791,0.5778754802
0.260200,0.808081,0.5526838118,0.5526827608
0.260200,0.818182,0.5269345387,0.5269335367
0.260200,0.828283,0.5006546873,0.5006537352
0.260200,0.838384,0.4738707190,0.4738698179
0.260200,0.848485,0.4466096030,0.4466087538
0.260200,0.858586,0.4188987891,0.4188979925
0.260200,0.868687,0.3907661795,0.3907654365
0.260200,0.878788,0.3622401016,0.3622394128
0.260200,0.888889,0.3333492786,0.3333486447
0.260200,0.898990,0.3041228011,0.3041222228
0.260200,0.909091,0.2745900977,0.2745895755
0.260200,0.919192,0.2447809054,0.2447804399
0.260200,0.929293,0.2147252394,0.2147248311
0.260200,0.939394,0.1844533634,0.1844530126
0.260200,0.949495,0.1539957584,0.1539954656
0.260200,0.959596,0.1233830928,0.1233828581
0.260200,0.969697,0.0926461908,0.0926460146
0.260200,0.979798,0.0618160020,0.0618158844
0.260200,0.989899,0.0309235697,0.0309235109
0.260200,1.000000,0.0000000000,0.0000000000
0.270200,0.000000,0.0000000000,0.0000000000
0.270200,0.010101,0.0308930667,0.0308930057
0.270200,0.020202,0.0617550267,0.0617549047
0.270200,0.030303,0.0925548046,0.0925546218
0.270200,0.040404,0.1232613876,0.1232611442
0.270200,0.050505,0.1538438569,0.1538435531
0.270200,0.060606,0.1842714185,0.1842710546
0.270200,0.070707,0.2145134343,0.2145130107
0.270200,0.080808,0.2445394533,0.2445389705
0.270200,0.090909,0.2743192419,0.2743187002
0.270200,0.101010,0.3038228142,0.3038222142
0.270200,0.111111,0.3330204626,0.3330198051
0.270200,0.121212,0.3618827877,0.3618820732
0.270200,0.131313,0.3903807276,0.3903799567
0.270200,0.141414,0.4184855871,0.4184847607
0.270200,0.151515,0.4461690671,0.4461681860
0.270200,0.161616,0.4734032926,0.4734023578
0.270200,0.171717,0.5001608412,0.5001598536
0.270200,0.181818,0.5264147702,0.5264137307
0.270200,0.191919,0.5521386442,0.5521375539
0.270200,0.202020,0.5773065613,0.5773054213
0.270200,0.212121,0.6018931797,0.6018919912
0.270200,0.222222,0.6258737426,0.6258725068
0.270200,0.232323,0.6492241038,0.6492228218
0.270200,0.242424,0.6719207513,0.6719194245
0.270200,0.252525,0.6939408316,0.6939394613
0.270200,0.262626,0.7152621723,0.7152607599
0.270200,0.272727,0.7358633046,0.7358618515
0.270200,0.282828,0.7557234849,0.7557219926
0.270200,0.292929,0.7748227157,0.7748211858
0.270200,0.303030,0.7931417658,0.7931401996
0.270200,0.313131,0.8106621893,0.8106605886
0.270200,0.323232,0.8273663447,0.8273647110
0.270200,0.333333,0.8432374124,0.8432357473
0.270200,0.343434,0.8582594114,0.8582577167
0.270200,0.353535,0.8724172160,0.8724154933
0.270200,0.363636,0.8856965703,0.8856948214
0.270200,0.373737,0.8980841033,0.8980823300
0.270200,0.383838,0.9095673418,0.9095655457
0.270200,0.393939,0.9201347230,0.9201329061
0.270200,0.404040,0.9297756066,0.9297737706
0.270200,0.414141,0.9384802849,0.9384784318
0.270200,0.424242,0.9462399932,0.9462381247
0.270200,0.434343,0.9530469180,0.9530450360
0.270200,0.444444,0.9588942053,0.9588923118
0.270200,0.454545,0.9637759674,0.9637740643
0.270200,0.464646,0.9676872889,0.9676853780
0.270200,0.474747,0.9706242312,0.9706223146
0.270200,0.484848,0.9725838373,0.9725819168
0.270200,0.494949,0.9735641338,0.9735622114
0.270200,0.505051,0.9735641338,0.9735622114
0.270200,0.515152,0.9725838373,0.9725819168
0.270200,0.525253,0.9706242312,0.9706223146
0.270200,0.535354,0.9676872889,0.9676853780
0.270200,0.545455,0.9637759674,0.9637740643
0.270200,0.555556,0.9588942053,0.9588923118
0.270200,0.565657,0.9530469180,0.9530450360
0.270200,0.575758,0.9462399932,0.9462381247
0.270200,0.585859,0.9384802849,0.9384784318
0.270200,0.595960,0.9297756066,0.9297737706
0.270200,0.606061,0.9201347230,0.9201329061
0.270200,0.616162,0.9095673418,0.9095655457
0.270200,0.626263,0.8980841033,0.8980823300
0.270200,0.636364,0.8856965703,0.8856948214
0.270200,0.646465,0.8724172160,0.8724154933
0.270200,0.656566,0.8582594114,0.8582577167
0.270200,0.666667,0.8432374124,0.8432357473
0.270200,0.676768,0.8273663447,0.8273647110
0.270200,0.686869,0.8106621893,0.8106605886
0.270200,0.696970,0.7931417658,0.7931401996
0.270200,0.707071,0.7748227157,0.7748211858
0.270200,0.717172,0.7557234849,0.7557219926
0.270200,0.727273,0.7358633046,0.7358618515
0.270200,0.737374,0.7152621723,0.7152607599
0.270200,0.747475,0.6939408316,0.6939394613
0.270200,0.757576,0.6719207513,0.6719194245
0.270200,0.767677,0.6492241038,0.6492228218
0.270200,0.777778,0.6258737426,0.6258725068
0.270200,0.787879,0.6018931797,0.6018919912
0.270200,0.797980,0.5773065613,0.5773054213
0.270200,0.808081,0.5521386442,0.5521375539
0.270200,0.818182,0.5264147702,0.5264137307
0.270200,0.828283,0.5001608412,0.5001598536
0.270200,0.838384,0.4734032926,0.4734023578
0.270200,0.848485,0.4461690671,0.4461681860
0.270200,0.858586,0.4184855871,0.4184847607
0.270200,0.868687,0.3903807276,0.3903799567
0.270200,0.878788,0.3618827877,0.3618820732
0.270200,0.888889,0.3330204626,0.3330198051
0.270200,0.898990,0.3038228142,0.3038222142
0.270200,0.909091,0.2743192419,0.2743187002
0.270200,0.919192,0.2445394533,0.2445389705
0.270200,0.929293,0.2145134343,0.2145130107
0.270200,0.939394,0.1842714185,0.1842710546
0.270200,0.949495,0.1538438569,0.1538435531
0.270200,0.959596,0.1232613876,0.1232611442
0.270200,0.969697,0.0925548046,0.0925546218
0.270200,0.979798,0.0617550267,0.0617549047
0.270200,0.989899,0.0308930667,0.0308930057
0.270200,1.000000,0.0000000000,0.0000000000
0.280200,0.000000,0.0000000000,0.0000000000
0.280200,0.010101,0.0308625937,0.0308625305
0.280200,0.020202,0.0616941115,0.0616939851
0.280200,0.030303,0.0924635084,0.0924633191
0.280200,0.040404,0.1231398025,0.1231395504
0.280200,0.050505,0.1536921052,0.1536917905
0.280200,0.060606,0.1840896530,0.1840892761
0.280200,0.070707,0.2143018382,0.2143013993
0.280200,0.080808,0.2442982395,0.2442977392
0.280200,0.090909,0.2740486532,0.2740480920
0.280200,0.101010,0.3035231232,0.3035225017
0.280200,0.111111,0.3326919711,0.3326912898
0.280200,0.121212,0.3615258264,0.3615250861
0.280200,0.131313,0.3899956558,0.3899948572
0.280200,0.141414,0.4180727926,0.4180719366
0.280200,0.151515,0.4457289656,0.4457280529
0.280200,0.161616,0.4729363274,0.4729353589
0.280200,0.171717,0.4996674823,0.4996664591
0.280200,0.181818,0.5258955144,0.5258944375
0.280200,0.191919,0.5515940143,0.5515928848
0.280200,0.202020,0.5767371058,0.5767359248
0.280200,0.212121,0.6012994719,0.6012982406
0.280200,0.222222,0.6252563804,0.6252551001
0.280200,0.232323,0.6485837088,0.6485823807
0.280200,0.242424,0.6712579683,0.6712565938
0.280200,0.252525,0.6932563280,0.6932549084
0.280200,0.262626,0.7145566373,0.7145551741
0.280200,0.272727,0.7351374486,0.7351359433
0.280200,0.282828,0.7549780388,0.7549764929
0.280200,0.292929,0.7740584302,0.7740568451
0.280200,0.303030,0.7923594103,0.7923577878
0.280200,0.313131,0.8098625517,0.8098608933
0.280200,0.323232,0.8265502301,0.8265485376
0.280200,0.333333,0.8424056425,0.8424039175
0.280200,0.343434,0.8574128238,0.8574110681
0.280200,0.353535,0.8715566631,0.8715548784
0.280200,0.363636,0.8848229188,0.8848211069
0.280200,0.373737,0.8971982327,0.8971963955
0.280200,0.383838,0.9086701441,0.9086682834
0.280200,0.393939,0.9192271016,0.9192252193
0.280200,0.404040,0.9288584754,0.9288565734
0.280200,0.414141,0.9375545675,0.9375526476
0.280200,0.424242,0.9453066215,0.9453046858
0.280200,0.434343,0.9521068320,0.9521048823
0.280200,0.444444,0.9579483515,0.9579463899
0.280200,0.454545,0.9628252983,0.9628233267
0.280200,0.464646,0.9667327616,0.9667307820
0.280200,0.474747,0.9696668069,0.9696648214
0.280200,0.484848,0.9716244800,0.9716224904
0.280200,0.494949,0.9726038096,0.9726018180
0.280200,0.505051,0.9726038096,0.9726018180
0.280200,0.515152,0.9716244800,0.9716224904
0.280200,0.525253,0.9696668069,0.9696648214
0.280200,0.535354,0.9667327616,0.9667307820
0.280200,0.545455,0.9628252983,0.9628233267
0.280200,0.555556,0.9579483515,0.9579463899
0.280200,0.565657,0.9521068320,0.9521048823
0.280200,0.575758,0.9453066215,0.9453046858
0.280200,0.585859,0.9375545675,0.9375526476
0.280200,0.595960,0.9288584754,0.9288565734
0.280200,0.606061,0.9192271016,0.9192252193
0.280200,0.616162,0.9086701441,0.9086682834
0.280200,0.626263,0.8971982327,0.8971963955
0.280200,0.636364,0.8848229188,0.8848211069
0.280200,0.646465,0.8715566631,0.8715548784
0.280200,0.656566,0.8574128238,0.8574110681
0.280200,0.666667,0.8424056425,0.8424039175
0.280200,0.676768,0.8265502301,0.8265485376
0.280200,0.686869,0.8098625517,0.8098608933
0.280200,0.696970,0.7923594103,0.7923577878
0.280200,0.707071,0.7740584302,0.7740568451
0.280200,0.717172,0.7549780388,0.7549764929
0.280200,0.727273,0.7351374486,0.7351359433
0.280200,0.737374,0.7145566373,0.7145551741
0.280200,0.747475,0.6932563280,0.6932549084
0.280200,0.757576,0.6712579683,0.6712565938
0.280200,0.767677,0.6485837088,0.6485823807
0.280200,0.777778,0.6252563804,0.6252551001
0.280200,0.787879,0.6012994719,0.6012982406
0.280200,0.797980,0.5767371058,0.5767359248
0.280200,0.808081,0.5515940143,0.5515928848
0.280200,0.818182,0.5258955144,0.5258944375
0.280200,0.828283,0.4996674823,0.4996664591
0.280200,0.838384,0.4729363274,0.4729353589
0.280200,0.848485,0.4457289656,0.4457280529
0.280200,0.858586,0.4180727926,0.4180719366
0.280200,0.868687,0.3899956558,0.3899948572
0.280200,0.878788,0.3615258264,0.3615250861
0.280200,0.888889,0.3326919711,0.3326912898
0.280200,0.898990,0.3035231232,0.3035225017
0.280200,0.909091,0.2740486532,0.2740480920
0.280200,0.919192,0.2442982395,0.2442977392
0.280200,0.929293,0.2143018382,0.2143013993
0.280200,0.939394,0.1840896530,0.1840892761
0.280200,0.949495,0.1536921052,0.1536917905
0.280200,0.959596,0.1231398025,0.1231395504
0.280200,0.969697,0.0924635084,0.0924633191
0.280200,0.979798,0.0616941115,0.0616939851
0.280200,0.989899,0.0308625937,0.0308625305
0.280200,1.000000,0.0000000000,0.0000000000
0.290200,0.000000,0.0000000000,0.0000000000
0.290200,0.010101,0.0308321509,0.0308320855
0.290200,0.020202,0.0616332564,0.0616331256
0.290200,0.030303,0.0923723024,0.0923721065
0.290200,0.040404,0.1230183373,0.1230180764
0.290200,0.050505,0.1535405033,0.1535401776
0.290200,0.060606,0.1839080669,0.1839076769
0.290200,0.070707,0.2140904507,0.2140899967
0.290200,0.080808,0.2440572636,0.2440567460
0.290200,0.090909,0.2737783315,0.2737777509
0.290200,0.101010,0.3032237278,0.3032230847
0.290200,0.111111,0.3323638035,0.3323630987
0.290200,0.121212,0.3611692171,0.3611684511
0.290200,0.131313,0.3896109639,0.3896101376
0.290200,0.141414,0.4176604054,0.4176595196
0.290200,0.151515,0.4452892983,0.4452883540
0.290200,0.161616,0.4724698227,0.4724688207
0.290200,0.171717,0.4991746100,0.4991735513
0.290200,0.181818,0.5253767708,0.5253756566
0.290200,0.191919,0.5510499217,0.5510487530
0.290200,0.202020,0.5761682120,0.5761669901
0.290200,0.212121,0.6007063498,0.6007050758
0.290200,0.222222,0.6246396272,0.6246383025
0.290200,0.232323,0.6479439455,0.6479425713
0.290200,0.242424,0.6705958391,0.6705944169
0.290200,0.252525,0.6925724995,0.6925710307
0.290200,0.262626,0.7138517982,0.7138502843
0.290200,0.272727,0.7344123086,0.7344107511
0.290200,0.282828,0.7542333281,0.7542317285
0.290200,0.292929,0.7732948985,0.7732932585
0.290200,0.303030,0.7915778266,0.7915761478
0.290200,0.313131,0.8090637028,0.8090619870
0.290200,0.323232,0.8257349205,0.8257331693
0.290200,0.333333,0.8415746931,0.8415729083
0.290200,0.343434,0.8565670714,0.8565652548
0.290200,0.353535,0.8706969592,0.8706951126
0.290200,0.363636,0.8839501289,0.8839482543
0.290200,0.373737,0.8963132359,0.8963113350
0.290200,0.383838,0.9077738313,0.9077719061
0.290200,0.393939,0.9183203755,0.9183184280
0.290200,0.404040,0.9279422489,0.9279402809
0.290200,0.414141,0.9366297631,0.9366277767
0.290200,0.424242,0.9443741706,0.9443721677
0.290200,0.434343,0.9511676733,0.9511656560
0.290200,0.444444,0.9570034307,0.9570014011
0.290200,0.454545,0.9618755669,0.9618735269
0.290200,0.464646,0.9657791759,0.9657771277
0.290200,0.474747,0.9687103271,0.9687082727
0.290200,0.484848,0.9706660691,0.9706640105
0.290200,0.494949,0.9716444327,0.9716423720
0.290200,0.505051,0.9716444327,0.9716423720
0.290200,0.515152,0.9706660691,0.9706640105
0.290200,0.525253,0.9687103271,0.9687082727
0.290200,0.535354,0.9657791759,0.9657771277
0.290200,0.545455,0.9618755669,0.9618735269
0.290200,0.555556,0.9570034307,0.9570014011
0.290200,0.565657,0.9511676733,0.9511656560
0.290200,0.575758,0.9443741706,0.9443721677
0.290200,0.585859,0.9366297631,0.9366277767
0.290200,0.595960,0.9279422489,0.9279402809
0.290200,0.606061,0.9183203755,0.9183184280
0.290200,0.616162,0.9077738313,0.9077719061
0.290200,0.626263,0.8963132359,0.8963113350
0.290200,0.636364,0.8839501289,0.8839482543
0.290200,0.646465,0.8706969592,0.8706951126
0.290200,0.656566,0.8565670714,0.8565652548
0.290200,0.666667,0.8415746931,0.8415729083
0.290200,0.676768,0.8257349205,0.8257331693
0.290200,0.686869,0.8090637028,0.8090619870
0.290200,0.696970,0.7915778266,0.7915761478
0.290200,0.707071,0.7732948985,0.7732932585
0.290200,0.717172,0.7542333281,0.7542317285
0.290200,0.727273,0.7344123086,0.7344107511
0.290200,0.737374,0.7138517982,0.7138502843
0.290200,0.747475,0.6925724995,0.6925710307
0.290200,0.757576,0.6705958391,0.6705944169
0.290200,0.767677,0.6479439455,0.6479425713
0.290200,0.777778,0.6246396272,0.6246383025
0.290200,0.787879,0.6007063498,0.6007050758
0.290200,0.797980,0.5761682120,0.5761669901
0.290200,0.808081,0.5510499217,0.5510487530
0.290200,0.818182,0.5253767708,0.5253756566
0.290200,0.828283,0.4991746100,0.4991735513
0.290200,0.838384,0.4724698227,0.4724688207
0.290200,0.848485,0.4452892983,0.4452883540
0.290200,0.858586,0.4176604054,0.4176595196
0.290200,0.868687,0.3896109639,0.3896101376
0.290200,0.878788,0.3611692171,0.3611684511
0.290200,0.888889,0.3323638035,0.3323630987
0.290200,0.898990,0.3032237278,0.3032230847
0.290200,0.909091,0.2737783315,0.2737777509
0.290200,0.919192,0.2440572636,0.2440567460
0.290200,0.929293,0.2140904507,0.2140899967
0.290200,0.939394,0.1839080669,0.1839076769
0.290200,0.949495,0.1535405033,0.1535401776
0.290200,0.959596,0.1230183373,0.1230180764
0.290200,0.969697,0.0923723024,0.0923721065
0.290200,0.979798,0.0616332564,0.0616331256
0.290200,0.989899,0.0308321509,0.0308320855
0.290200,1.000000,0.0000000000,0.0000000000
0.300200,0.000000,0.0000000000,0.0000000000
0.300200,0.010101,0.0308017380,0.0308016704
0.300200,0.020202,0.0615724613,0.0615723262
0.300200,0.030303,0.0922811863,0.0922809838
0.300200,0.040404,0.1228969920,0.1228967224
0.300200,0.050505,0.1533890508,0.1533887143
0.300200,0.060606,0.1837266599,0.1837262568
0.300200,0.070707,0.2138792718,0.2138788025
0.300200,0.080808,0.2438165254,0.2438159905
0.300200,0.090909,0.2735082764,0.2735076763
0.300200,0.101010,0.3029246278,0.3029239632
0.300200,0.111111,0.3320359597,0.3320352313
0.300200,0.121212,0.3608129596,0.3608121680
0.300200,0.131313,0.3892266514,0.3892257975
0.300200,0.141414,0.4172484250,0.4172475096
0.300200,0.151515,0.4448500647,0.4448490888
0.300200,0.161616,0.4720037782,0.4720027427
0.300200,0.171717,0.4986822239,0.4986811298
0.300200,0.181818,0.5248585388,0.5248573874
0.300200,0.191919,0.5505063657,0.5505051580
0.300200,0.202020,0.5755998794,0.5755986166
0.300200,0.212121,0.6001138127,0.6001124961
0.300200,0.222222,0.6240234823,0.6240221133
0.300200,0.232323,0.6473048132,0.6473033931
0.300200,0.242424,0.6699343630,0.6699328932
0.300200,0.252525,0.6918893457,0.6918878277
0.300200,0.262626,0.7131476544,0.7131460899
0.300200,0.272727,0.7336878839,0.7336862743
0.300200,0.282828,0.7534893519,0.7534876989
0.300200,0.292929,0.7725321200,0.7725304252
0.300200,0.303030,0.7907970138,0.7907952789
0.300200,0.313131,0.8082656419,0.8082638687
0.300200,0.323232,0.8249204151,0.8249186054
0.300200,0.333333,0.8407445634,0.8407427189
0.300200,0.343434,0.8557221531,0.8557202758
0.300200,0.353535,0.8698381032,0.8698361949
0.300200,0.363636,0.8830782001,0.8830762627
0.300200,0.373737,0.8954291120,0.8954271476
0.300200,0.383838,0.9068784027,0.9068764132
0.300200,0.393939,0.9174145438,0.9174125311
0.300200,0.404040,0.9270269262,0.9270248924
0.300200,0.414141,0.9357058710,0.9357038182
0.300200,0.424242,0.9434426394,0.9434405696
0.300200,0.434343,0.9502294409,0.9502273563
0.300200,0.444444,0.9560594420,0.9560573446
0.300200,0.454545,0.9609267723,0.9609246641
0.300200,0.464646,0.9648265308,0.9648244141
0.300200,0.474747,0.9677547907,0.9677526676
0.300200,0.484848,0.9697086036,0.9697064762
0.300200,0.494949,0.9706860021,0.9706838725
0.300200,0.505051,0.9706860021,0.9706838725
0.300200,0.515152,0.9697086036,0.9697064762
0.300200,0.525253,0.9677547907,0.9677526676
0.300200,0.535354,0.9648265308,0.9648244141
0.300200,0.545455,0.9609267723,0.9609246641
0.300200,0.555556,0.9560594420,0.9560573446
0.300200,0.565657,0.9502294409,0.9502273563
0.300200,0.575758,0.9434426394,0.9434405696
0.300200,0.585859,0.9357058710,0.9357038182
0.300200,0.595960,0.9270269262,0.9270248924
0.300200,0.606061,0.9174145438,0.9174125311
0.300200,0.616162,0.9068784027,0.9068764132
0.300200,0.626263,0.8954291120,0.8954271476
0.300200,0.636364,0.8830782001,0.8830762627
0.300200,0.646465,0.8698381032,0.8698361949
0.300200,0.656566,0.8557221531,0.8557202758
0.300200,0.666667,0.8407445634,0.8407427189
0.300200,0.676768,0.8249204151,0.8249186054
0.300200,0.686869,0.8082656419,0.8082638687
0.300200,0.696970,0.7907970138,0.7907952789
0.300200,0.707071,0.7725321200,0.7725304252
0.300200,0.717172,0.7534893519,0.7534876989
0.300200,0.727273,0.7336878839,0.7336862743
0.300200,0.737374,0.7131476544,0.7131460899
0.300200,0.747475,0.6918893457,0.6918878277
0.300200,0.757576,0.6699343630,0.6699328932
0.300200,0.767677,0.6473048132,0.6473033931
0.300200,0.777778,0.6240234823,0.6240221133
0.300200,0.787879,0.6001138127,0.6001124961
0.300200,0.797980,0.5755998794,0.5755986166
0.300200,0.808081,0.5505063657,0.5505051580
0.300200,0.818182,0.5248585388,0.5248573874
0.300200,0.828283,0.4986822239,0.4986811298
0.300200,0.838384,0.4720037782,0.4720027427
0.300200,0.848485,0.4448500647,0.4448490888
0.300200,0.858586,0.4172484250,0.4172475096
0.300200,0.868687,0.3892266514,0.3892257975
0.300200,0.878788,0.3608129596,0.3608121680
0.300200,0.888889,0.3320359597,0.3320352313
0.300200,0.898990,0.3029246278,0.3029239632
0.300200,0.909091,0.2735082764,0.2735076763
0.300200,0.919192,0.2438165254,0.2438159905
0.300200,0.929293,0.2138792718,0.2138788025
0.300200,0.939394,0.1837266599,0.1837262568
0.300200,0.949495,0.1533890508,0.1533887143
0.300200,0.959596,0.1228969920,0.1228967224
0.300200,0.969697,0.0922811863,0.0922809838
0.300200,0.979798,0.0615724613,0.0615723262
0.300200,0.989899,0.0308017380,0.0308016704
0.300200,1.000000,0.0000000000,0.0000000000
0.310200,0.000000,0.0000000000,0.0000000000
0.310200,0.010101,0.0307713552,0.0307712854
0.310200,0.020202,0.0615117262,0.0615115867
0.310200,0.030303,0.0921901601,0.0921899511
0.310200,0.040404,0.1227757663,0.1227754880
0.310200,0.050505,0.1532377478,0.1532374004
0.310200,0.060606,0.1835454318,0.1835450157
0.310200,0.070707,0.2136683011,0.2136678168
0.310200,0.080808,0.2435760246,0.2435754724
0.310200,0.090909,0.2732384877,0.2732378683
0.310200,0.101010,0.3026258227,0.3026251367
0.310200,0.111111,0.3317084392,0.3317076873
0.310200,0.121212,0.3604570535,0.3604562363
0.310200,0.131313,0.3888427180,0.3888418365
0.310200,0.141414,0.4168368509,0.4168359059
0.310200,0.151515,0.4444112644,0.4444102569
0.310200,0.161616,0.4715381934,0.4715371245
0.310200,0.171717,0.4981903235,0.4981891941
0.310200,0.181818,0.5243408181,0.5243396294
0.310200,0.191919,0.5499633459,0.5499620992
0.310200,0.202020,0.5750321073,0.5750308038
0.310200,0.212121,0.5995218601,0.5995205010
0.310200,0.222222,0.6234079452,0.6234065320
0.310200,0.232323,0.6466663114,0.6466648454
0.310200,0.242424,0.6692735394,0.6692720222
0.310200,0.252525,0.6912068656,0.6912052987
0.310200,0.262626,0.7124442052,0.7124425901
0.310200,0.272727,0.7329641738,0.7329625122
0.310200,0.282828,0.7527461096,0.7527444032
0.310200,0.292929,0.7717700939,0.7717683444
0.310200,0.303030,0.7900169712,0.7900151802
0.310200,0.313131,0.8074683683,0.8074665378
0.310200,0.323232,0.8241067132,0.8241048450
0.310200,0.333333,0.8399152525,0.8399133484
0.310200,0.343434,0.8548780683,0.8548761304
0.310200,0.353535,0.8689800944,0.8689781245
0.310200,0.363636,0.8822071312,0.8822051313
0.310200,0.373737,0.8945458602,0.8945438324
0.310200,0.383838,0.9059838574,0.9059818036
0.310200,0.393939,0.9165096056,0.9165075279
0.310200,0.404040,0.9261125063,0.9261104069
0.310200,0.414141,0.9347828902,0.9347807711
0.310200,0.424242,0.9425120270,0.9425098904
0.310200,0.434343,0.9492921341,0.9492899821
0.310200,0.444444,0.9551163845,0.9551142193
0.310200,0.454545,0.9599789136,0.9599767374
0.310200,0.464646,0.9638748253,0.9638726403
0.310200,0.474747,0.9668001968,0.9667980051
0.310200,0.484848,0.9687520825,0.9687498864
0.310200,0.494949,0.9697285169,0.9697263186
0.310200,0.505051,0.9697285169,0.9697263186
0.310200,0.515152,0.9687520825,0.9687498864
0.310200,0.525253,0.9668001968,0.9667980051
0.310200,0.535354,0.9638748253,0.9638726403
0.310200,0.545455,0.9599789136,0.9599767374
0.310200,0.555556,0.9551163845,0.9551142193
0.310200,0.565657,0.9492921341,0.9492899821
0.310200,0.575758,0.9425120270,0.9425098904
0.310200,0.585859,0.9347828902,0.9347807711
0.310200,0.595960,0.9261125063,0.9261104069
0.310200,0.606061,0.9165096056,0.9165075279
0.310200,0.616162,0.9059838574,0.9059818036
0.310200,0.626263,0.8945458602,0.8945438324
0.310200,0.636364,0.8822071312,0.8822051313
0.310200,0.646465,0.8689800944,0.8689781245
0.310200,0.656566,0.8548780683,0.8548761304
0.310200,0.666667,0.8399152525,0.8399133484
0.310200,0.676768,0.8241067132,0.8241048450
0.310200,0.686869,0.8074683683,0.8074665378
0.310200,0.696970,0.7900169712,0.7900151802
0.310200,0.707071,0.7717700939,0.7717683444
0.310200,0.717172,0.7527461096,0.7527444032
0.310200,0.727273,0.7329641738,0.7329625122
0.310200,0.737374,0.7124442052,0.7124425901
0.310200,0.747475,0.6912068656,0.6912052987
0.310200,0.757576,0.6692735394,0.6692720222
0.310200,0.767677,0.6466663114,0.6466648454
0.310200,0.777778,0.6234079452,0.6234065320
0.310200,0.787879,0.5995218601,0.5995205010
0.310200,0.797980,0.5750321073,0.5750308038
0.310200,0.808081,0.5499633459,0.5499620992
0.310200,0.818182,0.5243408181,0.5243396294
0.310200,0.828283,0.4981903235,0.4981891941
0.310200,0.838384,0.4715381934,0.4715371245
0.310200,0.848485,0.4444112644,0.4444102569
0.310200,0.858586,0.4168368509,0.4168359059
0.310200,0.868687,0.3888427180,0.3888418365
0.310200,0.878788,0.3604570535,0.3604562363
0.310200,0.888889,0.3317084392,0.3317076873
0.310200,0.898990,0.3026258227,0.3026251367
0.310200,0.909091,0.2732384877,0.2732378683
0.310200,0.919192,0.2435760246,0.2435754724
0.310200,0.929293,0.2136683011,0.2136678168
0.310200,0.939394,0.1835454318,0.1835450157
0.310200,0.949495,0.1532377478,0.1532374004
0.310200,0.959596,0.1227757663,0.1227754880
0.310200,0.969697,0.0921901601,0.0921899511
0.310200,0.979798,0.0615117262,0.0615115867
0.310200,0.989899,0.0307713552,0.0307712854
0.310200,1.000000,0.0000000000,0.0000000000
0.320200,0.000000,0.0000000000,0.0000000000
0.320200,0.010101,0.0307410023,0.0307409303
0.320200,0.020202,0.0614510510,0.0614509072
0.320200,0.030303,0.0920992237,0.0920990081
0.320200,0.040404,0.1226546602,0.1226543732
0.320200,0.050505,0.1530865940,0.1530862358
0.320200,0.060606,0.1833643825,0.1833639534
0.320200,0.070707,0.2134575386,0.2134570391
0.320200,0.080808,0.2433357611,0.2433351917
0.320200,0.090909,0.2729689651,0.2729683263
0.320200,0.101010,0.3023273125,0.3023266050
0.320200,0.111111,0.3313812419,0.3313804664
0.320200,0.121212,0.3601014984,0.3601006558
0.320200,0.131313,0.3884591633,0.3884582543
0.320200,0.141414,0.4164256828,0.4164247083
0.320200,0.151515,0.4439728969,0.4439718580
0.320200,0.161616,0.4710730679,0.4710719656
0.320200,0.171717,0.4976989083,0.4976977436
0.320200,0.181818,0.5238236080,0.5238223822
0.320200,0.191919,0.5494208618,0.5494195761
0.320200,0.202020,0.5744648953,0.5744635511
0.320200,0.212121,0.5989304914,0.5989290899
0.320200,0.222222,0.6227930153,0.6227915579
0.320200,0.232323,0.6460284394,0.6460269276
0.320200,0.242424,0.6686133676,0.6686118030
0.320200,0.252525,0.6905250588,0.6905234429
0.320200,0.262626,0.7117414498,0.7117397843
0.320200,0.272727,0.7322411775,0.7322394641
0.320200,0.282828,0.7520036004,0.7520018407
0.320200,0.292929,0.7710088195,0.7710070153
0.320200,0.303030,0.7892376980,0.7892358511
0.320200,0.313131,0.8066718810,0.8066699934
0.320200,0.323232,0.8232938139,0.8232918873
0.320200,0.333333,0.8390867596,0.8390847961
0.320200,0.343434,0.8540348161,0.8540328177
0.320200,0.353535,0.8681229320,0.8681209006
0.320200,0.363636,0.8813369216,0.8813348593
0.320200,0.373737,0.8936634797,0.8936613885
0.320200,0.383838,0.9050901944,0.9050880765
0.320200,0.393939,0.9156055600,0.9156034175
0.320200,0.404040,0.9251989884,0.9251968234
0.320200,0.414141,0.9338608199,0.9338586346
0.320200,0.424242,0.9415823327,0.9415801293
0.320200,0.434343,0.9483557518,0.9483535326
0.320200,0.444444,0.9541742571,0.9541720244
0.320200,0.454545,0.9590319899,0.9590297457
0.320200,0.464646,0.9629240587,0.9629218054
0.320200,0.474747,0.9658465446,0.9658442845
0.320200,0.484848,0.9677965049,0.9677942402
0.320200,0.494949,0.9687719762,0.9687697092
0.320200,0.505051,0.9687719762,0.9687697092
0.320200,0.515152,0.9677965049,0.9677942402
0.320200,0.525253,0.9658465446,0.9658442845
0.320200,0.535354,0.9629240587,0.9629218054
0.320200,0.545455,0.9590319899,0.9590297457
0.320200,0.555556,0.9541742571,0.9541720244
0.320200,0.565657,0.9483557518,0.9483535326
0.320200,0.575758,0.9415823327,0.9415801293
0.320200,0.585859,0.9338608199,0.9338586346
0.320200,0.595960,0.9251989884,0.9251968234
0.320200,0.606061,0.9156055600,0.9156034175
0.320200,0.616162,0.9050901944,0.9050880765
0.320200,0.626263,0.8936634797,0.8936613885
0.320200,0.636364,0.8813369216,0.8813348593
0.320200,0.646465,0.8681229320,0.8681209006
0.320200,0.656566,0.8540348161,0.8540328177
0.320200,0.666667,0.8390867596,0.8390847961
0.320200,0.676768,0.8232938139,0.8232918873
0.320200,0.686869,0.8066718810,0.8066699934
0.320200,0.696970,0.7892376980,0.7892358511
0.320200,0.707071,0.7710088195,0.7710070153
0.320200,0.717172,0.7520036004,0.7520018407
0.320200,0.727273,0.7322411775,0.7322394641
0.320200,0.737374,0.7117414498,0.7117397843
0.320200,0.747475,0.6905250588,0.6905234429
0.320200,0.757576,0.6686133676,0.6686118030
0.320200,0.767677,0.6460284394,0.6460269276
0.320200,0.777778,0.6227930153,0.6227915579
0.320200,0.787879,0.5989304914,0.5989290899
0.320200,0.797980,0.5744648953,0.5744635511
0.320200,0.808081,0.5494208618,0.5494195761
0.320200,0.818182,0.5238236080,0.5238223822
0.320200,0.828283,0.4976989083,0.4976977436
0.320200,0.838384,0.4710730679,0.4710719656
0.320200,0.848485,0.4439728969,0.4439718580
0.320200,0.858586,0.4164256828,0.4164247083
0.320200,0.868687,0.3884591633,0.3884582543
0.320200,0.878788,0.3601014984,0.3601006558
0.320200,0.888889,0.3313812419,0.3313804664
0.320200,0.898990,0.3023273125,0.3023266050
0.320200,0.909091,0.2729689651,0.2729683263
0.320200,0.919192,0.2433357611,0.2433351917
0.320200,0.929293,0.2134575386,0.2134570391
0.320200,0.939394,0.1833643825,0.1833639534
0.320200,0.949495,0.1530865940,0.1530862358
0.320200,0.959596,0.1226546602,0.1226543732
0.320200,0.969697,0.0920992237,0.0920990081
0.320200,0.979798,0.0614510510,0.0614509072
0.320200,0.989899,0.0307410023,0.0307409303
0.320200,1.000000,0.0000000000,0.0000000000
0.330200,0.000000,0.0000000000,0.0000000000
0.330200,0.010101,0.0307106793,0.0307106052
0.330200,0.020202,0.0613904356,0.0613902875
0.330200,0.030303,0.0920083769,0.0920081549
0.330200,0.040404,0.1225336736,0.1225333779
0.330200,0.050505,0.1529355893,0.1529352202
0.330200,0.060606,0.1831835118,0.1831830697
0.330200,0.070707,0.2132469840,0.2132464694
0.330200,0.080808,0.2430957346,0.2430951479
0.330200,0.090909,0.2726997083,0.2726990503
0.330200,0.101010,0.3020290966,0.3020283678
0.330200,0.111111,0.3310543672,0.3310535684
0.330200,0.121212,0.3597462941,0.3597454260
0.330200,0.131313,0.3880759870,0.3880750505
0.330200,0.141414,0.4160149203,0.4160139164
0.330200,0.151515,0.4435349618,0.4435338915
0.330200,0.161616,0.4706084012,0.4706072655
0.330200,0.171717,0.4972079778,0.4972067780
0.330200,0.181818,0.5233069081,0.5233056453
0.330200,0.191919,0.5488789128,0.5488775883
0.330200,0.202020,0.5738982429,0.5738968580
0.330200,0.212121,0.5983397061,0.5983382622
0.330200,0.222222,0.6221786919,0.6221771905
0.330200,0.232323,0.6453911966,0.6453896392
0.330200,0.242424,0.6679538470,0.6679522351
0.330200,0.252525,0.6898439245,0.6898422598
0.330200,0.262626,0.7110393877,0.7110376718
0.330200,0.272727,0.7315188944,0.7315171292
0.330200,0.282828,0.7512618237,0.7512600108
0.330200,0.292929,0.7702482959,0.7702464373
0.330200,0.303030,0.7884591935,0.7884572908
0.330200,0.313131,0.8058761794,0.8058742348
0.330200,0.323232,0.8224817164,0.8224797317
0.330200,0.333333,0.8382590840,0.8382570612
0.330200,0.343434,0.8531923957,0.8531903369
0.330200,0.353535,0.8672666151,0.8672645223
0.330200,0.363636,0.8804675704,0.8804654458
0.330200,0.373737,0.8927819696,0.8927798152
0.330200,0.383838,0.9041974130,0.9041952310
0.330200,0.393939,0.9147024062,0.9147001989
0.330200,0.404040,0.9242863716,0.9242841412
0.330200,0.414141,0.9329396591,0.9329374078
0.330200,0.424242,0.9406535553,0.9406512854
0.330200,0.434343,0.9474202932,0.9474180070
0.330200,0.444444,0.9532330591,0.9532307589
0.330200,0.454545,0.9580860002,0.9580836882
0.330200,0.464646,0.9619742299,0.9619719085
0.330200,0.474747,0.9648938330,0.9648915046
0.330200,0.484848,0.9668418699,0.9668395368
0.330200,0.494949,0.9678163789,0.9678140435
0.330200,0.505051,0.9678163789,0.9678140435
0.330200,0.515152,0.9668418699,0.9668395368
0.330200,0.525253,0.9648938330,0.9648915046
0.330200,0.535354,0.9619742299,0.9619719085
0.330200,0.545455,0.9580860002,0.9580836882
0.330200,0.555556,0.9532330591,0.9532307589
0.330200,0.565657,0.9474202932,0.9474180070
0.330200,0.575758,0.9406535553,0.9406512854
0.330200,0.585859,0.9329396591,0.9329374078
0.330200,0.595960,0.9242863716,0.9242841412
0.330200,0.606061,0.9147024062,0.9147001989
0.330200,0.616162,0.9041974130,0.9041952310
0.330200,0.626263,0.8927819696,0.8927798152
0.330200,0.636364,0.8804675704,0.8804654458
0.330200,0.646465,0.8672666151,0.8672645223
0.330200,0.656566,0.8531923957,0.8531903369
0.330200,0.666667,0.8382590840,0.8382570612
0.330200,0.676768,0.8224817164,0.8224797317
0.330200,0.686869,0.8058761794,0.8058742348
0.330200,0.696970,0.7884591935,0.7884572908
0.330200,0.707071,0.7702482959,0.7702464373
0.330200,0.717172,0.7512618237,0.7512600108
0.330200,0.727273,0.7315188944,0.7315171292
0.330200,0.737374,0.7110393877,0.7110376718
0.330200,0.747475,0.6898439245,0.6898422598
0.330200,0.757576,0.6679538470,0.6679522351
0.330200,0.767677,0.6453911966,0.6453896392
0.330200,0.777778,0.6221786919,0.6221771905
0.330200,0.787879,0.5983397061,0.5983382622
0.330200,0.797980,0.5738982429,0.5738968580
0.330200,0.808081,0.5488789128,0.5488775883
0.330200,0.818182,0.5233069081,0.5233056453
0.330200,0.828283,0.4972079778,0.4972067780
0.330200,0.838384,0.4706084012,0.4706072655
0.330200,0.848485,0.4435349618,0.4435338915
0.330200,0.858586,0.4160149203,0.4160139164
0.330200,0.868687,0.3880759870,0.3880750505
0.330200,0.878788,0.3597462941,0.3597454260
0.330200,0.888889,0.3310543672,0.3310535684
0.330200,0.898990,0.3020290966,0.3020283678
0.330200,0.909091,0.2726997083,0.2726990503
0.330200,0.919192,0.2430957346,0.2430951479
0.330200,0.929293,0.2132469840,0.2132464694
0.330200,0.939394,0.1831835118,0.1831830697
0.330200,0.949495,0.1529355893,0.1529352202
0.330200,0.959596,0.1225336736,0.1225333779
0.330200,0.969697,0.0920083769,0.0920081549
0.330200,0.979798,0.0613904356,0.0613902875
0.330200,0.989899,0.0307106793,0.0307106052
0.330200,1.000000,0.0000000000,0.0000000000
0.340200,0.000000,0.0000000000,0.0000000000
0.340200,0.010101,0.0306803863,0.0306803100
0.340200,0.020202,0.0613298801,0.0613297276
0.340200,0.030303,0.0919176198,0.0919173913
0.340200,0.040404,0.1224128063,0.1224125020
0.340200,0.050505,0.1527847335,0.1527843537
0.340200,0.060606,0.1830028194,0.1830023645
0.340200,0.070707,0.2130366370,0.2130361074
0.340200,0.080808,0.2428559448,0.2428553410
0.340200,0.090909,0.2724307172,0.2724300399
0.340200,0.101010,0.3017311750,0.3017304248
0.340200,0.111111,0.3307278150,0.3307269928
0.340200,0.121212,0.3593914402,0.3593905467
0.340200,0.131313,0.3876931886,0.3876922248
0.340200,0.141414,0.4156045629,0.4156035297
0.340200,0.151515,0.4430974586,0.4430963570
0.340200,0.161616,0.4701441928,0.4701430239
0.340200,0.171717,0.4967175316,0.4967162966
0.340200,0.181818,0.5227907179,0.5227894181
0.340200,0.191919,0.5483374983,0.5483361350
0.340200,0.202020,0.5733321493,0.5733307239
0.340200,0.212121,0.5977495035,0.5977480173
0.340200,0.222222,0.6215649745,0.6215634292
0.340200,0.232323,0.6447545823,0.6447529794
0.340200,0.242424,0.6672949769,0.6672933179
0.340200,0.252525,0.6891634621,0.6891617487
0.340200,0.262626,0.7103380180,0.7103362520
0.340200,0.272727,0.7307973238,0.7307955069
0.340200,0.282828,0.7505207786,0.7505189127
0.340200,0.292929,0.7694885226,0.7694866095
0.340200,0.303030,0.7876814569,0.7876794986
0.340200,0.313131,0.8050812627,0.8050792612
0.340200,0.323232,0.8216704200,0.8216683772
0.340200,0.333333,0.8374322248,0.8374301428
0.340200,0.343434,0.8523508063,0.8523486872
0.340200,0.353535,0.8664111428,0.8664089887
0.340200,0.363636,0.8795990767,0.8795968899
0.340200,0.373737,0.8919013289,0.8918991115
0.340200,0.383838,0.9033055121,0.9033032663
0.340200,0.393939,0.9138001432,0.9137978714
0.340200,0.404040,0.9233746551,0.9233723594
0.340200,0.414141,0.9320194069,0.9320170897
0.340200,0.424242,0.9397256941,0.9397233578
0.340200,0.434343,0.9464857573,0.9464834042
0.340200,0.444444,0.9522927895,0.9522904220
0.340200,0.454545,0.9571409436,0.9571385640
0.340200,0.464646,0.9610253380,0.9610229487
0.340200,0.474747,0.9639420612,0.9639396647
0.340200,0.484848,0.9658881765,0.9658857752
0.340200,0.494949,0.9668617243,0.9668593205
0.340200,0.505051,0.9668617243,0.9668593205
0.340200,0.515152,0.9658881765,0.9658857752
0.340200,0.525253,0.9639420612,0.9639396647
0.340200,0.535354,0.9610253380,0.9610229487
0.340200,0.545455,0.9571409436,0.9571385640
0.340200,0.555556,0.9522927895,0.9522904220
0.340200,0.565657,0.9464857573,0.9464834042
0.340200,0.575758,0.9397256941,0.9397233578
0.340200,0.585859,0.9320194069,0.9320170897
0.340200,0.595960,0.9233746551,0.9233723594
0.340200,0.606061,0.9138001432,0.9137978714
0.340200,0.616162,0.9033055121,0.9033032663
0.340200,0.626263,0.8919013289,0.8918991115
0.340200,0.636364,0.8795990767,0.8795968899
0.340200,0.646465,0.8664111428,0.8664089887
0.340200,0.656566,0.8523508063,0.8523486872
0.340200,0.666667,0.8374322248,0.8374301428
0.340200,0.676768,0.8216704200,0.8216683772
0.340200,0.686869,0.8050812627,0.8050792612
0.340200,0.696970,0.7876814569,0.7876794986
0.340200,0.707071,0.7694885226,0.7694866095
0.340200,0.717172,0.7505207786,0.7505189127
0.340200,0.727273,0.7307973238,0.7307955069
0.340200,0.737374,0.7103380180,0.7103362520
0.340200,0.747475,0.6891634621,0.6891617487
0.340200,0.757576,0.6672949769,0.6672933179
0.340200,0.767677,0.6447545823,0.6447529794
0.340200,0.777778,0.6215649745,0.6215634292
0.340200,0.787879,0.5977495035,0.5977480173
0.340200,0.797980,0.5733321493,0.5733307239
0.340200,0.808081,0.5483374983,0.5483361350
0.340200,0.818182,0.5227907179,0.5227894181
0.340200,0.828283,0.4967175316,0.4967162966
0.340200,0.838384,0.4701441928,0.4701430239
0.340200,0.848485,0.4430974586,0.4430963570
0.340200,0.858586,0.4156045629,0.4156035297
0.340200,0.868687,0.3876931886,0.3876922248
0.340200,0.878788,0.3593914402,0.3593905467
0.340200,0.888889,0.3307278150,0.3307269928
0.340200,0.898990,0.3017311750,0.3017304248
0.340200,0.909091,0.2724307172,0.2724300399
0.340200,0.919192,0.2428559448,0.2428553410
0.340200,0.929293,0.2130366370,0.2130361074
0.340200,0.939394,0.1830028194,0.1830023645
0.340200,0.949495,0.1527847335,0.1527843537
0.340200,0.959596,0.1224128063,0.1224125020
0.340200,0.969697,0.0919176198,0.0919173913
0.340200,0.979798,0.0613298801,0.0613297276
0.340200,0.989899,0.0306803863,0.0306803100
0.340200,1.000000,0.0000000000,0.0000000000
0.350200,0.000000,0.0000000000,0.0000000000
0.350200,0.010101,0.0306501232,0.0306500447
0.350200,0.020202,0.0612693842,0.0612692274
0.350200,0.030303,0.0918269522,0.0918267172
0.350200,0.040404,0.1222920583,0.1222917453
0.350200,0.050505,0.1526340266,0.1526336360
0.350200,0.060606,0.1828223054,0.1828218375
0.350200,0.070707,0.2128264976,0.2128259529
0.350200,0.080808,0.2426163916,0.2426157706
0.350200,0.090909,0.2721619914,0.2721612949
0.350200,0.101010,0.3014335472,0.3014327757
0.350200,0.111111,0.3304015849,0.3304007393
0.350200,0.121212,0.3590369363,0.3590360174
0.350200,0.131313,0.3873107679,0.3873097766
0.350200,0.141414,0.4151946104,0.4151935478
0.350200,0.151515,0.4426603871,0.4426592542
0.350200,0.161616,0.4696804423,0.4696792403
0.350200,0.171717,0.4962275691,0.4962262991
0.350200,0.181818,0.5222750368,0.5222737002
0.350200,0.191919,0.5477966179,0.5477952159
0.350200,0.202020,0.5727666142,0.5727651483
0.350200,0.212121,0.5971598830,0.5971583547
0.350200,0.222222,0.6209518625,0.6209502733
0.350200,0.232323,0.6441185961,0.6441169476
0.350200,0.242424,0.6666367568,0.6666350507
0.350200,0.252525,0.6884836709,0.6884819088
0.350200,0.262626,0.7096373402,0.7096355241
0.350200,0.272727,0.7300764649,0.7300745964
0.350200,0.282828,0.7497804645,0.7497785456
0.350200,0.292929,0.7687294987,0.7687275313
0.350200,0.303030,0.7869044875,0.7869024736
0.350200,0.313131,0.8042871301,0.8042850718
0.350200,0.323232,0.8208599238,0.8208578230
0.350200,0.333333,0.8366061812,0.8366040401
0.350200,0.343434,0.8515100470,0.8515078677
0.350200,0.353535,0.8655565144,0.8655542992
0.350200,0.363636,0.8787314397,0.8787291908
0.350200,0.373737,0.8910215570,0.8910192766
0.350200,0.383838,0.9024144911,0.9024121816
0.350200,0.393939,0.9128987703,0.9128964339
0.350200,0.404040,0.9224638378,0.9224614770
0.350200,0.414141,0.9311000624,0.9310976795
0.350200,0.424242,0.9387987482,0.9387963456
0.350200,0.434343,0.9455521432,0.9455497233
0.350200,0.444444,0.9513534474,0.9513510126
0.350200,0.454545,0.9561968193,0.9561943721
0.350200,0.464646,0.9600773820,0.9600749249
0.350200,0.474747,0.9629912282,0.9629887637
0.350200,0.484848,0.9649354239,0.9649329544
0.350200,0.494949,0.9659080114,0.9659055394
0.350200,0.505051,0.9659080114,0.9659055394
0.350200,0.515152,0.9649354239,0.9649329544
0.350200,0.525253,0.9629912282,0.9629887637
0.350200,0.535354,0.9600773820,0.9600749249
0.350200,0.545455,0.9561968193,0.9561943721
0.350200,0.555556,0.9513534474,0.9513510126
0.350200,0.565657,0.9455521432,0.9455497233
0.350200,0.575758,0.9387987482,0.9387963456
0.350200,0.585859,0.9311000624,0.9310976795
0.350200,0.595960,0.9224638378,0.9224614770
0.350200,0.606061,0.9128987703,0.9128964339
0.350200,0.616162,0.9024144911,0.9024121816
0.350200,0.626263,0.8910215570,0.8910192766
0.350200,0.636364,0.8787314397,0.8787291908
0.350200,0.646465,0.8655565144,0.8655542992
0.350200,0.656566,0.8515100470,0.8515078677
0.350200,0.666667,0.8366061812,0.8366040401
0.350200,0.676768,0.8208599238,0.8208578230
0.350200,0.686869,0.8042871301,0.8042850718
0.350200,0.696970,0.7869044875,0.7869024736
0.350200,0.707071,0.7687294987,0.7687275313
0.350200,0.717172,0.7497804645,0.7497785456
0.350200,0.727273,0.7300764649,0.7300745964
0.350200,0.737374,0.7096373402,0.7096355241
0.350200,0.747475,0.6884836709,0.6884819088
0.350200,0.757576,0.6666367568,0.6666350507
0.350200,0.767677,0.6441185961,0.6441169476
0.350200,0.777778,0.6209518625,0.6209502733
0.350200,0.787879,0.5971598830,0.5971583547
0.350200,0.797980,0.5727666142,0.5727651483
0.350200,0.808081,0.5477966179,0.5477952159
0.350200,0.818182,0.5222750368,0.5222737002
0.350200,0.828283,0.4962275691,0.4962262991
0.350200,0.838384,0.4696804423,0.4696792403
0.350200,0.848485,0.4426603871,0.4426592542
0.350200,0.858586,0.4151946104,0.4151935478
0.350200,0.868687,0.3873107679,0.3873097766
0.350200,0.878788,0.3590369363,0.3590360174
0.350200,0.888889,0.3304015849,0.3304007393
0.350200,0.898990,0.3014335472,0.3014327757
0.350200,0.909091,0.2721619914,0.2721612949
0.350200,0.919192,0.2426163916,0.2426157706
0.350200,0.929293,0.2128264976,0.2128259529
0.350200,0.939394,0.1828223054,0.1828218375
0.350200,0.949495,0.1526340266,0.1526336360
0.350200,0.959596,0.1222920583,0.1222917453
0.350200,0.969697,0.0918269522,0.0918267172
0.350200,0.979798,0.0612693842,0.0612692274
0.350200,0.989899,0.0306501232,0.0306500447
0.350200,1.000000,0.0000000000,0.0000000000
0.360200,0.000000,0.0000000000,0.0000000000
0.360200,0.010101,0.0306198899,0.0306198093
0.360200,0.020202,0.0612089481,0.0612087870
0.360200,0.030303,0.0917363741,0.0917361326
0.360200,0.040404,0.1221714293,0.1221711077
0.360200,0.050505,0.1524834683,0.1524830669
0.360200,0.060606,0.1826419693,0.1826414886
0.360200,0.070707,0.2126165654,0.2126160057
0.360200,0.080808,0.2423770746,0.2423764366
0.360200,0.090909,0.2718935307,0.2718928149
0.360200,0.101010,0.3011362130,0.3011354203
0.360200,0.111111,0.3300756766,0.3300748077
0.360200,0.121212,0.3586827820,0.3586818379
0.360200,0.131313,0.3869287243,0.3869277058
0.360200,0.141414,0.4147850622,0.4147839703
0.360200,0.151515,0.4422237466,0.4422225825
0.360200,0.161616,0.4692171492,0.4692159141
0.360200,0.171717,0.4957380900,0.4957367850
0.360200,0.181818,0.5217598645,0.5217584910
0.360200,0.191919,0.5472562710,0.5472548304
0.360200,0.202020,0.5722016369,0.5722001306
0.360200,0.212121,0.5965708442,0.5965692738
0.360200,0.222222,0.6203393552,0.6203377223
0.360200,0.232323,0.6434832371,0.6434815433
0.360200,0.242424,0.6659791860,0.6659774329
0.360200,0.252525,0.6878045502,0.6878027396
0.360200,0.262626,0.7089373535,0.7089354874
0.360200,0.272727,0.7293563171,0.7293543972
0.360200,0.282828,0.7490408806,0.7490389089
0.360200,0.292929,0.7679712235,0.7679692019
0.360200,0.303030,0.7861282845,0.7861262151
0.360200,0.313131,0.8034937809,0.8034916658
0.360200,0.323232,0.8200502272,0.8200480685
0.360200,0.333333,0.8357809524,0.8357787523
0.360200,0.343434,0.8506701170,0.8506678778
0.360200,0.353535,0.8647027290,0.8647004528
0.360200,0.363636,0.8778646585,0.8778623477
0.360200,0.373737,0.8901426528,0.8901403097
0.360200,0.383838,0.9015243489,0.9015219758
0.360200,0.393939,0.9119982864,0.9119958857
0.360200,0.404040,0.9215539190,0.9215514931
0.360200,0.414141,0.9301816248,0.9301791762
0.360200,0.424242,0.9378727166,0.9378702478
0.360200,0.434343,0.9446194501,0.9446169635
0.360200,0.444444,0.9504150318,0.9504125300
0.360200,0.454545,0.9552536262,0.9552511117
0.360200,0.464646,0.9591303612,0.9591278364
0.360200,0.474747,0.9620413332,0.9620388007
0.360200,0.484848,0.9639836111,0.9639810735
0.360200,0.494949,0.9649552392,0.9649526991
0.360200,0.505051,0.9649552392,0.9649526991
0.360200,0.515152,0.9639836111,0.9639810735
0.360200,0.525253,0.9620413332,0.9620388007
0.360200,0.535354,0.9591303612,0.9591278364
0.360200,0.545455,0.9552536262,0.9552511117
0.360200,0.555556,0.9504150318,0.9504125300
0.360200,0.565657,0.9446194501,0.9446169635
0.360200,0.575758,0.9378727166,0.9378702478
0.360200,0.585859,0.9301816248,0.9301791762
0.360200,0.595960,0.9215539190,0.9215514931
0.360200,0.606061,0.9119982864,0.9119958857
0.360200,0.616162,0.9015243489,0.9015219758
0.360200,0.626263,0.8901426528,0.8901403097
0.360200,0.636364,0.8778646585,0.8778623477
0.360200,0.646465,0.8647027290,0.8647004528
0.360200,0.656566,0.8506701170,0.8506678778
0.360200,0.666667,0.8357809524,0.8357787523
0.360200,0.676768,0.8200502272,0.8200480685
0.360200,0.686869,0.8034937809,0.8034916658
0.360200,0.696970,0.7861282845,0.7861262151
0.360200,0.707071,0.7679712235,0.7679692019
0.360200,0.717172,0.7490408806,0.7490389089
0.360200,0.727273,0.7293563171,0.7293543972
0.360200,0.737374,0.7089373535,0.7089354874
0.360200,0.747475,0.6878045502,0.6878027396
0.360200,0.757576,0.6659791860,0.6659774329
0.360200,0.767677,0.6434832371,0.6434815433
0.360200,0.777778,0.6203393552,0.6203377223
0.360200,0.787879,0.5965708442,0.5965692738
0.360200,0.797980,0.5722016369,0.5722001306
0.360200,0.808081,0.5472562710,0.5472548304
0.360200,0.818182,0.5217598645,0.5217584910
0.360200,0.828283,0.4957380900,0.4957367850
0.360200,0.838384,0.4692171492,0.4692159141
0.360200,0.848485,0.4422237466,0.4422225825
0.360200,0.858586,0.4147850622,0.4147839703
0.360200,0.868687,0.3869287243,0.3869277058
0.360200,0.878788,0.3586827820,0.3586818379
0.360200,0.888889,0.3300756766,0.3300748077
0.360200,0.898990,0.3011362130,0.3011354203
0.360200,0.909091,0.2718935307,0.2718928149
0.360200,0.919192,0.2423770746,0.2423764366
0.360200,0.929293,0.2126165654,0.2126160057
0.360200,0.939394,0.1826419693,0.1826414886
0.360200,0.949495,0.1524834683,0.1524830669
0.360200,0.959596,0.1221714293,0.1221711077
0.360200,0.969697,0.0917363741,0.0917361326
0.360200,0.979798,0.0612089481,0.0612087870
0.360200,0.989899,0.0306198899,0.0306198093
0.360200,1.000000,0.0000000000,0.0000000000
0.370200,0.000000,0.0000000000,0.0000000000
0.370200,0.010101,0.0305896864,0.0305896036
0.370200,0.020202,0.0611485715,0.0611484061
0.370200,0.030303,0.0916458853,0.0916456373
0.370200,0.040404,0.1220509194,0.1220505892
0.370200,0.050505,0.1523330585,0.1523326464
0.370200,0.060606,0.1824618112,0.1824613176
0.370200,0.070707,0.2124068403,0.2124062657
0.370200,0.080808,0.2421379937,0.2421373386
0.370200,0.090909,0.2716253347,0.2716245999
0.370200,0.101010,0.3008391720,0.3008383581
0.370200,0.111111,0.3297500898,0.3297491977
0.370200,0.121212,0.3583289772,0.3583280077
0.370200,0.131313,0.3865470576,0.3865460118
0.370200,0.141414,0.4143759180,0.4143747969
0.370200,0.151515,0.4417875369,0.4417863417
0.370200,0.161616,0.4687543132,0.4687530450
0.370200,0.171717,0.4952490936,0.4952477538
0.370200,0.181818,0.5212452002,0.5212437901
0.370200,0.191919,0.5467164571,0.5467149780
0.370200,0.202020,0.5716372169,0.5716356703
0.370200,0.212121,0.5959823864,0.5959807740
0.370200,0.222222,0.6197274521,0.6197257755
0.370200,0.232323,0.6428485049,0.6428467657
0.370200,0.242424,0.6653222637,0.6653204637
0.370200,0.252525,0.6871260994,0.6871242404
0.370200,0.262626,0.7082380574,0.7082361413
0.370200,0.272727,0.7286368796,0.7286349083
0.370200,0.282828,0.7483020263,0.7483000018
0.370200,0.292929,0.7672136963,0.7672116206
0.370200,0.303030,0.7853528471,0.7853507224
0.370200,0.313131,0.8027012142,0.8026990425
0.370200,0.323232,0.8192413292,0.8192391128
0.370200,0.333333,0.8349565376,0.8349542787
0.370200,0.343434,0.8498310155,0.8498287164
0.370200,0.353535,0.8638497857,0.8638474486
0.370200,0.363636,0.8769987324,0.8769963597
0.370200,0.373737,0.8892646156,0.8892622098
0.370200,0.383838,0.9006350848,0.9006326482
0.370200,0.393939,0.9110986908,0.9110962259
0.370200,0.404040,0.9206448977,0.9206424069
0.370200,0.414141,0.9292640931,0.9292615791
0.370200,0.424242,0.9369475984,0.9369450636
0.370200,0.434343,0.9436876769,0.9436851239
0.370200,0.444444,0.9494775419,0.9494749732
0.370200,0.454545,0.9543113635,0.9543087817
0.370200,0.464646,0.9581842745,0.9581816822
0.370200,0.474747,0.9610923751,0.9610897749
0.370200,0.484848,0.9630327371,0.9630301317
0.370200,0.494949,0.9640034068,0.9640007988
0.370200,0.505051,0.9640034068,0.9640007988
0.370200,0.515152,0.9630327371,0.9630301317
0.370200,0.525253,0.9610923751,0.9610897749
0.370200,0.535354,0.9581842745,0.9581816822
0.370200,0.545455,0.9543113635,0.9543087817
0.370200,0.555556,0.9494775419,0.9494749732
0.370200,0.565657,0.9436876769,0.9436851239
0.370200,0.575758,0.9369475984,0.9369450636
0.370200,0.585859,0.9292640931,0.9292615791
0.370200,0.595960,0.9206448977,0.9206424069
0.370200,0.606061,0.9110986908,0.9110962259
0.370200,0.616162,0.9006350848,0.9006326482
0.370200,0.626263,0.8892646156,0.8892622098
0.370200,0.636364,0.8769987324,0.8769963597
0.370200,0.646465,0.8638497857,0.8638474486
0.370200,0.656566,0.8498310155,0.8498287164
0.370200,0.666667,0.8349565376,0.8349542787
0.370200,0.676768,0.8192413292,0.8192391128
0.370200,0.686869,0.8027012142,0.8026990425
0.370200,0.696970,0.7853528471,0.7853507224
0.370200,0.707071,0.7672136963,0.7672116206
0.370200,0.717172,0.7483020263,0.7483000018
0.370200,0.727273,0.7286368796,0.7286349083
0.370200,0.737374,0.7082380574,0.7082361413
0.370200,0.747475,0.6871260994,0.6871242404
0.370200,0.757576,0.6653222637,0.6653204637
0.370200,0.767677,0.6428485049,0.6428467657
0.370200,0.777778,0.6197274521,0.6197257755
0.370200,0.787879,0.5959823864,0.5959807740
0.370200,0.797980,0.5716372169,0.5716356703
0.370200,0.808081,0.5467164571,0.5467149780
0.370200,0.818182,0.5212452002,0.5212437901
0.370200,0.828283,0.4952490936,0.4952477538
0.370200,0.838384,0.4687543132,0.4687530450
0.370200,0.848485,0.4417875369,0.4417863417
0.370200,0.858586,0.4143759180,0.4143747969
0.370200,0.868687,0.3865470576,0.3865460118
0.370200,0.878788,0.3583289772,0.3583280077
0.370200,0.888889,0.3297500898,0.3297491977
0.370200,0.898990,0.3008391720,0.3008383581
0.370200,0.909091,0.2716253347,0.2716245999
0.370200,0.919192,0.2421379937,0.2421373386
0.370200,0.929293,0.2124068403,0.2124062657
0.370200,0.939394,0.1824618112,0.1824613176
0.370200,0.949495,0.1523330585,0.1523326464
0.370200,0.959596,0.1220509194,0.1220505892
0.370200,0.969697,0.0916458853,0.0916456373
0.370200,0.979798,0.0611485715,0.0611484061
0.370200,0.989899,0.0305896864,0.0305896036
0.370200,1.000000,0.0000000000,0.0000000000
0.380200,0.000000,0.0000000000,0.0000000000
0.380200,0.010101,0.0305595127,0.0305594278
0.380200,0.020202,0.0610882546,0.0610880848
0.380200,0.030303,0.0915554857,0.0915552313
0.380200,0.040404,0.1219305283,0.1219301895
0.380200,0.050505,0.1521827971,0.1521823743
0.380200,0.060606,0.1822818308,0.1822813243
0.380200,0.070707,0.2121973221,0.2121967325
0.380200,0.080808,0.2418991487,0.2418984766
0.380200,0.090909,0.2713574033,0.2713566494
0.380200,0.101010,0.3005424241,0.3005415890
0.380200,0.111111,0.3294248241,0.3294239088
0.380200,0.121212,0.3579755213,0.3579745266
0.380200,0.131313,0.3861657674,0.3861646944
0.380200,0.141414,0.4139671773,0.4139660271
0.380200,0.151515,0.4413517574,0.4413505311
0.380200,0.161616,0.4682919337,0.4682906325
0.380200,0.171717,0.4947605797,0.4947592050
0.380200,0.181818,0.5207310437,0.5207295968
0.380200,0.191919,0.5461771757,0.5461756581
0.380200,0.202020,0.5710733536,0.5710717669
0.380200,0.212121,0.5953945090,0.5953928547
0.380200,0.222222,0.6191161527,0.6191144324
0.380200,0.232323,0.6422143988,0.6422126144
0.380200,0.242424,0.6646659895,0.6646641427
0.380200,0.252525,0.6864483178,0.6864464105
0.380200,0.262626,0.7075394509,0.7075374850
0.380200,0.272727,0.7279181518,0.7279161293
0.380200,0.282828,0.7475639008,0.7475618237
0.380200,0.292929,0.7664569163,0.7664547867
0.380200,0.303030,0.7845781746,0.7845759947
0.380200,0.313131,0.8019094293,0.8019072011
0.380200,0.323232,0.8184332291,0.8184309550
0.380200,0.333333,0.8341329360,0.8341306184
0.380200,0.343434,0.8489927418,0.8489903828
0.380200,0.353535,0.8629976838,0.8629952860
0.380200,0.363636,0.8761336603,0.8761312260
0.380200,0.373737,0.8883874445,0.8883849761
0.380200,0.383838,0.8997466979,0.8997441979
0.380200,0.393939,0.9101999826,0.9101974536
0.380200,0.404040,0.9197367730,0.9197342175
0.380200,0.414141,0.9283474665,0.9283448871
0.380200,0.424242,0.9360233928,0.9360207921
0.380200,0.434343,0.9427568229,0.9427542034
0.380200,0.444444,0.9485409768,0.9485383412
0.380200,0.454545,0.9533700303,0.9533673813
0.380200,0.464646,0.9572391210,0.9572364613
0.380200,0.474747,0.9601443530,0.9601416853
0.380200,0.484848,0.9620828011,0.9620801280
0.380200,0.494949,0.9630525134,0.9630498375
0.380200,0.505051,0.9630525134,0.9630498375
0.380200,0.515152,0.9620828011,0.9620801280
0.380200,0.525253,0.9601443530,0.9601416853
0.380200,0.535354,0.9572391210,0.9572364613
0.380200,0.545455,0.9533700303,0.9533673813
0.380200,0.555556,0.9485409768,0.9485383412
0.380200,0.565657,0.9427568229,0.9427542034
0.380200,0.575758,0.9360233928,0.9360207921
0.380200,0.585859,0.9283474665,0.9283448871
0.380200,0.595960,0.9197367730,0.9197342175
0.380200,0.606061,0.9101999826,0.9101974536
0.380200,0.616162,0.8997466979,0.8997441979
0.380200,0.626263,0.8883874445,0.8883849761
0.380200,0.636364,0.8761336603,0.8761312260
0.380200,0.646465,0.8629976838,0.8629952860
0.380200,0.656566,0.8489927418,0.8489903828
0.380200,0.666667,0.8341329360,0.8341306184
0.380200,0.676768,0.8184332291,0.8184309550
0.380200,0.686869,0.8019094293,0.8019072011
0.380200,0.696970,0.7845781746,0.7845759947
0.380200,0.707071,0.7664569163,0.7664547867
0.380200,0.717172,0.7475639008,0.7475618237
0.380200,0.727273,0.7279181518,0.7279161293
0.380200,0.737374,0.7075394509,0.7075374850
0.380200,0.747475,0.6864483178,0.6864464105
0.380200,0.757576,0.6646659895,0.6646641427
0.380200,0.767677,0.6422143988,0.6422126144
0.380200,0.777778,0.6191161527,0.6191144324
0.380200,0.787879,0.5953945090,0.5953928547
0.380200,0.797980,0.5710733536,0.5710717669
0.380200,0.808081,0.5461771757,0.5461756581
0.380200,0.818182,0.5207310437,0.5207295968
0.380200,0.828283,0.4947605797,0.4947592050
0.380200,0.838384,0.4682919337,0.4682906325
0.380200,0.848485,0.4413517574,0.4413505311
0.380200,0.858586,0.4139671773,0.4139660271
0.380200,0.868687,0.3861657674,0.3861646944
0.380200,0.878788,0.3579755213,0.3579745266
0.380200,0.888889,0.3294248241,0.3294239088
0.380200,0.898990,0.3005424241,0.3005415890
0.380200,0.909091,0.2713574033,0.2713566494
0.380200,0.919192,0.2418991487,0.2418984766
0.380200,0.929293,0.2121973221,0.2121967325
0.380200,0.939394,0.1822818308,0.1822813243
0.380200,0.949495,0.1521827971,0.1521823743
0.380200,0.959596,0.1219305283,0.1219301895
0.380200,0.969697,0.0915554857,0.0915552313
0.380200,0.979798,0.0610882546,0.0610880848
0.380200,0.989899,0.0305595127,0.0305594278
0.380200,1.000000,0.0000000000,0.0000000000
0.390200,0.000000,0.0000000000,0.0000000000
0.390200,0.010101,0.0305293688,0.0305292817
0.390200,0.020202,0.0610279971,0.0610278230
0.390200,0.030303,0.0914651753,0.0914649145
0.390200,0.040404,0.1218102559,0.1218099086
0.390200,0.050505,0.1520326839,0.1520322504
0.390200,0.060606,0.1821020279,0.1821015086
0.390200,0.070707,0.2119880105,0.2119874060
0.390200,0.080808,0.2416605392,0.2416598501
0.390200,0.090909,0.2710897363,0.2710889632
0.390200,0.101010,0.3002459689,0.3002451127
0.390200,0.111111,0.3290998793,0.3290989408
0.390200,0.121212,0.3576224140,0.3576213942
0.390200,0.131313,0.3857848533,0.3857837532
0.390200,0.141414,0.4135588399,0.4135576606
0.390200,0.151515,0.4409164078,0.4409151505
0.390200,0.161616,0.4678300103,0.4678286762
0.390200,0.171717,0.4942725476,0.4942711381
0.390200,0.181818,0.5202173943,0.5202159109
0.390200,0.191919,0.5456384262,0.5456368703
0.390200,0.202020,0.5705100465,0.5705084197
0.390200,0.212121,0.5948072116,0.5948055154
0.390200,0.222222,0.6185054561,0.6185036924
0.390200,0.232323,0.6415809182,0.6415790886
0.390200,0.242424,0.6640103626,0.6640084691
0.390200,0.252525,0.6857712048,0.6857692493
0.390200,0.262626,0.7068415336,0.7068395180
0.390200,0.272727,0.7272001329,0.7271980593
0.390200,0.282828,0.7468265033,0.7468243737
0.390200,0.292929,0.7657008827,0.7656986993
0.390200,0.303030,0.7838042663,0.7838020312
0.390200,0.313131,0.8011184254,0.8011161409
0.390200,0.323232,0.8176259261,0.8176235946
0.390200,0.333333,0.8333101468,0.8333077706
0.390200,0.343434,0.8481552949,0.8481528763
0.390200,0.353535,0.8621464224,0.8621439639
0.390200,0.363636,0.8752694416,0.8752669457
0.390200,0.373737,0.8875111387,0.8875086079
0.390200,0.383838,0.8988591872,0.8988566241
0.390200,0.393939,0.9093021608,0.9092995679
0.390200,0.404040,0.9188295442,0.9188269241
0.390200,0.414141,0.9274317441,0.9274290994
0.390200,0.424242,0.9351000988,0.9350974323
0.390200,0.434343,0.9418268871,0.9418242014
0.390200,0.444444,0.9476053354,0.9476026332
0.390200,0.454545,0.9524296256,0.9524269096
0.390200,0.464646,0.9562948998,0.9562921728
0.390200,0.474747,0.9591972661,0.9591945309
0.390200,0.484848,0.9611338021,0.9611310613
0.390200,0.494949,0.9621025578,0.9620998143
0.390200,0.505051,0.9621025578,0.9620998143
0.390200,0.515152,0.9611338021,0.9611310613
0.390200,0.525253,0.9591972661,0.9591945309
0.390200,0.535354,0.9562948998,0.9562921728
0.390200,0.545455,0.9524296256,0.9524269096
0.390200,0.555556,0.9476053354,0.9476026332
0.390200,0.565657,0.9418268871,0.9418242014
0.390200,0.575758,0.9351000988,0.9350974323
0.390200,0.585859,0.9274317441,0.9274290994
0.390200,0.595960,0.9188295442,0.9188269241
0.390200,0.606061,0.9093021608,0.9092995679
0.390200,0.616162,0.8988591872,0.8988566241
0.390200,0.626263,0.8875111387,0.8875086079
0.390200,0.636364,0.8752694416,0.8752669457
0.390200,0.646465,0.8621464224,0.8621439639
0.390200,0.656566,0.8481552949,0.8481528763
0.390200,0.666667,0.8333101468,0.8333077706
0.390200,0.676768,0.8176259261,0.8176235946
0.390200,0.686869,0.8011184254,0.8011161409
0.390200,0.696970,0.7838042663,0.7838020312
0.390200,0.707071,0.7657008827,0.7656986993
0.390200,0.717172,0.7468265033,0.7468243737
0.390200,0.727273,0.7272001329,0.7271980593
0.390200,0.737374,0.7068415336,0.7068395180
0.390200,0.747475,0.6857712048,0.6857692493
0.390200,0.757576,0.6640103626,0.6640084691
0.390200,0.767677,0.6415809182,0.6415790886
0.390200,0.777778,0.6185054561,0.6185036924
0.390200,0.787879,0.5948072116,0.5948055154
0.390200,0.797980,0.5705100465,0.5705084197
0.390200,0.808081,0.5456384262,0.5456368703
0.390200,0.818182,0.5202173943,0.5202159109
0.390200,0.828283,0.4942725476,0.4942711381
0.390200,0.838384,0.4678300103,0.4678286762
0.390200,0.848485,0.4409164078,0.4409151505
0.390200,0.858586,0.4135588399,0.4135576606
0.390200,0.868687,0.3857848533,0.3857837532
0.390200,0.878788,0.3576224140,0.3576213942
0.390200,0.888889,0.3290998793,0.3290989408
0.390200,0.898990,0.3002459689,0.3002451127
0.390200,0.909091,0.2710897363,0.2710889632
0.390200,0.919192,0.2416605392,0.2416598501
0.390200,0.929293,0.2119880105,0.2119874060
0.390200,0.939394,0.1821020279,0.1821015086
0.390200,0.949495,0.1520326839,0.1520322504
0.390200,0.959596,0.1218102559,0.1218099086
0.390200,0.969697,0.0914651753,0.0914649145
0.390200,0.979798,0.0610279971,0.0610278230
0.390200,0.989899,0.0305293688,0.0305292817
0.390200,1.000000,0.0000000000,0.0000000000
0.400200,0.000000,0.0000000000,0.0000000000
0.400200,0.010101,0.0304992546,0.0304991654
0.400200,0.020202,0.0609677990,0.0609676207
0.400200,0.030303,0.0913749540,0.0913746868
0.400200,0.040404,0.1216901022,0.1216897463
0.400200,0.050505,0.1518827188,0.1518822746
0.400200,0.060606,0.1819224023,0.1819218703
0.400200,0.070707,0.2117789054,0.2117782861
0.400200,0.080808,0.2414221651,0.2414214591
0.400200,0.090909,0.2708223332,0.2708215411
0.400200,0.101010,0.2999498061,0.2999489289
0.400200,0.111111,0.3287752550,0.3287742934
0.400200,0.121212,0.3572696551,0.3572686102
0.400200,0.131313,0.3854043149,0.3854031877
0.400200,0.141414,0.4131509052,0.4131496969
0.400200,0.151515,0.4404814876,0.4404801993
0.400200,0.161616,0.4673685425,0.4673671756
0.400200,0.171717,0.4937849969,0.4937835527
0.400200,0.181818,0.5197042516,0.5197027316
0.400200,0.191919,0.5451002082,0.5450986140
0.400200,0.202020,0.5699472951,0.5699456282
0.400200,0.212121,0.5942204934,0.5942187555
0.400200,0.222222,0.6178953620,0.6178935549
0.400200,0.232323,0.6409480624,0.6409461878
0.400200,0.242424,0.6633553824,0.6633534423
0.400200,0.252525,0.6850947598,0.6850927561
0.400200,0.262626,0.7061443048,0.7061422395
0.400200,0.272727,0.7264828223,0.7264806976
0.400200,0.282828,0.7460898333,0.7460876512
0.400200,0.292929,0.7649455950,0.7649433578
0.400200,0.303030,0.7830311213,0.7830288312
0.400200,0.313131,0.8003282017,0.8003258610
0.400200,0.323232,0.8168194194,0.8168170305
0.400200,0.333333,0.8324881692,0.8324857345
0.400200,0.343434,0.8473186740,0.8473161959
0.400200,0.353535,0.8612960007,0.8612934817
0.400200,0.363636,0.8744060754,0.8744035180
0.400200,0.373737,0.8866356972,0.8866331041
0.400200,0.383838,0.8979725521,0.8979699258
0.400200,0.393939,0.9084052247,0.9084025679
0.400200,0.404040,0.9179232102,0.9179205256
0.400200,0.414141,0.9265169249,0.9265142152
0.400200,0.424242,0.9341777156,0.9341749834
0.400200,0.434343,0.9408978685,0.9408951167
0.400200,0.444444,0.9466706170,0.9466678483
0.400200,0.454545,0.9514901485,0.9514873657
0.400200,0.464646,0.9553516100,0.9553488159
0.400200,0.474747,0.9582511134,0.9582483108
0.400200,0.484848,0.9601857392,0.9601829310
0.400200,0.494949,0.9611535393,0.9611507283
0.400200,0.505051,0.9611535393,0.9611507283
0.400200,0.515152,0.9601857392,0.9601829310
0.400200,0.525253,0.9582511134,0.9582483108
0.400200,0.535354,0.9553516100,0.9553488159
0.400200,0.545455,0.9514901485,0.9514873657
0.400200,0.555556,0.9466706170,0.9466678483
0.400200,0.565657,0.9408978685,0.9408951167
0.400200,0.575758,0.9341777156,0.9341749834
0.400200,0.585859,0.9265169249,0.9265142152
0.400200,0.595960,0.9179232102,0.9179205256
0.400200,0.606061,0.9084052247,0.9084025679
0.400200,0.616162,0.8979725521,0.8979699258
0.400200,0.626263,0.8866356972,0.8866331041
0.400200,0.636364,0.8744060754,0.8744035180
0.400200,0.646465,0.8612960007,0.8612934817
0.400200,0.656566,0.8473186740,0.8473161959
0.400200,0.666667,0.8324881692,0.8324857345
0.400200,0.676768,0.8168194194,0.8168170305
0.400200,0.686869,0.8003282017,0.8003258610
0.400200,0.696970,0.7830311213,0.7830288312
0.400200,0.707071,0.7649455950,0.7649433578
0.400200,0.717172,0.7460898333,0.7460876512
0.400200,0.727273,0.7264828223,0.7264806976
0.400200,0.737374,0.7061443048,0.7061422395
0.400200,0.747475,0.6850947598,0.6850927561
0.400200,0.757576,0.6633553824,0.6633534423
0.400200,0.767677,0.6409480624,0.6409461878
0.400200,0.777778,0.6178953620,0.6178935549
0.400200,0.787879,0.5942204934,0.5942187555
0.400200,0.797980,0.5699472951,0.5699456282
0.400200,0.808081,0.5451002082,0.5450986140
0.400200,0.818182,0.5197042516,0.5197027316
0.400200,0.828283,0.4937849969,0.4937835527
0.400200,0.838384,0.4673685425,0.4673671756
0.400200,0.848485,0.4404814876,0.4404801993
0.400200,0.858586,0.4131509052,0.4131496969
0.400200,0.868687,0.3854043149,0.3854031877
0.400200,0.878788,0.3572696551,0.3572686102
0.400200,0.888889,0.3287752550,0.3287742934
0.400200,0.898990,0.2999498061,0.2999489289
0.400200,0.909091,0.2708223332,0.2708215411
0.400200,0.919192,0.2414221651,0.2414214591
0.400200,0.929293,0.2117789054,0.2117782861
0.400200,0.939394,0.1819224023,0.1819218703
0.400200,0.949495,0.1518827188,0.1518822746
0.400200,0.959596,0.1216901022,0.1216897463
0.400200,0.969697,0.0913749540,0.0913746868
0.400200,0.979798,0.0609677990,0.0609676207
0.400200,0.989899,0.0304992546,0.0304991654
0.400200,1.000000,0.0000000000,0.0000000000
0.410200,0.000000,0.0000000000,0.0000000000
0.410200,0.010101,0.0304691701,0.0304690788
0.410200,0.020202,0.0609076603,0.0609074778
0.410200,0.030303,0.0912848217,0.0912845481
0.410200,0.040404,0.1215700670,0.1215697026
0.410200,0.050505,0.1517329016,0.1517324467
0.410200,0.060606,0.1817429540,0.1817424092
0.410200,0.070707,0.2115700066,0.2115693724
0.410200,0.080808,0.2411840262,0.2411833032
0.410200,0.090909,0.2705551939,0.2705543828
0.410200,0.101010,0.2996539355,0.2996530372
0.410200,0.111111,0.3284509509,0.3284499663
0.410200,0.121212,0.3569172441,0.3569161741
0.410200,0.131313,0.3850241518,0.3850229976
0.410200,0.141414,0.4127433729,0.4127421356
0.410200,0.151515,0.4400469964,0.4400456773
0.410200,0.161616,0.4669075299,0.4669061302
0.410200,0.171717,0.4932979271,0.4932964483
0.410200,0.181818,0.5191916150,0.5191900586
0.410200,0.191919,0.5445625211,0.5445608886
0.410200,0.202020,0.5693850988,0.5693833919
0.410200,0.212121,0.5936343540,0.5936325744
0.410200,0.222222,0.6172858697,0.6172840192
0.410200,0.232323,0.6403158309,0.6403139114
0.410200,0.242424,0.6627010483,0.6626990617
0.410200,0.252525,0.6844189819,0.6844169302
0.410200,0.262626,0.7054477636,0.7054456489
0.410200,0.272727,0.7257662193,0.7257640436
0.410200,0.282828,0.7453538898,0.7453516555
0.410200,0.292929,0.7641910522,0.7641887614
0.410200,0.303030,0.7822587390,0.7822563940
0.410200,0.313131,0.7995387575,0.7995363607
0.410200,0.323232,0.8160137083,0.8160112621
0.410200,0.333333,0.8316670024,0.8316645093
0.410200,0.343434,0.8464828784,0.8464803409
0.410200,0.353535,0.8604464179,0.8604438385
0.410200,0.363636,0.8735435607,0.8735409421
0.410200,0.373737,0.8857611193,0.8857584640
0.410200,0.383838,0.8970867914,0.8970841022
0.410200,0.393939,0.9075091733,0.9075064528
0.410200,0.404040,0.9170177703,0.9170150213
0.410200,0.414141,0.9256030081,0.9256002334
0.410200,0.424242,0.9332562422,0.9332534445
0.410200,0.434343,0.9399697663,0.9399669485
0.410200,0.444444,0.9457368206,0.9457339855
0.410200,0.454545,0.9505515981,0.9505487485
0.410200,0.464646,0.9544092506,0.9544063895
0.410200,0.474747,0.9573058940,0.9573030242
0.410200,0.484848,0.9592386115,0.9592357359
0.410200,0.494949,0.9602054570,0.9602025785
0.410200,0.505051,0.9602054570,0.9602025785
0.410200,0.515152,0.9592386115,0.9592357359
0.410200,0.525253,0.9573058940,0.9573030242
0.410200,0.535354,0.9544092506,0.9544063895
0.410200,0.545455,0.9505515981,0.9505487485
0.410200,0.555556,0.9457368206,0.9457339855
0.410200,0.565657,0.9399697663,0.9399669485
0.410200,0.575758,0.9332562422,0.9332534445
0.410200,0.585859,0.9256030081,0.9256002334
0.410200,0.595960,0.9170177703,0.9170150213
0.410200,0.606061,0.9075091733,0.9075064528
0.410200,0.616162,0.8970867914,0.8970841022
0.410200,0.626263,0.8857611193,0.8857584640
0.410200,0.636364,0.8735435607,0.8735409421
0.410200,0.646465,0.8604464179,0.8604438385
0.410200,0.656566,0.8464828784,0.8464803409
0.410200,0.666667,0.8316670024,0.8316645093
0.410200,0.676768,0.8160137083,0.8160112621
0.410200,0.686869,0.7995387575,0.7995363607
0.410200,0.696970,0.7822587390,0.7822563940
0.410200,0.707071,0.7641910522,0.7641887614
0.410200,0.717172,0.7453538898,0.7453516555
0.410200,0.727273,0.7257662193,0.7257640436
0.410200,0.737374,0.7054477636,0.7054456489
0.410200,0.747475,0.6844189819,0.6844169302
0.410200,0.757576,0.6627010483,0.6626990617
0.410200,0.767677,0.6403158309,0.6403139114
0.410200,0.777778,0.6172858697,0.6172840192
0.410200,0.787879,0.5936343540,0.5936325744
0.410200,0.797980,0.5693850988,0.5693833919
0.410200,0.808081,0.5445625211,0.5445608886
0.410200,0.818182,0.5191916150,0.5191900586
0.410200,0.828283,0.4932979271,0.4932964483
0.410200,0.838384,0.4669075299,0.4669061302
0.410200,0.848485,0.4400469964,0.4400456773
0.410200,0.858586,0.4127433729,0.4127421356
0.410200,0.868687,0.3850241518,0.3850229976
0.410200,0.878788,0.3569172441,0.3569161741
0.410200,0.888889,0.3284509509,0.3284499663
0.410200,0.898990,0.2996539355,0.2996530372
0.410200,0.909091,0.2705551939,0.2705543828
0.410200,0.919192,0.2411840262,0.2411833032
0.410200,0.929293,0.2115700066,0.2115693724
0.410200,0.939394,0.1817429540,0.1817424092
0.410200,0.949495,0.1517329016,0.1517324467
0.410200,0.959596,0.1215700670,0.1215697026
0.410200,0.969697,0.0912848217,0.0912845481
0.410200,0.979798,0.0609076603,0.0609074778
0.410200,0.989899,0.0304691701,0.0304690788
0.410200,1.000000,0.0000000000,0.0000000000
0.420200,0.000000,0.0000000000,0.0000000000
0.420200,0.010101,0.0304391153,0.0304390218
0.420200,0.020202,0.0608475810,0.0608473941
0.420200,0.030303,0.0911947783,0.0911944983
0.420200,0.040404,0.1214501503,0.1214497773
0.420200,0.050505,0.1515832322,0.1515827667
0.420200,0.060606,0.1815636826,0.1815631251
0.420200,0.070707,0.2113613138,0.2113606648
0.420200,0.080808,0.2409461221,0.2409453822
0.420200,0.090909,0.2702883181,0.2702874881
0.420200,0.101010,0.2993583566,0.2993574374
0.420200,0.111111,0.3281269667,0.3281259591
0.420200,0.121212,0.3565651807,0.3565640858
0.420200,0.131313,0.3846443638,0.3846431826
0.420200,0.141414,0.4123362426,0.4123349764
0.420200,0.151515,0.4396129338,0.4396115839
0.420200,0.161616,0.4664469721,0.4664455397
0.420200,0.171717,0.4928113377,0.4928098244
0.420200,0.181818,0.5186794841,0.5186778914
0.420200,0.191919,0.5440253643,0.5440236937
0.420200,0.202020,0.5688234570,0.5688217102
0.420200,0.212121,0.5930487927,0.5930469716
0.420200,0.222222,0.6166769786,0.6166750849
0.420200,0.232323,0.6396842230,0.6396822586
0.420200,0.242424,0.6620473596,0.6620453266
0.420200,0.252525,0.6837438707,0.6837417710
0.420200,0.262626,0.7047519096,0.7047497454
0.420200,0.272727,0.7250503231,0.7250480966
0.420200,0.282828,0.7446186724,0.7446163858
0.420200,0.292929,0.7634372538,0.7634349094
0.420200,0.303030,0.7814871185,0.7814847187
0.420200,0.313131,0.7987500921,0.7987476392
0.420200,0.323232,0.8152087919,0.8152062886
0.420200,0.333333,0.8308466457,0.8308440943
0.420200,0.343434,0.8456479072,0.8456453104
0.420200,0.353535,0.8595976731,0.8595950334
0.420200,0.363636,0.8726818969,0.8726792170
0.420200,0.373737,0.8848874040,0.8848846867
0.420200,0.383838,0.8962019045,0.8961991525
0.420200,0.393939,0.9066140057,0.9066112217
0.420200,0.404040,0.9161132234,0.9161104102
0.420200,0.414141,0.9246899928,0.9246871532
0.420200,0.424242,0.9323356777,0.9323328147
0.420200,0.434343,0.9390425796,0.9390396960
0.420200,0.444444,0.9448039453,0.9448010439
0.420200,0.454545,0.9496139734,0.9496110573
0.420200,0.464646,0.9534678208,0.9534648929
0.420200,0.474747,0.9563616069,0.9563586701
0.420200,0.484848,0.9582924180,0.9582894752
0.420200,0.494949,0.9592583098,0.9592553641
0.420200,0.505051,0.9592583098,0.9592553641
0.420200,0.515152,0.9582924180,0.9582894752
0.420200,0.525253,0.9563616069,0.9563586701
0.420200,0.535354,0.9534678208,0.9534648929
0.420200,0.545455,0.9496139734,0.9496110573
0.420200,0.555556,0.9448039453,0.9448010439
0.420200,0.565657,0.9390425796,0.9390396960
0.420200,0.575758,0.9323356777,0.9323328147
0.420200,0.585859,0.9246899928,0.9246871532
0.420200,0.595960,0.9161132234,0.9161104102
0.420200,0.606061,0.9066140057,0.9066112217
0.420200,0.616162,0.8962019045,0.8961991525
0.420200,0.626263,0.8848874040,0.8848846867
0.420200,0.636364,0.8726818969,0.8726792170
0.420200,0.646465,0.8595976731,0.8595950334
0.420200,0.656566,0.8456479072,0.8456453104
0.420200,0.666667,0.8308466457,0.8308440943
0.420200,0.676768,0.8152087919,0.8152062886
0.420200,0.686869,0.7987500921,0.7987476392
0.420200,0.696970,0.7814871185,0.7814847187
0.420200,0.707071,0.7634372538,0.7634349094
0.420200,0.717172,0.7446186724,0.7446163858
0.420200,0.727273,0.7250503231,0.7250480966
0.420200,0.737374,0.7047519096,0.7047497454
0.420200,0.747475,0.6837438707,0.6837417710
0.420200,0.757576,0.6620473596,0.6620453266
0.420200,0.767677,0.6396842230,0.6396822586
0.420200,0.777778,0.6166769786,0.6166750849
0.420200,0.787879,0.5930487927,0.5930469716
0.420200,0.797980,0.5688234570,0.5688217102
0.420200,0.808081,0.5440253643,0.5440236937
0.420200,0.818182,0.5186794841,0.5186778914
0.420200,0.828283,0.4928113377,0.4928098244
0.420200,0.838384,0.4664469721,0.4664455397
0.420200,0.848485,0.4396129338,0.4396115839
0.420200,0.858586,0.4123362426,0.4123349764
0.420200,0.868687,0.3846443638,0.3846431826
0.420200,0.878788,0.3565651807,0.3565640858
0.420200,0.888889,0.3281269667,0.3281259591
0.420200,0.898990,0.2993583566,0.2993574374
0.420200,0.909091,0.2702883181,0.2702874881
0.420200,0.919192,0.2409461221,0.2409453822
0.420200,0.929293,0.2113613138,0.2113606648
0.420200,0.939394,0.1815636826,0.1815631251
0.420200,0.949495,0.1515832322,0.1515827667
0.420200,0.959596,0.1214501503,0.1214497773
0.420200,0.969697,0.0911947783,0.0911944983
0.420200,0.979798,0.0608475810,0.0608473941
0.420200,0.989899,0.0304391153,0.0304390218
0.420200,1.000000,0.0000000000,0.0000000000
0.430200,0.000000,0.0000000000,0.0000000000
0.430200,0.010101,0.0304090901,0.0304089945
0.430200,0.020202,0.0607875609,0.0607873698
0.430200,0.030303,0.0911048238,0.0911045373
0.430200,0.040404,0.1213303518,0.1213299703
0.430200,0.050505,0.1514337104,0.1514332343
0.430200,0.060606,0.1813845881,0.1813840179
0.430200,0.070707,0.2111528269,0.2111521631
0.430200,0.080808,0.2407084527,0.2407076960
0.430200,0.090909,0.2700217056,0.2700208566
0.430200,0.101010,0.2990630694,0.2990621292
0.430200,0.111111,0.3278033021,0.3278022715
0.430200,0.121212,0.3562134646,0.3562123447
0.430200,0.131313,0.3842649504,0.3842637423
0.430200,0.141414,0.4119295139,0.4119282189
0.430200,0.151515,0.4391792994,0.4391779187
0.430200,0.161616,0.4659868685,0.4659854035
0.430200,0.171717,0.4923252283,0.4923236805
0.430200,0.181818,0.5181678584,0.5181662293
0.430200,0.191919,0.5434887374,0.5434870287
0.430200,0.202020,0.5682623692,0.5682605827
0.430200,0.212121,0.5924638091,0.5924619464
0.430200,0.222222,0.6160686881,0.6160667512
0.430200,0.232323,0.6390532381,0.6390512290
0.430200,0.242424,0.6613943157,0.6613922364
0.430200,0.252525,0.6830694253,0.6830672778
0.430200,0.262626,0.7040567419,0.7040545284
0.430200,0.272727,0.7243351330,0.7243328558
0.430200,0.282828,0.7438841801,0.7438818414
0.430200,0.292929,0.7626841988,0.7626818010
0.430200,0.303030,0.7807162592,0.7807138047
0.430200,0.313131,0.7979622045,0.7979596958
0.430200,0.323232,0.8144046695,0.8144021091
0.430200,0.333333,0.8300270981,0.8300244885
0.430200,0.343434,0.8448137597,0.8448111037
0.430200,0.353535,0.8587497654,0.8587470656
0.430200,0.363636,0.8718210830,0.8718183421
0.430200,0.373737,0.8840145506,0.8840117713
0.430200,0.383838,0.8953178905,0.8953150757
0.430200,0.393939,0.9057197212,0.9057168737
0.430200,0.404040,0.9152095688,0.9152066915
0.430200,0.414141,0.9237778781,0.9237749738
0.430200,0.424242,0.9314160213,0.9314130930
0.430200,0.434343,0.9381163075,0.9381133582
0.430200,0.444444,0.9438719901,0.9438690227
0.430200,0.454545,0.9486772737,0.9486742911
0.430200,0.464646,0.9525273196,0.9525243250
0.430200,0.474747,0.9554182513,0.9554152476
0.430200,0.484848,0.9573471578,0.9573441480
0.430200,0.494949,0.9583120969,0.9583090840
0.430200,0.505051,0.9583120969,0.9583090840
0.430200,0.515152,0.9573471578,0.9573441480
0.430200,0.525253,0.9554182513,0.9554152476
0.430200,0.535354,0.9525273196,0.9525243250
0.430200,0.545455,0.9486772737,0.9486742911
0.430200,0.555556,0.9438719901,0.9438690227
0.430200,0.565657,0.9381163075,0.9381133582
0.430200,0.575758,0.9314160213,0.9314130930
0.430200,0.585859,0.9237778781,0.9237749738
0.430200,0.595960,0.9152095688,0.9152066915
0.430200,0.606061,0.9057197212,0.9057168737
0.430200,0.616162,0.8953178905,0.8953150757
0.430200,0.626263,0.8840145506,0.8840117713
0.430200,0.636364,0.8718210830,0.8718183421
0.430200,0.646465,0.8587497654,0.8587470656
0.430200,0.656566,0.8448137597,0.8448111037
0.430200,0.666667,0.8300270981,0.8300244885
0.430200,0.676768,0.8144046695,0.8144021091
0.430200,0.686869,0.7979622045,0.7979596958
0.430200,0.696970,0.7807162592,0.7807138047
0.430200,0.707071,0.7626841988,0.7626818010
0.430200,0.717172,0.7438841801,0.7438818414
0.430200,0.727273,0.7243351330,0.7243328558
0.430200,0.737374,0.7040567419,0.7040545284
0.430200,0.747475,0.6830694253,0.6830672778
0.430200,0.757576,0.6613943157,0.6613922364
0.430200,0.767677,0.6390532381,0.6390512290
0.430200,0.777778,0.6160686881,0.6160667512
0.430200,0.787879,0.5924638091,0.5924619464
0.430200,0.797980,0.5682623692,0.5682605827
0.430200,0.808081,0.5434887374,0.5434870287
0.430200,0.818182,0.5181678584,0.5181662293
0.430200,0.828283,0.4923252283,0.4923236805
0.430200,0.838384,0.4659868685,0.4659854035
0.430200,0.848485,0.4391792994,0.4391779187
0.430200,0.858586,0.4119295139,0.4119282189
0.430200,0.868687,0.3842649504,0.3842637423
0.430200,0.878788,0.3562134646,0.3562123447
0.430200,0.888889,0.3278033021,0.3278022715
0.430200,0.898990,0.2990630694,0.2990621292
0.430200,0.909091,0.2700217056,0.2700208566
0.430200,0.919192,0.2407084527,0.2407076960
0.430200,0.929293,0.2111528269,0.2111521631
0.430200,0.939394,0.1813845881,0.1813840179
0.430200,0.949495,0.1514337104,0.1514332343
0.430200,0.959596,0.1213303518,0.1213299703
0.430200,0.969697,0.0911048238,0.0911045373
0.430200,0.979798,0.0607875609,0.0607873698
0.430200,0.989899,0.0304090901,0.0304089945
0.430200,1.000000,0.0000000000,0.0000000000
0.440200,0.000000,0.0000000000,0.0000000000
0.440200,0.010101,0.0303790946,0.0303789969
0.440200,0.020202,0.0607276000,0.0607274047
0.440200,0.030303,0.0910149579,0.0910146651
0.440200,0.040404,0.1212106714,0.1212102815
0.440200,0.050505,0.1512843361,0.1512838494
0.440200,0.060606,0.1812056703,0.1812050873
0.440200,0.070707,0.2109445457,0.2109438671
0.440200,0.080808,0.2404710178,0.2404702442
0.440200,0.090909,0.2697553560,0.2697544882
0.440200,0.101010,0.2987680734,0.2987671123
0.440200,0.111111,0.3274799567,0.3274789032
0.440200,0.121212,0.3558620955,0.3558609507
0.440200,0.131313,0.3838859112,0.3838846763
0.440200,0.141414,0.4115231864,0.4115218626
0.440200,0.151515,0.4387460927,0.4387446812
0.440200,0.161616,0.4655272188,0.4655257212
0.440200,0.171717,0.4918395985,0.4918380162
0.440200,0.181818,0.5176567374,0.5176550721
0.440200,0.191919,0.5429526398,0.5429508931
0.440200,0.202020,0.5677018349,0.5677000086
0.440200,0.212121,0.5918794024,0.5918774984
0.440200,0.222222,0.6154609976,0.6154590176
0.440200,0.232323,0.6384228757,0.6384208219
0.440200,0.242424,0.6607419160,0.6607397904
0.440200,0.252525,0.6823956453,0.6823934500
0.440200,0.262626,0.7033622600,0.7033599973
0.440200,0.272727,0.7236206485,0.7236183206
0.440200,0.282828,0.7431504123,0.7431480216
0.440200,0.292929,0.7619318867,0.7619294356
0.440200,0.303030,0.7799461603,0.7799436512
0.440200,0.313131,0.7971750942,0.7971725297
0.440200,0.323232,0.8136013403,0.8135987230
0.440200,0.333333,0.8292083589,0.8292056913
0.440200,0.343434,0.8439804349,0.8439777198
0.440200,0.353535,0.8579026942,0.8578999343
0.440200,0.363636,0.8709611182,0.8709583163
0.440200,0.373737,0.8831425582,0.8831397171
0.440200,0.383838,0.8944347484,0.8944318710
0.440200,0.393939,0.9048263187,0.9048234079
0.440200,0.404040,0.9143068056,0.9143038643
0.440200,0.414141,0.9228666631,0.9228636942
0.440200,0.424242,0.9304972720,0.9304942786
0.440200,0.434343,0.9371909491,0.9371879341
0.440200,0.444444,0.9429409543,0.9429379209
0.440200,0.454545,0.9477414979,0.9477384490
0.440200,0.464646,0.9515877462,0.9515846849
0.440200,0.474747,0.9544758262,0.9544727557
0.440200,0.484848,0.9564028300,0.9563997533
0.440200,0.494949,0.9573668173,0.9573637374
0.440200,0.505051,0.9573668173,0.9573637374
0.440200,0.515152,0.9564028300,0.9563997533
0.440200,0.525253,0.9544758262,0.9544727557
0.440200,0.535354,0.9515877462,0.9515846849
0.440200,0.545455,0.9477414979,0.9477384490
0.440200,0.555556,0.9429409543,0.9429379209
0.440200,0.565657,0.9371909491,0.9371879341
0.440200,0.575758,0.9304972720,0.9304942786
0.440200,0.585859,0.9228666631,0.9228636942
0.440200,0.595960,0.9143068056,0.9143038643
0.440200,0.606061,0.9048263187,0.9048234079
0.440200,0.616162,0.8944347484,0.8944318710
0.440200,0.626263,0.8831425582,0.8831397171
0.440200,0.636364,0.8709611182,0.8709583163
0.440200,0.646465,0.8579026942,0.8578999343
0.440200,0.656566,0.8439804349,0.8439777198
0.440200,0.666667,0.8292083589,0.8292056913
0.440200,0.676768,0.8136013403,0.8135987230
0.440200,0.686869,0.7971750942,0.7971725297
0.440200,0.696970,0.7799461603,0.7799436512
0.440200,0.707071,0.7619318867,0.7619294356
0.440200,0.717172,0.7431504123,0.7431480216
0.440200,0.727273,0.7236206485,0.7236183206
0.440200,0.737374,0.7033622600,0.7033599973
0.440200,0.747475,0.6823956453,0.6823934500
0.440200,0.757576,0.6607419160,0.6607397904
0.440200,0.767677,0.6384228757,0.6384208219
0.440200,0.777778,0.6154609976,0.6154590176
0.440200,0.787879,0.5918794024,0.5918774984
0.440200,0.797980,0.5677018349,0.5677000086
0.440200,0.808081,0.5429526398,0.5429508931
0.440200,0.818182,0.5176567374,0.5176550721
0.440200,0.828283,0.4918395985,0.4918380162
0.440200,0.838384,0.4655272188,0.4655257212
0.440200,0.848485,0.4387460927,0.4387446812
0.440200,0.858586,0.4115231864,0.4115218626
0.440200,0.868687,0.3838859112,0.3838846763
0.440200,0.878788,0.3558620955,0.3558609507
0.440200,0.888889,0.3274799567,0.3274789032
0.440200,0.898990,0.2987680734,0.2987671123
0.440200,0.909091,0.2697553560,0.2697544882
0.440200,0.919192,0.2404710178,0.2404702442
0.440200,0.929293,0.2109445457,0.2109438671
0.440200,0.939394,0.1812056703,0.1812050873
0.440200,0.949495,0.1512843361,0.1512838494
0.440200,0.959596,0.1212106714,0.1212102815
0.440200,0.969697,0.0910149579,0.0910146651
0.440200,0.979798,0.0607276000,0.0607274047
0.440200,0.989899,0.0303790946,0.0303789969
0.440200,1.000000,0.0000000000,0.0000000000
0.450200,0.000000,0.0000000000,0.0000000000
0.450200,0.010101,0.0303491286,0.0303490288
0.450200,0.020202,0.0606676983,0.0606674987
0.450200,0.030303,0.0909251807,0.0909248816
0.450200,0.040404,0.1210911092,0.1210907108
0.450200,0.050505,0.1511351091,0.1511346119
0.450200,0.060606,0.1810269289,0.1810263333
0.450200,0.070707,0.2107364699,0.2107357765
0.450200,0.080808,0.2402338171,0.2402330267
0.450200,0.090909,0.2694892692,0.2694883825
0.450200,0.101010,0.2984733684,0.2984723864
0.450200,0.111111,0.3271569303,0.3271558539
0.450200,0.121212,0.3555110729,0.3555099032
0.450200,0.131313,0.3835072460,0.3835059842
0.450200,0.141414,0.4111172598,0.4111159071
0.450200,0.151515,0.4383133133,0.4383118712
0.450200,0.161616,0.4650680225,0.4650664924
0.450200,0.171717,0.4913544476,0.4913528310
0.450200,0.181818,0.5171461205,0.5171444190
0.450200,0.191919,0.5424170710,0.5424152864
0.450200,0.202020,0.5671418535,0.5671399876
0.450200,0.212121,0.5912955723,0.5912936269
0.450200,0.222222,0.6148539065,0.6148518836
0.450200,0.232323,0.6377931350,0.6377910366
0.450200,0.242424,0.6600901598,0.6600879881
0.450200,0.252525,0.6817225298,0.6817202869
0.450200,0.262626,0.7026684630,0.7026661512
0.450200,0.272727,0.7229068687,0.7229044903
0.450200,0.282828,0.7424173684,0.7424149258
0.450200,0.292929,0.7611803167,0.7611778124
0.450200,0.303030,0.7791768210,0.7791742574
0.450200,0.313131,0.7963887602,0.7963861401
0.450200,0.323232,0.8127988035,0.8127961294
0.450200,0.333333,0.8283904273,0.8283877018
0.450200,0.343434,0.8431479322,0.8431451581
0.450200,0.353535,0.8570564585,0.8570536387
0.450200,0.363636,0.8701020017,0.8700991390
0.450200,0.373737,0.8822714259,0.8822685231
0.450200,0.383838,0.8935524775,0.8935495377
0.450200,0.393939,0.9039337976,0.9039308236
0.450200,0.404040,0.9134049329,0.9134019277
0.450200,0.414141,0.9219563469,0.9219533136
0.450200,0.424242,0.9295794290,0.9295763706
0.450200,0.434343,0.9362665034,0.9362634230
0.450200,0.444444,0.9420108368,0.9420077376
0.450200,0.454545,0.9468066452,0.9468035301
0.450200,0.464646,0.9506490995,0.9506459718
0.450200,0.474747,0.9535343308,0.9535311936
0.450200,0.484848,0.9554594338,0.9554562902
0.450200,0.494949,0.9564224701,0.9564193234
0.450200,0.505051,0.9564224701,0.9564193234
0.450200,0.515152,0.9554594338,0.9554562902
0.450200,0.525253,0.9535343308,0.9535311936
0.450200,0.535354,0.9506490995,0.9506459718
0.450200,0.545455,0.9468066452,0.9468035301
0.450200,0.555556,0.9420108368,0.9420077376
0.450200,0.565657,0.9362665034,0.9362634230
0.450200,0.575758,0.9295794290,0.9295763706
0.450200,0.585859,0.9219563469,0.9219533136
0.450200,0.595960,0.9134049329,0.9134019277
0.450200,0.606061,0.9039337976,0.9039308236
0.450200,0.616162,0.8935524775,0.8935495377
0.450200,0.626263,0.8822714259,0.8822685231
0.450200,0.636364,0.8701020017,0.8700991390
0.450200,0.646465,0.8570564585,0.8570536387
0.450200,0.656566,0.8431479322,0.8431451581
0.450200,0.666667,0.8283904273,0.8283877018
0.450200,0.676768,0.8127988035,0.8127961294
0.450200,0.686869,0.7963887602,0.7963861401
0.450200,0.696970,0.7791768210,0.7791742574
0.450200,0.707071,0.7611803167,0.7611778124
0.450200,0.717172,0.7424173684,0.7424149258
0.450200,0.727273,0.7229068687,0.7229044903
0.450200,0.737374,0.7026684630,0.7026661512
0.450200,0.747475,0.6817225298,0.6817202869
0.450200,0.757576,0.6600901598,0.6600879881
0.450200,0.767677,0.6377931350,0.6377910366
0.450200,0.777778,0.6148539065,0.6148518836
0.450200,0.787879,0.5912955723,0.5912936269
0.450200,0.797980,0.5671418535,0.5671399876
0.450200,0.808081,0.5424170710,0.5424152864
0.450200,0.818182,0.5171461205,0.5171444190
0.450200,0.828283,0.4913544476,0.4913528310
0.450200,0.838384,0.4650680225,0.4650664924
0.450200,0.848485,0.4383133133,0.4383118712
0.450200,0.858586,0.4111172598,0.4111159071
0.450200,0.868687,0.3835072460,0.3835059842
0.450200,0.878788,0.3555110729,0.3555099032
0.450200,0.888889,0.3271569303,0.3271558539
0.450200,0.898990,0.2984733684,0.2984723864
0.450200,0.909091,0.2694892692,0.2694883825
0.450200,0.919192,0.2402338171,0.2402330267
0.450200,0.929293,0.2107364699,0.2107357765
0.450200,0.939394,0.1810269289,0.1810263333
0.450200,0.949495,0.1511351091,0.1511346119
0.450200,0.959596,0.1210911092,0.1210907108
0.450200,0.969697,0.0909251807,0.0909248816
0.450200,0.979798,0.0606676983,0.0606674987
0.450200,0.989899,0.0303491286,0.0303490288
0.450200,1.000000,0.0000000000,0.0000000000
0.460200,0.000000,0.0000000000,0.0000000000
0.460200,0.010101,0.0303191922,0.0303190903
0.460200,0.020202,0.0606078556,0.0606076518
0.460200,0.030303,0.0908354921,0.0908351866
0.460200,0.040404,0.1209716648,0.1209712580
0.460200,0.050505,0.1509860294,0.1509855216
0.460200,0.060606,0.1808483638,0.1808477556
0.460200,0.070707,0.2105285993,0.2105278912
0.460200,0.080808,0.2399968503,0.2399960431
0.460200,0.090909,0.2692234448,0.2692225394
0.460200,0.101010,0.2981789541,0.2981779513
0.460200,0.111111,0.3268342225,0.3268331233
0.460200,0.121212,0.3551603966,0.3551592021
0.460200,0.131313,0.3831289542,0.3831276657
0.460200,0.141414,0.4107117335,0.4107103522
0.460200,0.151515,0.4378809608,0.4378794882
0.460200,0.161616,0.4646092791,0.4646077166
0.460200,0.171717,0.4908697753,0.4908681245
0.460200,0.181818,0.5166360072,0.5166342697
0.460200,0.191919,0.5418820305,0.5418802081
0.460200,0.202020,0.5665824245,0.5665805190
0.460200,0.212121,0.5907123180,0.5907103314
0.460200,0.222222,0.6142474143,0.6142453485
0.460200,0.232323,0.6371640155,0.6371618726
0.460200,0.242424,0.6594390465,0.6594368287
0.460200,0.252525,0.6810500784,0.6810477879
0.460200,0.262626,0.7019753505,0.7019729896
0.460200,0.272727,0.7221937929,0.7221913641
0.460200,0.282828,0.7416850475,0.7416825531
0.460200,0.292929,0.7604294880,0.7604269306
0.460200,0.303030,0.7784082405,0.7784056226
0.460200,0.313131,0.7956032019,0.7956005262
0.460200,0.323232,0.8119970583,0.8119943275
0.460200,0.333333,0.8275733025,0.8275705193
0.460200,0.343434,0.8423162506,0.8423134177
0.460200,0.353535,0.8562110576,0.8562081780
0.460200,0.363636,0.8692437326,0.8692408092
0.460200,0.373737,0.8814011528,0.8813981886
0.460200,0.383838,0.8926710769,0.8926680747
0.460200,0.393939,0.9030421568,0.9030391197
0.460200,0.404040,0.9125039498,0.9125008809
0.460200,0.414141,0.9210469286,0.9210438310
0.460200,0.424242,0.9286624913,0.9286593681
0.460200,0.434343,0.9353429696,0.9353398239
0.460200,0.444444,0.9410816368,0.9410784718
0.460200,0.454545,0.9458727146,0.9458695335
0.460200,0.464646,0.9497113787,0.9497081847
0.460200,0.474747,0.9525937640,0.9525905603
0.460200,0.484848,0.9545169681,0.9545137579
0.460200,0.494949,0.9554790545,0.9554758411
0.460200,0.505051,0.9554790545,0.9554758411
0.460200,0.515152,0.9545169681,0.9545137579
0.460200,0.525253,0.9525937640,0.9525905603
0.460200,0.535354,0.9497113787,0.9497081847
0.460200,0.545455,0.9458727146,0.9458695335
0.460200,0.555556,0.9410816368,0.9410784718
0.460200,0.565657,0.9353429696,0.9353398239
0.460200,0.575758,0.9286624913,0.9286593681
0.460200,0.585859,0.9210469286,0.9210438310
0.460200,0.595960,0.9125039498,0.9125008809
0.460200,0.606061,0.9030421568,0.9030391197
0.460200,0.616162,0.8926710769,0.8926680747
0.460200,0.626263,0.8814011528,0.8813981886
0.460200,0.636364,0.8692437326,0.8692408092
0.460200,0.646465,0.8562110576,0.8562081780
0.460200,0.656566,0.8423162506,0.8423134177
0.460200,0.666667,0.8275733025,0.8275705193
0.460200,0.676768,0.8119970583,0.8119943275
0.460200,0.686869,0.7956032019,0.7956005262
0.460200,0.696970,0.7784082405,0.7784056226
0.460200,0.707071,0.7604294880,0.7604269306
0.460200,0.717172,0.7416850475,0.7416825531
0.460200,0.727273,0.7221937929,0.7221913641
0.460200,0.737374,0.7019753505,0.7019729896
0.460200,0.747475,0.6810500784,0.6810477879
0.460200,0.757576,0.6594390465,0.6594368287
0.460200,0.767677,0.6371640155,0.6371618726
0.460200,0.777778,0.6142474143,0.6142453485
0.460200,0.787879,0.5907123180,0.5907103314
0.460200,0.797980,0.5665824245,0.5665805190
0.460200,0.808081,0.5418820305,0.5418802081
0.460200,0.818182,0.5166360072,0.5166342697
0.460200,0.828283,0.4908697753,0.4908681245
0.460200,0.838384,0.4646092791,0.4646077166
0.460200,0.848485,0.4378809608,0.4378794882
0.460200,0.858586,0.4107117335,0.4107103522
0.460200,0.868687,0.3831289542,0.3831276657
0.460200,0.878788,0.3551603966,0.3551592021
0.460200,0.888889,0.3268342225,0.3268331233
0.460200,0.898990,0.2981789541,0.2981779513
0.460200,0.909091,0.2692234448,0.2692225394
0.460200,0.919192,0.2399968503,0.2399960431
0.460200,0.929293,0.2105285993,0.2105278912
0.460200,0.939394,0.1808483638,0.1808477556
0.460200,0.949495,0.1509860294,0.1509855216
0.460200,0.959596,0.1209716648,0.1209712580
0.460200,0.969697,0.0908354921,0.0908351866
0.460200,0.979798,0.0606078556,0.0606076518
0.460200,0.989899,0.0303191922,0.0303190903
0.460200,1.000000,0.0000000000,0.0000000000
0.470200,0.000000,0.0000000000,0.0000000000
0.470200,0.010101,0.0302892854,0.0302891813
0.470200,0.020202,0.0605480720,0.0605478640
0.470200,0.030303,0.0907458919,0.0907455801
0.470200,0.040404,0.1208523383,0.1208519230
0.470200,0.050505,0.1508370967,0.1508365784
0.470200,0.060606,0.1806699749,0.1806693541
0.470200,0.070707,0.2103209338,0.2103202110
0.470200,0.080808,0.2397601173,0.2397592934
0.470200,0.090909,0.2689578827,0.2689569585
0.470200,0.101010,0.2978848303,0.2978838067
0.470200,0.111111,0.3265118331,0.3265107111
0.470200,0.121212,0.3548100662,0.3548088470
0.470200,0.131313,0.3827510356,0.3827497204
0.470200,0.141414,0.4103066072,0.4103051973
0.470200,0.151515,0.4374490348,0.4374475316
0.470200,0.161616,0.4641509883,0.4641493934
0.470200,0.171717,0.4903855811,0.4903838960
0.470200,0.181818,0.5161263972,0.5161246237
0.470200,0.191919,0.5413475178,0.5413456576
0.470200,0.202020,0.5660235473,0.5660216023
0.470200,0.212121,0.5901296391,0.5901276112
0.470200,0.222222,0.6136415203,0.6136394117
0.470200,0.232323,0.6365355166,0.6365333293
0.470200,0.242424,0.6587885755,0.6587863117
0.470200,0.252525,0.6803782902,0.6803759523
0.470200,0.262626,0.7012829216,0.7012805118
0.470200,0.272727,0.7214814206,0.7214789414
0.470200,0.282828,0.7409534489,0.7409509028
0.470200,0.292929,0.7596793999,0.7596767895
0.470200,0.303030,0.7776404182,0.7776377461
0.470200,0.313131,0.7948184185,0.7948156873
0.470200,0.323232,0.8111961040,0.8111933165
0.470200,0.333333,0.8267569838,0.8267541429
0.470200,0.343434,0.8414853894,0.8414824978
0.470200,0.353535,0.8553664905,0.8553635513
0.470200,0.363636,0.8683863101,0.8683833261
0.470200,0.373737,0.8805317383,0.8805287126
0.470200,0.383838,0.8917905456,0.8917874812
0.470200,0.393939,0.9021513955,0.9021482955
0.470200,0.404040,0.9116038554,0.9116007229
0.470200,0.414141,0.9201384075,0.9201352456
0.470200,0.424242,0.9277464581,0.9277432702
0.470200,0.434343,0.9344203468,0.9344171359
0.470200,0.444444,0.9401533534,0.9401501228
0.470200,0.454545,0.9449397052,0.9449364582
0.470200,0.464646,0.9487745829,0.9487713227
0.470200,0.474747,0.9516541250,0.9516508549
0.470200,0.484848,0.9535754320,0.9535721553
0.470200,0.494949,0.9545365694,0.9545332894
0.470200,0.505051,0.9545365694,0.9545332894
0.470200,0.515152,0.9535754320,0.9535721553
0.470200,0.525253,0.9516541250,0.9516508549
0.470200,0.535354,0.9487745829,0.9487713227
0.470200,0.545455,0.9449397052,0.9449364582
0.470200,0.555556,0.9401533534,0.9401501228
0.470200,0.565657,0.9344203468,0.9344171359
0.470200,0.575758,0.9277464581,0.9277432702
0.470200,0.585859,0.9201384075,0.9201352456
0.470200,0.595960,0.9116038554,0.9116007229
0.470200,0.606061,0.9021513955,0.9021482955
0.470200,0.616162,0.8917905456,0.8917874812
0.470200,0.626263,0.8805317383,0.8805287126
0.470200,0.636364,0.8683863101,0.8683833261
0.470200,0.646465,0.8553664905,0.8553635513
0.470200,0.656566,0.8414853894,0.8414824978
0.470200,0.666667,0.8267569838,0.8267541429
0.470200,0.676768,0.8111961040,0.8111933165
0.470200,0.686869,0.7948184185,0.7948156873
0.470200,0.696970,0.7776404182,0.7776377461
0.470200,0.707071,0.7596793999,0.7596767895
0.470200,0.717172,0.7409534489,0.7409509028
0.470200,0.727273,0.7214814206,0.7214789414
0.470200,0.737374,0.7012829216,0.7012805118
0.470200,0.747475,0.6803782902,0.6803759523
0.470200,0.757576,0.6587885755,0.6587863117
0.470200,0.767677,0.6365355166,0.6365333293
0.470200,0.777778,0.6136415203,0.6136394117
0.470200,0.787879,0.5901296391,0.5901276112
0.470200,0.797980,0.5660235473,0.5660216023
0.470200,0.808081,0.5413475178,0.5413456576
0.470200,0.818182,0.5161263972,0.5161246237
0.470200,0.828283,0.4903855811,0.4903838960
0.470200,0.838384,0.4641509883,0.4641493934
0.470200,0.848485,0.4374490348,0.4374475316
0.470200,0.858586,0.4103066072,0.4103051973
0.470200,0.868687,0.3827510356,0.3827497204
0.470200,0.878788,0.3548100662,0.3548088470
0.470200,0.888889,0.3265118331,0.3265107111
0.470200,0.898990,0.2978848303,0.2978838067
0.470200,0.909091,0.2689578827,0.2689569585
0.470200,0.919192,0.2397601173,0.2397592934
0.470200,0.929293,0.2103209338,0.2103202110
0.470200,0.939394,0.1806699749,0.1806693541
0.470200,0.949495,0.1508370967,0.1508365784
0.470200,0.959596,0.1208523383,0.1208519230
0.470200,0.969697,0.0907458919,0.0907455801
0.470200,0.979798,0.0605480720,0.0605478640
0.470200,0.989899,0.0302892854,0.0302891813
0.470200,1.000000,0.0000000000,0.0000000000
0.480200,0.000000,0.0000000000,0.0000000000
0.480200,0.010101,0.0302594080,0.0302593018
0.480200,0.020202,0.0604883474,0.0604881351
0.480200,0.030303,0.0906563801,0.0906560619
0.480200,0.040404,0.1207331295,0.1207327058
0.480200,0.050505,0.1506883109,0.1506877821
0.480200,0.060606,0.1804917619,0.1804911285
0.480200,0.070707,0.2101134731,0.2101127357
0.480200,0.080808,0.2395236178,0.2395227772
0.480200,0.090909,0.2686925825,0.2686916395
0.480200,0.101010,0.2975909965,0.2975899522
0.480200,0.111111,0.3261897616,0.3261886169
0.480200,0.121212,0.3544600813,0.3544588374
0.480200,0.131313,0.3823734898,0.3823721479
0.480200,0.141414,0.4099018805,0.4099004421
0.480200,0.151515,0.4370175348,0.4370160012
0.480200,0.161616,0.4636931495,0.4636915223
0.480200,0.171717,0.4899018645,0.4899001453
0.480200,0.181818,0.5156172898,0.5156154804
0.480200,0.191919,0.5408135323,0.5408116344
0.480200,0.202020,0.5654652213,0.5654632370
0.480200,0.212121,0.5895475349,0.5895454659
0.480200,0.222222,0.6130362240,0.6130340726
0.480200,0.232323,0.6359076376,0.6359054060
0.480200,0.242424,0.6581387461,0.6581364365
0.480200,0.252525,0.6797071647,0.6797047794
0.480200,0.262626,0.7005911758,0.7005887172
0.480200,0.272727,0.7207697509,0.7207672215
0.480200,0.282828,0.7402225720,0.7402199744
0.480200,0.292929,0.7589300518,0.7589273885
0.480200,0.303030,0.7768733533,0.7768706270
0.480200,0.313131,0.7940344092,0.7940316227
0.480200,0.323232,0.8103959397,0.8103930958
0.480200,0.333333,0.8259414702,0.8259385718
0.480200,0.343434,0.8406553477,0.8406523976
0.480200,0.353535,0.8545227565,0.8545197577
0.480200,0.363636,0.8675297333,0.8675266889
0.480200,0.373737,0.8796631813,0.8796600943
0.480200,0.383838,0.8909108829,0.8909077565
0.480200,0.393939,0.9012615129,0.9012583501
0.480200,0.404040,0.9107046488,0.9107014529
0.480200,0.414141,0.9192307824,0.9192275566
0.480200,0.424242,0.9268313285,0.9268280760
0.480200,0.434343,0.9334986341,0.9334953581
0.480200,0.444444,0.9392259856,0.9392226896
0.480200,0.454545,0.9440076162,0.9440043034
0.480200,0.464646,0.9478387111,0.9478353849
0.480200,0.474747,0.9507154128,0.9507120765
0.480200,0.484848,0.9526348247,0.9526314816
0.480200,0.494949,0.9535950140,0.9535916676
0.480200,0.505051,0.9535950140,0.9535916676
0.480200,0.515152,0.9526348247,0.9526314816
0.480200,0.525253,0.9507154128,0.9507120765
0.480200,0.535354,0.9478387111,0.9478353849
0.480200,0.545455,0.9440076162,0.9440043034
0.480200,0.555556,0.9392259856,0.9392226896
0.480200,0.565657,0.9334986341,0.9334953581
0.480200,0.575758,0.9268313285,0.9268280760
0.480200,0.585859,0.9192307824,0.9192275566
0.480200,0.595960,0.9107046488,0.9107014529
0.480200,0.606061,0.9012615129,0.9012583501
0.480200,0.616162,0.8909108829,0.8909077565
0.480200,0.626263,0.8796631813,0.8796600943
0.480200,0.636364,0.8675297333,0.8675266889
0.480200,0.646465,0.8545227565,0.8545197577
0.480200,0.656566,0.8406553477,0.8406523976
0.480200,0.666667,0.8259414702,0.8259385718
0.480200,0.676768,0.8103959397,0.8103930958
0.480200,0.686869,0.7940344092,0.7940316227
0.480200,0.696970,0.7768733533,0.7768706270
0.480200,0.707071,0.7589300518,0.7589273885
0.480200,0.717172,0.7402225720,0.7402199744
0.480200,0.727273,0.7207697509,0.7207672215
0.480200,0.737374,0.7005911758,0.7005887172
0.480200,0.747475,0.6797071647,0.6797047794
0.480200,0.757576,0.6581387461,0.6581364365
0.480200,0.767677,0.6359076376,0.6359054060
0.480200,0.777778,0.6130362240,0.6130340726
0.480200,0.787879,0.5895475349,0.5895454659
0.480200,0.797980,0.5654652213,0.5654632370
0.480200,0.808081,0.5408135323,0.5408116344
0.480200,0.818182,0.5156172898,0.5156154804
0.480200,0.828283,0.4899018645,0.4899001453
0.480200,0.838384,0.4636931495,0.4636915223
0.480200,0.848485,0.4370175348,0.4370160012
0.480200,0.858586,0.4099018805,0.4099004421
0.480200,0.868687,0.3823734898,0.3823721479
0.480200,0.878788,0.3544600813,0.3544588374
0.480200,0.888889,0.3261897616,0.3261886169
0.480200,0.898990,0.2975909965,0.2975899522
0.480200,0.909091,0.2686925825,0.2686916395
0.480200,0.919192,0.2395236178,0.2395227772
0.480200,0.929293,0.2101134731,0.2101127357
0.480200,0.939394,0.1804917619,0.1804911285
0.480200,0.949495,0.1506883109,0.1506877821
0.480200,0.959596,0.1207331295,0.1207327058
0.480200,0.969697,0.0906563801,0.0906560619
0.480200,0.979798,0.0604883474,0.0604881351
0.480200,0.989899,0.0302594080,0.0302593018
0.480200,1.000000,0.0000000000,0.0000000000
0.490200,0.000000,0.0000000000,0.0000000000
0.490200,0.010101,0.0302295601,0.0302294518
0.490200,0.020202,0.0604286816,0.0604284651
0.490200,0.030303,0.0905669566,0.0905666321
0.490200,0.040404,0.1206140383,0.1206136062
0.490200,0.050505,0.1505396719,0.1505391326
0.490200,0.060606,0.1803137248,0.1803130788
0.490200,0.070707,0.2099062170,0.2099054651
0.490200,0.080808,0.2392873515,0.2392864943
0.490200,0.090909,0.2684275439,0.2684265823
0.490200,0.101010,0.2972974526,0.2972963875
0.490200,0.111111,0.3258680079,0.3258668405
0.490200,0.121212,0.3541104417,0.3541091732
0.490200,0.131313,0.3819963164,0.3819949479
0.490200,0.141414,0.4094975531,0.4094960861
0.490200,0.151515,0.4365864605,0.4365848965
0.490200,0.161616,0.4632357623,0.4632341028
0.490200,0.171717,0.4894186250,0.4894168718
0.490200,0.181818,0.5151086847,0.5151068394
0.490200,0.191919,0.5402800735,0.5402781380
0.490200,0.202020,0.5649074461,0.5649054224
0.490200,0.212121,0.5889660048,0.5889638949
0.490200,0.222222,0.6124315247,0.6124293307
0.490200,0.232323,0.6352803779,0.6352781021
0.490200,0.242424,0.6574895577,0.6574872023
0.490200,0.252525,0.6790367012,0.6790342686
0.490200,0.262626,0.6999001122,0.6998976049
0.490200,0.272727,0.7200587832,0.7200562037
0.490200,0.282828,0.7394924161,0.7394897669
0.490200,0.292929,0.7581814428,0.7581787267
0.490200,0.303030,0.7761070450,0.7761042647
0.490200,0.313131,0.7932511732,0.7932483315
0.490200,0.323232,0.8095965647,0.8095936644
0.490200,0.333333,0.8251267611,0.8251238052
0.490200,0.343434,0.8398261248,0.8398231162
0.490200,0.353535,0.8536798548,0.8536767966
0.490200,0.363636,0.8666740015,0.8666708968
0.490200,0.373737,0.8787954810,0.8787923328
0.490200,0.383838,0.8900320880,0.8900288995
0.490200,0.393939,0.9003725080,0.9003692825
0.490200,0.404040,0.9098063293,0.9098030700
0.490200,0.414141,0.9183240527,0.9183207629
0.490200,0.424242,0.9259171016,0.9259137846
0.490200,0.434343,0.9325778305,0.9325744896
0.490200,0.444444,0.9382995326,0.9382961712
0.490200,0.454545,0.9430764466,0.9430730681
0.490200,0.464646,0.9469037625,0.9469003703
0.490200,0.474747,0.9497776266,0.9497742241
0.490200,0.484848,0.9516951452,0.9516917358
0.490200,0.494949,0.9526543874,0.9526509746
0.490200,0.505051,0.9526543874,0.9526509746
0.490200,0.515152,0.9516951452,0.9516917358
0.490200,0.525253,0.9497776266,0.9497742241
0.490200,0.535354,0.9469037625,0.9469003703
0.490200,0.545455,0.9430764466,0.9430730681
0.490200,0.555556,0.9382995326,0.9382961712
0.490200,0.565657,0.9325778305,0.9325744896
0.490200,0.575758,0.9259171016,0.9259137846
0.490200,0.585859,0.9183240527,0.9183207629
0.490200,0.595960,0.9098063293,0.9098030700
0.490200,0.606061,0.9003725080,0.9003692825
0.490200,0.616162,0.8900320880,0.8900288995
0.490200,0.626263,0.8787954810,0.8787923328
0.490200,0.636364,0.8666740015,0.8666708968
0.490200,0.646465,0.8536798548,0.8536767966
0.490200,0.656566,0.8398261248,0.8398231162
0.490200,0.666667,0.8251267611,0.8251238052
0.490200,0.676768,0.8095965647,0.8095936644
0.490200,0.686869,0.7932511732,0.7932483315
0.490200,0.696970,0.7761070450,0.7761042647
0.490200,0.707071,0.7581814428,0.7581787267
0.490200,0.717172,0.7394924161,0.7394897669
0.490200,0.727273,0.7200587832,0.7200562037
0.490200,0.737374,0.6999001122,0.6998976049
0.490200,0.747475,0.6790367012,0.6790342686
0.490200,0.757576,0.6574895577,0.6574872023
0.490200,0.767677,0.6352803779,0.6352781021
0.490200,0.777778,0.6124315247,0.6124293307
0.490200,0.787879,0.5889660048,0.5889638949
0.490200,0.797980,0.5649074461,0.5649054224
0.490200,0.808081,0.5402800735,0.5402781380
0.490200,0.818182,0.5151086847,0.5151068394
0.490200,0.828283,0.4894186250,0.4894168718
0.490200,0.838384,0.4632357623,0.4632341028
0.490200,0.848485,0.4365864605,0.4365848965
0.490200,0.858586,0.4094975531,0.4094960861
0.490200,0.868687,0.3819963164,0.3819949479
0.490200,0.878788,0.3541104417,0.3541091732
0.490200,0.888889,0.3258680079,0.3258668405
0.490200,0.898990,0.2972974526,0.2972963875
0.490200,0.909091,0.2684275439,0.2684265823
0.490200,0.919192,0.2392873515,0.2392864943
0.490200,0.929293,0.2099062170,0.2099054651
0.490200,0.939394,0.1803137248,0.1803130788
0.490200,0.949495,0.1505396719,0.1505391326
0.490200,0.959596,0.1206140383,0.1206136062
0.490200,0.969697,0.0905669566,0.0905666321
0.490200,0.979798,0.0604286816,0.0604284651
0.490200,0.989899,0.0302295601,0.0302294518
0.490200,1.000000,0.0000000000,0.0000000000
0.500200,0.000000,0.0000000000,0.0000000000
0.500200,0.010101,0.0301997417,0.0301996313
0.500200,0.020202,0.0603690747,0.0603688541
0.500200,0.030303,0.0904776213,0.0904772905
0.500200,0.040404,0.1204950645,0.1204946241
0.500200,0.050505,0.1503911794,0.1503906297
0.500200,0.060606,0.1801358632,0.1801352047
0.500200,0.070707,0.2096991654,0.2096983989
0.500200,0.080808,0.2390513184,0.2390504445
0.500200,0.090909,0.2681627669,0.2681617866
0.500200,0.101010,0.2970041982,0.2970031125
0.500200,0.111111,0.3255465715,0.3255453815
0.500200,0.121212,0.3537611470,0.3537598538
0.500200,0.131313,0.3816195150,0.3816181200
0.500200,0.141414,0.4090936245,0.4090921290
0.500200,0.151515,0.4361558114,0.4361542170
0.500200,0.161616,0.4627788263,0.4627771347
0.500200,0.171717,0.4889358622,0.4889340750
0.500200,0.181818,0.5146005812,0.5145987001
0.500200,0.191919,0.5397471410,0.5397451679
0.500200,0.202020,0.5643502211,0.5643481582
0.500200,0.212121,0.5883850485,0.5883828976
0.500200,0.222222,0.6118274219,0.6118251854
0.500200,0.232323,0.6346537370,0.6346514171
0.500200,0.242424,0.6568410096,0.6568386085
0.500200,0.252525,0.6783668990,0.6783644192
0.500200,0.262626,0.6992097304,0.6992071744
0.500200,0.272727,0.7193485169,0.7193458873
0.500200,0.282828,0.7387629804,0.7387602798
0.500200,0.292929,0.7574335722,0.7574308034
0.500200,0.303030,0.7753414926,0.7753386583
0.500200,0.313131,0.7924687098,0.7924658130
0.500200,0.323232,0.8087979782,0.8087950217
0.500200,0.333333,0.8243128556,0.8243098424
0.500200,0.343434,0.8389977199,0.8389946529
0.500200,0.353535,0.8528377845,0.8528346670
0.500200,0.363636,0.8658191138,0.8658159489
0.500200,0.373737,0.8779286367,0.8779254274
0.500200,0.383838,0.8891541598,0.8891509095
0.500200,0.393939,0.8994843801,0.8994810920
0.500200,0.404040,0.9089088958,0.9089055733
0.500200,0.414141,0.9174182173,0.9174148637
0.500200,0.424242,0.9250037765,0.9250003952
0.500200,0.434343,0.9316579352,0.9316545296
0.500200,0.444444,0.9373739934,0.9373705669
0.500200,0.454545,0.9421461954,0.9421427514
0.500200,0.464646,0.9459697361,0.9459662781
0.500200,0.474747,0.9488407654,0.9488372970
0.500200,0.484848,0.9507563926,0.9507529171
0.500200,0.494949,0.9517146886,0.9517112096
0.500200,0.505051,0.9517146886,0.9517112096
0.500200,0.515152,0.9507563926,0.9507529171
0.500200,0.525253,0.9488407654,0.9488372970
0.500200,0.535354,0.9459697361,0.9459662781
0.500200,0.545455,0.9421461954,0.9421427514
0.500200,0.555556,0.9373739934,0.9373705669
0.500200,0.565657,0.9316579352,0.9316545296
0.500200,0.575758,0.9250037765,0.9250003952
0.500200,0.585859,0.9174182173,0.9174148637
0.500200,0.595960,0.9089088958,0.9089055733
0.500200,0.606061,0.8994843801,0.8994810920
0.500200,0.616162,0.8891541598,0.8891509095
0.500200,0.626263,0.8779286367,0.8779254274
0.500200,0.636364,0.8658191138,0.8658159489
0.500200,0.646465,0.8528377845,0.8528346670
0.500200,0.656566,0.8389977199,0.8389946529
0.500200,0.666667,0.8243128556,0.8243098424
0.500200,0.676768,0.8087979782,0.8087950217
0.500200,0.686869,0.7924687098,0.7924658130
0.500200,0.696970,0.7753414926,0.7753386583
0.500200,0.707071,0.7574335722,0.7574308034
0.500200,0.717172,0.7387629804,0.7387602798
0.500200,0.727273,0.7193485169,0.7193458873
0.500200,0.737374,0.6992097304,0.6992071744
0.500200,0.747475,0.6783668990,0.6783644192
0.500200,0.757576,0.6568410096,0.6568386085
0.500200,0.767677,0.6346537370,0.6346514171
0.500200,0.777778,0.6118274219,0.6118251854
0.500200,0.787879,0.5883850485,0.5883828976
0.500200,0.797980,0.5643502211,0.5643481582
0.500200,0.808081,0.5397471410,0.5397451679
0.500200,0.818182,0.5146005812,0.5145987001
0.500200,0.828283,0.4889358622,0.4889340750
0.500200,0.838384,0.4627788263,0.4627771347
0.500200,0.848485,0.4361558114,0.4361542170
0.500200,0.858586,0.4090936245,0.4090921290
0.500200,0.868687,0.3816195150,0.3816181200
0.500200,0.878788,0.3537611470,0.3537598538
0.500200,0.888889,0.3255465715,0.3255453815
0.500200,0.898990,0.2970041982,0.2970031125
0.500200,0.909091,0.2681627669,0.2681617866
0.500200,0.919192,0.2390513184,0.2390504445
0.500200,0.929293,0.2096991654,0.2096983989
0.500200,0.939394,0.1801358632,0.1801352047
0.500200,0.949495,0.1503911794,0.1503906297
0.500200,0.959596,0.1204950645,0.1204946241
0.500200,0.969697,0.0904776213,0.0904772905
0.500200,0.979798,0.0603690747,0.0603688541
0.500200,0.989899,0.0301997417,0.0301996313
0.500200,1.000000,0.0000000000,0.0000000000
0.510200,0.000000,0.0000000000,0.0000000000
0.510200,0.010101,0.0301699526,0.0301698401
0.510200,0.020202,0.0603095267,0.0603093018
0.510200,0.030303,0.0903883741,0.0903880371
0.510200,0.040404,0.1203762081,0.1203757593
0.510200,0.050505,0.1502428335,0.1502422733
0.510200,0.060606,0.1799581771,0.1799575061
0.510200,0.070707,0.2094923180,0.2094915369
0.510200,0.080808,0.2388155180,0.2388146276
0.510200,0.090909,0.2678982510,0.2678972521
0.510200,0.101010,0.2967112331,0.2967101268
0.510200,0.111111,0.3252254522,0.3252242396
0.510200,0.121212,0.3534121968,0.3534108791
0.510200,0.131313,0.3812430853,0.3812416638
0.510200,0.141414,0.4086900943,0.4086885705
0.510200,0.151515,0.4357255870,0.4357239624
0.510200,0.161616,0.4623223410,0.4623206173
0.510200,0.171717,0.4884535756,0.4884517544
0.510200,0.181818,0.5140929789,0.5140910621
0.510200,0.191919,0.5392147341,0.5392127236
0.510200,0.202020,0.5637935458,0.5637914436
0.510200,0.212121,0.5878046651,0.5878024735
0.510200,0.222222,0.6112239150,0.6112216360
0.510200,0.232323,0.6340277142,0.6340253502
0.510200,0.242424,0.6561931013,0.6561906546
0.510200,0.252525,0.6776977575,0.6776952307
0.510200,0.262626,0.6985200295,0.6985174251
0.510200,0.272727,0.7186389511,0.7186362716
0.510200,0.282828,0.7380342642,0.7380315124
0.510200,0.292929,0.7566864393,0.7566836179
0.510200,0.303030,0.7745766953,0.7745738072
0.510200,0.313131,0.7916870182,0.7916840664
0.510200,0.323232,0.8080001794,0.8079971668
0.510200,0.333333,0.8234997530,0.8234966825
0.510200,0.343434,0.8381701321,0.8381670069
0.510200,0.353535,0.8519965449,0.8519933682
0.510200,0.363636,0.8649650694,0.8649618443
0.510200,0.373737,0.8770626474,0.8770593772
0.510200,0.383838,0.8882770977,0.8882737857
0.510200,0.393939,0.8985971282,0.8985937777
0.510200,0.404040,0.9080123476,0.9080089620
0.510200,0.414141,0.9165132755,0.9165098582
0.510200,0.424242,0.9240913522,0.9240879067
0.510200,0.434343,0.9307389473,0.9307354770
0.510200,0.444444,0.9364493672,0.9364458756
0.510200,0.454545,0.9412168619,0.9412133525
0.510200,0.464646,0.9450366310,0.9450331074
0.510200,0.474747,0.9479048284,0.9479012941
0.510200,0.484848,0.9498185659,0.9498150245
0.510200,0.494949,0.9507759167,0.9507723717
0.510200,0.505051,0.9507759167,0.9507723717
0.510200,0.515152,0.9498185659,0.9498150245
0.510200,0.525253,0.9479048284,0.9479012941
0.510200,0.535354,0.9450366310,0.9450331074
0.510200,0.545455,0.9412168619,0.9412133525
0.510200,0.555556,0.9364493672,0.9364458756
0.510200,0.565657,0.9307389473,0.9307354770
0.510200,0.575758,0.9240913522,0.9240879067
0.510200,0.585859,0.9165132755,0.9165098582
0.510200,0.595960,0.9080123476,0.9080089620
0.510200,0.606061,0.8985971282,0.8985937777
0.510200,0.616162,0.8882770977,0.8882737857
0.510200,0.626263,0.8770626474,0.8770593772
0.510200,0.636364,0.8649650694,0.8649618443
0.510200,0.646465,0.8519965449,0.8519933682
0.510200,0.656566,0.8381701321,0.8381670069
0.510200,0.666667,0.8234997530,0.8234966825
0.510200,0.676768,0.8080001794,0.8079971668
0.510200,0.686869,0.7916870182,0.7916840664
0.510200,0.696970,0.7745766953,0.7745738072
0.510200,0.707071,0.7566864393,0.7566836179
0.510200,0.717172,0.7380342642,0.7380315124
0.510200,0.727273,0.7186389511,0.7186362716
0.510200,0.737374,0.6985200295,0.6985174251
0.510200,0.747475,0.6776977575,0.6776952307
0.510200,0.757576,0.6561931013,0.6561906546
0.510200,0.767677,0.6340277142,0.6340253502
0.510200,0.777778,0.6112239150,0.6112216360
0.510200,0.787879,0.5878046651,0.5878024735
0.510200,0.797980,0.5637935458,0.5637914436
0.510200,0.808081,0.5392147341,0.5392127236
0.510200,0.818182,0.5140929789,0.5140910621
0.510200,0.828283,0.4884535756,0.4884517544
0.510200,0.838384,0.4623223410,0.4623206173
0.510200,0.848485,0.4357255870,0.4357239624
0.510200,0.858586,0.4086900943,0.4086885705
0.510200,0.868687,0.3812430853,0.3812416638
0.510200,0.878788,0.3534121968,0.3534108791
0.510200,0.888889,0.3252254522,0.3252242396
0.510200,0.898990,0.2967112331,0.2967101268
0.510200,0.909091,0.2678982510,0.2678972521
0.510200,0.919192,0.2388155180,0.2388146276
0.510200,0.929293,0.2094923180,0.2094915369
0.510200,0.939394,0.1799581771,0.1799575061
0.510200,0.949495,0.1502428335,0.1502422733
0.510200,0.959596,0.1203762081,0.1203757593
0.510200,0.969697,0.0903883741,0.0903880371
0.510200,0.979798,0.0603095267,0.0603093018
0.510200,0.989899,0.0301699526,0.0301698401
0.510200,1.000000,0.0000000000,0.0000000000
0.520200,0.000000,0.0000000000,0.0000000000
0.520200,0.010101,0.0301401930,0.0301400784
0.520200,0.020202,0.0602500373,0.0602498083
0.520200,0.030303,0.0902992150,0.0902988717
0.520200,0.040404,0.1202574690,0.1202570118
0.520200,0.050505,0.1500946339,0.1500940633
0.520200,0.060606,0.1797806662,0.1797799828
0.520200,0.070707,0.2092856747,0.2092848791
0.520200,0.080808,0.2385799502,0.2385790432
0.520200,0.090909,0.2676339960,0.2676329785
0.520200,0.101010,0.2964185570,0.2964174301
0.520200,0.111111,0.3249046496,0.3249034144
0.520200,0.121212,0.3530635908,0.3530622486
0.520200,0.131313,0.3808670269,0.3808655790
0.520200,0.141414,0.4082869622,0.4082854100
0.520200,0.151515,0.4352957871,0.4352941322
0.520200,0.161616,0.4618663060,0.4618645502
0.520200,0.171717,0.4879717648,0.4879699097
0.520200,0.181818,0.5135858773,0.5135839248
0.520200,0.191919,0.5386828524,0.5386808045
0.520200,0.202020,0.5632374195,0.5632352783
0.520200,0.212121,0.5872248543,0.5872226219
0.520200,0.222222,0.6106210034,0.6106186820
0.520200,0.232323,0.6334023089,0.6333999010
0.520200,0.242424,0.6555458320,0.6555433399
0.520200,0.252525,0.6770292761,0.6770267022
0.520200,0.262626,0.6978310090,0.6978283561
0.520200,0.272727,0.7179300852,0.7179273559
0.520200,0.282828,0.7373062668,0.7373034638
0.520200,0.292929,0.7559400434,0.7559371696
0.520200,0.303030,0.7738126524,0.7738097107
0.520200,0.313131,0.7909060977,0.7909030910
0.520200,0.323232,0.8072031676,0.8072000989
0.520200,0.333333,0.8226874524,0.8226843248
0.520200,0.343434,0.8373433606,0.8373401773
0.520200,0.353535,0.8511561350,0.8511528992
0.520200,0.363636,0.8641118674,0.8641085823
0.520200,0.373737,0.8761975123,0.8761941813
0.520200,0.383838,0.8874009006,0.8873975271
0.520200,0.393939,0.8977107515,0.8977073387
0.520200,0.404040,0.9071166837,0.9071132352
0.520200,0.414141,0.9156092263,0.9156057455
0.520200,0.424242,0.9231798280,0.9231763184
0.520200,0.434343,0.9298208659,0.9298173311
0.520200,0.444444,0.9355256530,0.9355220965
0.520200,0.454545,0.9402884451,0.9402848705
0.520200,0.464646,0.9441044464,0.9441008573
0.520200,0.474747,0.9469698145,0.9469662145
0.520200,0.484848,0.9488816644,0.9488780571
0.520200,0.494949,0.9498380708,0.9498344599
0.520200,0.505051,0.9498380708,0.9498344599
0.520200,0.515152,0.9488816644,0.9488780571
0.520200,0.525253,0.9469698145,0.9469662145
0.520200,0.535354,0.9441044464,0.9441008573
0.520200,0.545455,0.9402884451,0.9402848705
0.520200,0.555556,0.9355256530,0.9355220965
0.520200,0.565657,0.9298208659,0.9298173311
0.520200,0.575758,0.9231798280,0.9231763184
0.520200,0.585859,0.9156092263,0.9156057455
0.520200,0.595960,0.9071166837,0.9071132352
0.520200,0.606061,0.8977107515,0.8977073387
0.520200,0.616162,0.8874009006,0.8873975271
0.520200,0.626263,0.8761975123,0.8761941813
0.520200,0.636364,0.8641118674,0.8641085823
0.520200,0.646465,0.8511561350,0.8511528992
0.520200,0.656566,0.8373433606,0.8373401773
0.520200,0.666667,0.8226874524,0.8226843248
0.520200,0.676768,0.8072031676,0.8072000989
0.520200,0.686869,0.7909060977,0.7909030910
0.520200,0.696970,0.7738126524,0.7738097107
0.520200,0.707071,0.7559400434,0.7559371696
0.520200,0.717172,0.7373062668,0.7373034638
0.520200,0.727273,0.7179300852,0.7179273559
0.520200,0.737374,0.6978310090,0.6978283561
0.520200,0.747475,0.6770292761,0.6770267022
0.520200,0.757576,0.6555458320,0.6555433399
0.520200,0.767677,0.6334023089,0.6333999010
0.520200,0.777778,0.6106210034,0.6106186820
0.520200,0.787879,0.5872248543,0.5872226219
0.520200,0.797980,0.5632374195,0.5632352783
0.520200,0.808081,0.5386828524,0.5386808045
0.520200,0.818182,0.5135858773,0.5135839248
0.520200,0.828283,0.4879717648,0.4879699097
0.520200,0.838384,0.4618663060,0.4618645502
0.520200,0.848485,0.4352957871,0.4352941322
0.520200,0.858586,0.4082869622,0.4082854100
0.520200,0.868687,0.3808670269,0.3808655790
0.520200,0.878788,0.3530635908,0.3530622486
0.520200,0.888889,0.3249046496,0.3249034144
0.520200,0.898990,0.2964185570,0.2964174301
0.520200,0.909091,0.2676339960,0.2676329785
0.520200,0.919192,0.2385799502,0.2385790432
0.520200,0.929293,0.2092856747,0.2092848791
0.520200,0.939394,0.1797806662,0.1797799828
0.520200,0.949495,0.1500946339,0.1500940633
0.520200,0.959596,0.1202574690,0.1202570118
0.520200,0.969697,0.0902992150,0.0902988717
0.520200,0.979798,0.0602500373,0.0602498083
0.520200,0.989899,0.0301401930,0.0301400784
0.520200,1.000000,0.0000000000,0.0000000000
0.530200,0.000000,0.0000000000,0.0000000000
0.530200,0.010101,0.0301104627,0.0301103460
0.530200,0.020202,0.0601906066,0.0601903734
0.530200,0.030303,0.0902101438,0.0902097942
0.530200,0.040404,0.1201388469,0.1201383814
0.530200,0.050505,0.1499465805,0.1499459995
0.530200,0.060606,0.1796033305,0.1796026346
0.530200,0.070707,0.2090792352,0.2090784251
0.530200,0.080808,0.2383446148,0.2383436913
0.530200,0.090909,0.2673700017,0.2673689657
0.530200,0.101010,0.2961261696,0.2961250222
0.530200,0.111111,0.3245841635,0.3245829058
0.530200,0.121212,0.3527153287,0.3527139620
0.530200,0.131313,0.3804913394,0.3804898652
0.530200,0.141414,0.4078842277,0.4078826473
0.530200,0.151515,0.4348664111,0.4348647261
0.530200,0.161616,0.4614107209,0.4614089330
0.530200,0.171717,0.4874904291,0.4874885403
0.530200,0.181818,0.5130792759,0.5130772879
0.530200,0.191919,0.5381514953,0.5381494101
0.530200,0.202020,0.5626818418,0.5626796616
0.530200,0.212121,0.5866456154,0.5866433423
0.530200,0.222222,0.6100186865,0.6100163229
0.530200,0.232323,0.6327775206,0.6327750687
0.530200,0.242424,0.6548992013,0.6548966637
0.530200,0.252525,0.6763614540,0.6763588333
0.530200,0.262626,0.6971426681,0.6971399669
0.530200,0.272727,0.7172219186,0.7172191396
0.530200,0.282828,0.7365789874,0.7365761334
0.530200,0.292929,0.7551943837,0.7551914575
0.530200,0.303030,0.7730493632,0.7730463678
0.530200,0.313131,0.7901259475,0.7901228860
0.530200,0.323232,0.8064069420,0.8064038174
0.530200,0.333333,0.8218759530,0.8218727685
0.530200,0.343434,0.8365174046,0.8365141634
0.530200,0.353535,0.8503165541,0.8503132594
0.530200,0.363636,0.8632595070,0.8632561621
0.530200,0.373737,0.8753332306,0.8753298390
0.530200,0.383838,0.8865255679,0.8865221329
0.530200,0.393939,0.8968252491,0.8968217742
0.530200,0.404040,0.9062219033,0.9062183920
0.530200,0.414141,0.9147060689,0.9147025246
0.530200,0.424242,0.9222692029,0.9222656294
0.530200,0.434343,0.9289036901,0.9289000909
0.530200,0.444444,0.9346028500,0.9345992287
0.530200,0.454545,0.9393609440,0.9393573043
0.530200,0.464646,0.9431731812,0.9431695267
0.530200,0.474747,0.9460357230,0.9460320574
0.530200,0.484848,0.9479456870,0.9479420140
0.530200,0.494949,0.9489011500,0.9488974733
0.530200,0.505051,0.9489011500,0.9488974733
0.530200,0.515152,0.9479456870,0.9479420140
0.530200,0.525253,0.9460357230,0.9460320574
0.530200,0.535354,0.9431731812,0.9431695267
0.530200,0.545455,0.9393609440,0.9393573043
0.530200,0.555556,0.9346028500,0.9345992287
0.530200,0.565657,0.9289036901,0.9289000909
0.530200,0.575758,0.9222692029,0.9222656294
0.530200,0.585859,0.9147060689,0.9147025246
0.530200,0.595960,0.9062219033,0.9062183920
0.530200,0.606061,0.8968252491,0.8968217742
0.530200,0.616162,0.8865255679,0.8865221329
0.530200,0.626263,0.8753332306,0.8753298390
0.530200,0.636364,0.8632595070,0.8632561621
0.530200,0.646465,0.8503165541,0.8503132594
0.530200,0.656566,0.8365174046,0.8365141634
0.530200,0.666667,0.8218759530,0.8218727685
0.530200,0.676768,0.8064069420,0.8064038174
0.530200,0.686869,0.7901259475,0.7901228860
0.530200,0.696970,0.7730493632,0.7730463678
0.530200,0.707071,0.7551943837,0.7551914575
0.530200,0.717172,0.7365789874,0.7365761334
0.530200,0.727273,0.7172219186,0.7172191396
0.530200,0.737374,0.6971426681,0.6971399669
0.530200,0.747475,0.6763614540,0.6763588333
0.530200,0.757576,0.6548992013,0.6548966637
0.530200,0.767677,0.6327775206,0.6327750687
0.530200,0.777778,0.6100186865,0.6100163229
0.530200,0.787879,0.5866456154,0.5866433423
0.530200,0.797980,0.5626818418,0.5626796616
0.530200,0.808081,0.5381514953,0.5381494101
0.530200,0.818182,0.5130792759,0.5130772879
0.530200,0.828283,0.4874904291,0.4874885403
0.530200,0.838384,0.4614107209,0.4614089330
0.530200,0.848485,0.4348664111,0.4348647261
0.530200,0.858586,0.4078842277,0.4078826473
0.530200,0.868687,0.3804913394,0.3804898652
0.530200,0.878788,0.3527153287,0.3527139620
0.530200,0.888889,0.3245841635,0.3245829058
0.530200,0.898990,0.2961261696,0.2961250222
0.530200,0.909091,0.2673700017,0.2673689657
0.530200,0.919192,0.2383446148,0.2383436913
0.530200,0.929293,0.2090792352,0.2090784251
0.530200,0.939394,0.1796033305,0.1796026346
0.530200,0.949495,0.1499465805,0.1499459995
0.530200,0.959596,0.1201388469,0.1201383814
0.530200,0.969697,0.0902101438,0.0902097942
0.530200,0.979798,0.0601906066,0.0601903734
0.530200,0.989899,0.0301104627,0.0301103460
0.530200,1.000000,0.0000000000,0.0000000000
0.540200,0.000000,0.0000000000,0.0000000000
0.540200,0.010101,0.0300807617,0.0300806429
0.540200,0.020202,0.0601312346,0.0601309972
0.540200,0.030303,0.0901211604,0.0901208047
0.540200,0.040404,0.1200203419,0.1200198681
0.540200,0.050505,0.1497986731,0.1497980817
0.540200,0.060606,0.1794261697,0.1794254613
0.540200,0.070707,0.2088729993,0.2088721748
0.540200,0.080808,0.2381095116,0.2381085716
0.540200,0.090909,0.2671062677,0.2671052133
0.540200,0.101010,0.2958340705,0.2958329026
0.540200,0.111111,0.3242639935,0.3242627134
0.540200,0.121212,0.3523674101,0.3523660190
0.540200,0.131313,0.3801160226,0.3801145220
0.540200,0.141414,0.4074818905,0.4074802818
0.540200,0.151515,0.4344374586,0.4344357435
0.540200,0.161616,0.4609555851,0.4609537653
0.540200,0.171717,0.4870095683,0.4870076457
0.540200,0.181818,0.5125731742,0.5125711507
0.540200,0.191919,0.5376206624,0.5376185400
0.540200,0.202020,0.5621268121,0.5621245930
0.540200,0.212121,0.5860669478,0.5860646341
0.540200,0.222222,0.6094169637,0.6094145579
0.540200,0.232323,0.6321533485,0.6321508529
0.540200,0.242424,0.6542532083,0.6542506255
0.540200,0.252525,0.6756942907,0.6756916232
0.540200,0.262626,0.6964550062,0.6964522567
0.540200,0.272727,0.7165144505,0.7165116219
0.540200,0.282828,0.7358524255,0.7358495205
0.540200,0.292929,0.7544494595,0.7544464811
0.540200,0.303030,0.7722868269,0.7722837780
0.540200,0.313131,0.7893465668,0.7893434507
0.540200,0.323232,0.8056115017,0.8056083214
0.540200,0.333333,0.8210652541,0.8210620127
0.540200,0.343434,0.8356922634,0.8356889643
0.540200,0.353535,0.8494778014,0.8494744479
0.540200,0.363636,0.8624079873,0.8624045827
0.540200,0.373737,0.8744698014,0.8744663492
0.540200,0.383838,0.8856510986,0.8856476022
0.540200,0.393939,0.8959406202,0.8959370832
0.540200,0.404040,0.9053280055,0.9053244315
0.540200,0.414141,0.9138038023,0.9138001948
0.540200,0.424242,0.9213594761,0.9213558388
0.540200,0.434343,0.9279874190,0.9279837555
0.540200,0.444444,0.9336809572,0.9336772713
0.540200,0.454545,0.9384343579,0.9384306532
0.540200,0.464646,0.9422428347,0.9422391149
0.540200,0.474747,0.9451025529,0.9450988218
0.540200,0.484848,0.9470106328,0.9470068942
0.540200,0.494949,0.9479651534,0.9479614110
0.540200,0.505051,0.9479651534,0.9479614110
0.540200,0.515152,0.9470106328,0.9470068942
0.540200,0.525253,0.9451025529,0.9450988218
0.540200,0.535354,0.9422428347,0.9422391149
0.540200,0.545455,0.9384343579,0.9384306532
0.540200,0.555556,0.9336809572,0.9336772713
0.540200,0.565657,0.9279874190,0.9279837555
0.540200,0.575758,0.9213594761,0.9213558388
0.540200,0.585859,0.9138038023,0.9138001948
0.540200,0.595960,0.9053280055,0.9053244315
0.540200,0.606061,0.8959406202,0.8959370832
0.540200,0.616162,0.8856510986,0.8856476022
0.540200,0.626263,0.8744698014,0.8744663492
0.540200,0.636364,0.8624079873,0.8624045827
0.540200,0.646465,0.8494778014,0.8494744479
0.540200,0.656566,0.8356922634,0.8356889643
0.540200,0.666667,0.8210652541,0.8210620127
0.540200,0.676768,0.8056115017,0.8056083214
0.540200,0.686869,0.7893465668,0.7893434507
0.540200,0.696970,0.7722868269,0.7722837780
0.540200,0.707071,0.7544494595,0.7544464811
0.540200,0.717172,0.7358524255,0.7358495205
0.540200,0.727273,0.7165144505,0.7165116219
0.540200,0.737374,0.6964550062,0.6964522567
0.540200,0.747475,0.6756942907,0.6756916232
0.540200,0.757576,0.6542532083,0.6542506255
0.540200,0.767677,0.6321533485,0.6321508529
0.540200,0.777778,0.6094169637,0.6094145579
0.540200,0.787879,0.5860669478,0.5860646341
0.540200,0.797980,0.5621268121,0.5621245930
0.540200,0.808081,0.5376206624,0.5376185400
0.540200,0.818182,0.5125731742,0.5125711507
0.540200,0.828283,0.4870095683,0.4870076457
0.540200,0.838384,0.4609555851,0.4609537653
0.540200,0.848485,0.4344374586,0.4344357435
0.540200,0.858586,0.4074818905,0.4074802818
0.540200,0.868687,0.3801160226,0.3801145220
0.540200,0.878788,0.3523674101,0.3523660190
0.540200,0.888889,0.3242639935,0.3242627134
0.540200,0.898990,0.2958340705,0.2958329026
0.540200,0.909091,0.2671062677,0.2671052133
0.540200,0.919192,0.2381095116,0.2381085716
0.540200,0.929293,0.2088729993,0.2088721748
0.540200,0.939394,0.1794261697,0.1794254613
0.540200,0.949495,0.1497986731,0.1497980817
0.540200,0.959596,0.1200203419,0.1200198681
0.540200,0.969697,0.0901211604,0.0901208047
0.540200,0.979798,0.0601312346,0.0601309972
0.540200,0.989899,0.0300807617,0.0300806429
0.540200,1.000000,0.0000000000,0.0000000000
0.550200,0.000000,0.0000000000,0.0000000000
0.550200,0.010101,0.0300510900,0.0300509692
0.550200,0.020202,0.0600719211,0.0600716796
0.550200,0.030303,0.0900322649,0.0900319029
0.550200,0.040404,0.1199019538,0.1199014717
0.550200,0.050505,0.1496509116,0.1496503099
0.550200,0.060606,0.1792491836,0.1792484629
0.550200,0.070707,0.2086669669,0.2086661279
0.550200,0.080808,0.2378746402,0.2378736838
0.550200,0.090909,0.2668427940,0.2668417210
0.550200,0.101010,0.2955422596,0.2955410713
0.550200,0.111111,0.3239441393,0.3239428368
0.550200,0.121212,0.3520198347,0.3520184193
0.550200,0.131313,0.3797410759,0.3797395490
0.550200,0.141414,0.4070799501,0.4070783133
0.550200,0.151515,0.4340089293,0.4340071842
0.550200,0.161616,0.4605008982,0.4604990466
0.550200,0.171717,0.4865291818,0.4865272256
0.550200,0.181818,0.5120675718,0.5120655128
0.550200,0.191919,0.5370903531,0.5370881935
0.550200,0.202020,0.5615723299,0.5615700719
0.550200,0.212121,0.5854888510,0.5854864969
0.550200,0.222222,0.6088158345,0.6088133866
0.550200,0.232323,0.6315297921,0.6315272528
0.550200,0.242424,0.6536078526,0.6536052246
0.550200,0.252525,0.6750277855,0.6750250713
0.550200,0.262626,0.6957680226,0.6957652250
0.550200,0.272727,0.7158076803,0.7158048021
0.550200,0.282828,0.7351265803,0.7351236245
0.550200,0.292929,0.7537052702,0.7537022396
0.550200,0.303030,0.7715250427,0.7715219405
0.550200,0.313131,0.7885679550,0.7885647842
0.550200,0.323232,0.8048168461,0.8048136100
0.550200,0.333333,0.8202553549,0.8202520568
0.550200,0.343434,0.8348679361,0.8348645792
0.550200,0.353535,0.8486398761,0.8486364638
0.550200,0.363636,0.8615573076,0.8615538434
0.550200,0.373737,0.8736072239,0.8736037113
0.550200,0.383838,0.8847774919,0.8847739343
0.550200,0.393939,0.8950568639,0.8950532650
0.550200,0.404040,0.9044349895,0.9044313529
0.550200,0.414141,0.9129024257,0.9128987551
0.550200,0.424242,0.9204506466,0.9204469456
0.550200,0.434343,0.9270720517,0.9270683241
0.550200,0.444444,0.9327599738,0.9327562233
0.550200,0.454545,0.9375086857,0.9375049161
0.550200,0.464646,0.9413134059,0.9413096210
0.550200,0.474747,0.9441703032,0.9441665068
0.550200,0.484848,0.9460765010,0.9460726970
0.550200,0.494949,0.9470300800,0.9470262722
0.550200,0.505051,0.9470300800,0.9470262722
0.550200,0.515152,0.9460765010,0.9460726970
0.550200,0.525253,0.9441703032,0.9441665068
0.550200,0.535354,0.9413134059,0.9413096210
0.550200,0.545455,0.9375086857,0.9375049161
0.550200,0.555556,0.9327599738,0.9327562233
0.550200,0.565657,0.9270720517,0.9270683241
0.550200,0.575758,0.9204506466,0.9204469456
0.550200,0.585859,0.9129024257,0.9128987551
0.550200,0.595960,0.9044349895,0.9044313529
0.550200,0.606061,0.8950568639,0.8950532650
0.550200,0.616162,0.8847774919,0.8847739343
0.550200,0.626263,0.8736072239,0.8736037113
0.550200,0.636364,0.8615573076,0.8615538434
0.550200,0.646465,0.8486398761,0.8486364638
0.550200,0.656566,0.8348679361,0.8348645792
0.550200,0.666667,0.8202553549,0.8202520568
0.550200,0.676768,0.8048168461,0.8048136100
0.550200,0.686869,0.7885679550,0.7885647842
0.550200,0.696970,0.7715250427,0.7715219405
0.550200,0.707071,0.7537052702,0.7537022396
0.550200,0.717172,0.7351265803,0.7351236245
0.550200,0.727273,0.7158076803,0.7158048021
0.550200,0.737374,0.6957680226,0.6957652250
0.550200,0.747475,0.6750277855,0.6750250713
0.550200,0.757576,0.6536078526,0.6536052246
0.550200,0.767677,0.6315297921,0.6315272528
0.550200,0.777778,0.6088158345,0.6088133866
0.550200,0.787879,0.5854888510,0.5854864969
0.550200,0.797980,0.5615723299,0.5615700719
0.550200,0.808081,0.5370903531,0.5370881935
0.550200,0.818182,0.5120675718,0.5120655128
0.550200,0.828283,0.4865291818,0.4865272256
0.550200,0.838384,0.4605008982,0.4604990466
0.550200,0.848485,0.4340089293,0.4340071842
0.550200,0.858586,0.4070799501,0.4070783133
0.550200,0.868687,0.3797410759,0.3797395490
0.550200,0.878788,0.3520198347,0.3520184193
0.550200,0.888889,0.3239441393,0.3239428368
0.550200,0.898990,0.2955422596,0.2955410713
0.550200,0.909091,0.2668427940,0.2668417210
0.550200,0.919192,0.2378746402,0.2378736838
0.550200,0.929293,0.2086669669,0.2086661279
0.550200,0.939394,0.1792491836,0.1792484629
0.550200,0.949495,0.1496509116,0.1496503099
0.550200,0.959596,0.1199019538,0.1199014717
0.550200,0.969697,0.0900322649,0.0900319029
0.550200,0.979798,0.0600719211,0.0600716796
0.550200,0.989899,0.0300510900,0.0300509692
0.550200,1.000000,0.0000000000,0.0000000000
0.560200,0.000000,0.0000000000,0.0000000000
0.560200,0.010101,0.0300214476,0.0300213247
0.560200,0.020202,0.0600126661,0.0600124204
0.560200,0.030303,0.0899434570,0.0899430888
0.560200,0.040404,0.1197836824,0.1197831920
0.560200,0.050505,0.1495032958,0.1495026838
0.560200,0.060606,0.1790723721,0.1790716390
0.560200,0.070707,0.2084611377,0.2084602843
0.560200,0.080808,0.2376400006,0.2376390277
0.560200,0.090909,0.2665795801,0.2665784887
0.560200,0.101010,0.2952507366,0.2952495279
0.560200,0.111111,0.3236246006,0.3236232757
0.560200,0.121212,0.3516726021,0.3516711624
0.560200,0.131313,0.3793664991,0.3793649460
0.560200,0.141414,0.4066784062,0.4066767413
0.560200,0.151515,0.4335808226,0.4335790476
0.560200,0.161616,0.4600466599,0.4600447765
0.560200,0.171717,0.4860492692,0.4860472793
0.560200,0.181818,0.5115624680,0.5115603737
0.560200,0.191919,0.5365605669,0.5365583702
0.560200,0.202020,0.5610183947,0.5610160979
0.560200,0.212121,0.5849113245,0.5849089299
0.560200,0.222222,0.6082152982,0.6082128082
0.560200,0.232323,0.6309068507,0.6309042678
0.560200,0.242424,0.6529631335,0.6529604603
0.560200,0.252525,0.6743619377,0.6743591769
0.560200,0.262626,0.6950817166,0.6950788710
0.560200,0.272727,0.7151016072,0.7150986796
0.560200,0.282828,0.7344014510,0.7343984444
0.560200,0.292929,0.7529618149,0.7529587323
0.560200,0.303030,0.7707640100,0.7707608545
0.560200,0.313131,0.7877901111,0.7877868859
0.560200,0.323232,0.8040229743,0.8040196827
0.560200,0.333333,0.8194462546,0.8194428998
0.560200,0.343434,0.8340444219,0.8340410074
0.560200,0.353535,0.8478027772,0.8477993064
0.560200,0.363636,0.8607074670,0.8607039433
0.560200,0.373737,0.8727454973,0.8727419243
0.560200,0.383838,0.8839047469,0.8839011282
0.560200,0.393939,0.8941739793,0.8941703186
0.560200,0.404040,0.9035428543,0.9035391553
0.560200,0.414141,0.9120019383,0.9119982046
0.560200,0.424242,0.9195427136,0.9195389490
0.560200,0.434343,0.9261575873,0.9261537957
0.560200,0.444444,0.9318398989,0.9318360840
0.560200,0.454545,0.9365839267,0.9365800923
0.560200,0.464646,0.9403848938,0.9403810439
0.560200,0.474747,0.9432389731,0.9432351115
0.560200,0.484848,0.9451432907,0.9451394213
0.560200,0.494949,0.9460959291,0.9460920558
0.560200,0.505051,0.9460959291,0.9460920558
0.560200,0.515152,0.9451432907,0.9451394213
0.560200,0.525253,0.9432389731,0.9432351115
0.560200,0.535354,0.9403848938,0.9403810439
0.560200,0.545455,0.9365839267,0.9365800923
0.560200,0.555556,0.9318398989,0.9318360840
0.560200,0.565657,0.9261575873,0.9261537957
0.560200,0.575758,0.9195427136,0.9195389490
0.560200,0.585859,0.9120019383,0.9119982046
0.560200,0.595960,0.9035428543,0.9035391553
0.560200,0.606061,0.8941739793,0.8941703186
0.560200,0.616162,0.8839047469,0.8839011282
0.560200,0.626263,0.8727454973,0.8727419243
0.560200,0.636364,0.8607074670,0.8607039433
0.560200,0.646465,0.8478027772,0.8477993064
0.560200,0.656566,0.8340444219,0.8340410074
0.560200,0.666667,0.8194462546,0.8194428998
0.560200,0.676768,0.8040229743,0.8040196827
0.560200,0.686869,0.7877901111,0.7877868859
0.560200,0.696970,0.7707640100,0.7707608545
0.560200,0.707071,0.7529618149,0.7529587323
0.560200,0.717172,0.7344014510,0.7343984444
0.560200,0.727273,0.7151016072,0.7150986796
0.560200,0.737374,0.6950817166,0.6950788710
0.560200,0.747475,0.6743619377,0.6743591769
0.560200,0.757576,0.6529631335,0.6529604603
0.560200,0.767677,0.6309068507,0.6309042678
0.560200,0.777778,0.6082152982,0.6082128082
0.560200,0.787879,0.5849113245,0.5849089299
0.560200,0.797980,0.5610183947,0.5610160979
0.560200,0.808081,0.5365605669,0.5365583702
0.560200,0.818182,0.5115624680,0.5115603737
0.560200,0.828283,0.4860492692,0.4860472793
0.560200,0.838384,0.4600466599,0.4600447765
0.560200,0.848485,0.4335808226,0.4335790476
0.560200,0.858586,0.4066784062,0.4066767413
0.560200,0.868687,0.3793664991,0.3793649460
0.560200,0.878788,0.3516726021,0.3516711624
0.560200,0.888889,0.3236246006,0.3236232757
0.560200,0.898990,0.2952507366,0.2952495279
0.560200,0.909091,0.2665795801,0.2665784887
0.560200,0.919192,0.2376400006,0.2376390277
0.560200,0.929293,0.2084611377,0.2084602843
0.560200,0.939394,0.1790723721,0.1790716390
0.560200,0.949495,0.1495032958,0.1495026838
0.560200,0.959596,0.1197836824,0.1197831920
0.560200,0.969697,0.0899434570,0.0899430888
0.560200,0.979798,0.0600126661,0.0600124204
0.560200,0.989899,0.0300214476,0.0300213247
0.560200,1.000000,0.0000000000,0.0000000000
0.570200,0.000000,0.0000000000,0.0000000000
0.570200,0.010101,0.0299918344,0.0299917094
0.570200,0.020202,0.0599534696,0.0599532198
0.570200,0.030303,0.0898547367,0.0898543623
0.570200,0.040404,0.1196655277,0.1196650291
0.570200,0.050505,0.1493558257,0.1493552033
0.570200,0.060606,0.1788957350,0.1788949896
0.570200,0.070707,0.2082555115,0.2082546437
0.570200,0.080808,0.2374055923,0.2374046031
0.570200,0.090909,0.2663166259,0.2663155161
0.570200,0.101010,0.2949595011,0.2949582720
0.570200,0.111111,0.3233053772,0.3233040299
0.570200,0.121212,0.3513257121,0.3513242481
0.570200,0.131313,0.3789922918,0.3789907125
0.570200,0.141414,0.4062772584,0.4062755654
0.570200,0.151515,0.4331531383,0.4331513333
0.570200,0.161616,0.4595928696,0.4595909545
0.570200,0.171717,0.4855698299,0.4855678065
0.570200,0.181818,0.5110578625,0.5110557329
0.570200,0.191919,0.5360313032,0.5360290696
0.570200,0.202020,0.5604650058,0.5604626704
0.570200,0.212121,0.5843343677,0.5843319327
0.570200,0.222222,0.6076153543,0.6076128224
0.570200,0.232323,0.6302845239,0.6302818974
0.570200,0.242424,0.6523190503,0.6523163321
0.570200,0.252525,0.6736967467,0.6736939394
0.570200,0.262626,0.6943960876,0.6943931941
0.570200,0.272727,0.7143962306,0.7143932537
0.570200,0.282828,0.7336770370,0.7336739798
0.570200,0.292929,0.7522190929,0.7522159584
0.570200,0.303030,0.7700037280,0.7700005193
0.570200,0.313131,0.7870130345,0.7870097550
0.570200,0.323232,0.8032298856,0.8032265386
0.570200,0.333333,0.8186379524,0.8186345411
0.570200,0.343434,0.8332217200,0.8332182480
0.570200,0.353535,0.8469665041,0.8469629748
0.570200,0.363636,0.8598584647,0.8598548816
0.570200,0.373737,0.8718846207,0.8718809875
0.570200,0.383838,0.8830328628,0.8830291831
0.570200,0.393939,0.8932919656,0.8932882432
0.570200,0.404040,0.9026515992,0.9026478378
0.570200,0.414141,0.9111023391,0.9110985425
0.570200,0.424242,0.9186356761,0.9186318482
0.570200,0.434343,0.9252440250,0.9252401695
0.570200,0.444444,0.9309207315,0.9309168523
0.570200,0.454545,0.9356600798,0.9356561808
0.570200,0.464646,0.9394572976,0.9394533829
0.570200,0.474747,0.9423085616,0.9423046350
0.570200,0.484848,0.9442110008,0.9442070662
0.570200,0.494949,0.9451626995,0.9451587610
0.570200,0.505051,0.9451626995,0.9451587610
0.570200,0.515152,0.9442110008,0.9442070662
0.570200,0.525253,0.9423085616,0.9423046350
0.570200,0.535354,0.9394572976,0.9394533829
0.570200,0.545455,0.9356600798,0.9356561808
0.570200,0.555556,0.9309207315,0.9309168523
0.570200,0.565657,0.9252440250,0.9252401695
0.570200,0.575758,0.9186356761,0.9186318482
0.570200,0.585859,0.9111023391,0.9110985425
0.570200,0.595960,0.9026515992,0.9026478378
0.570200,0.606061,0.8932919656,0.8932882432
0.570200,0.616162,0.8830328628,0.8830291831
0.570200,0.626263,0.8718846207,0.8718809875
0.570200,0.636364,0.8598584647,0.8598548816
0.570200,0.646465,0.8469665041,0.8469629748
0.570200,0.656566,0.8332217200,0.8332182480
0.570200,0.666667,0.8186379524,0.8186345411
0.570200,0.676768,0.8032298856,0.8032265386
0.570200,0.686869,0.7870130345,0.7870097550
0.570200,0.696970,0.7700037280,0.7700005193
0.570200,0.707071,0.7522190929,0.7522159584
0.570200,0.717172,0.7336770370,0.7336739798
0.570200,0.727273,0.7143962306,0.7143932537
0.570200,0.737374,0.6943960876,0.6943931941
0.570200,0.747475,0.6736967467,0.6736939394
0.570200,0.757576,0.6523190503,0.6523163321
0.570200,0.767677,0.6302845239,0.6302818974
0.570200,0.777778,0.6076153543,0.6076128224
0.570200,0.787879,0.5843343677,0.5843319327
0.570200,0.797980,0.5604650058,0.5604626704
0.570200,0.808081,0.5360313032,0.5360290696
0.570200,0.818182,0.5110578625,0.5110557329
0.570200,0.828283,0.4855698299,0.4855678065
0.570200,0.838384,0.4595928696,0.4595909545
0.570200,0.848485,0.4331531383,0.4331513333
0.570200,0.858586,0.4062772584,0.4062755654
0.570200,0.868687,0.3789922918,0.3789907125
0.570200,0.878788,0.3513257121,0.3513242481
0.570200,0.888889,0.3233053772,0.3233040299
0.570200,0.898990,0.2949595011,0.2949582720
0.570200,0.909091,0.2663166259,0.2663155161
0.570200,0.919192,0.2374055923,0.2374046031
0.570200,0.929293,0.2082555115,0.2082546437
0.570200,0.939394,0.1788957350,0.1788949896
0.570200,0.949495,0.1493558257,0.1493552033
0.570200,0.959596,0.1196655277,0.1196650291
0.570200,0.969697,0.0898547367,0.0898543623
0.570200,0.979798,0.0599534696,0.0599532198
0.570200,0.989899,0.0299918344,0.0299917094
0.570200,1.000000,0.0000000000,0.0000000000
0.580200,0.000000,0.0000000000,0.0000000000
0.580200,0.010101,0.0299622505,0.0299621234
0.580200,0.020202,0.0598943315,0.0598940775
0.580200,0.030303,0.0897661040,0.0897657233
0.580200,0.040404,0.1195474896,0.1195469827
0.580200,0.050505,0.1492085010,0.1492078684
0.580200,0.060606,0.1787192722,0.1787185144
0.580200,0.070707,0.2080500882,0.2080492060
0.580200,0.080808,0.2371714153,0.2371704097
0.580200,0.090909,0.2660539310,0.2660528029
0.580200,0.101010,0.2946685529,0.2946673035
0.580200,0.111111,0.3229864686,0.3229850991
0.580200,0.121212,0.3509791642,0.3509776760
0.580200,0.131313,0.3786184536,0.3786168482
0.580200,0.141414,0.4058765063,0.4058747853
0.580200,0.151515,0.4327258758,0.4327240410
0.580200,0.161616,0.4591395270,0.4591375802
0.580200,0.171717,0.4850908636,0.4850888067
0.580200,0.181818,0.5105537548,0.5105515900
0.580200,0.191919,0.5355025617,0.5355002911
0.580200,0.202020,0.5599121628,0.5599097887
0.580200,0.212121,0.5837579799,0.5837555047
0.580200,0.222222,0.6070160022,0.6070134284
0.580200,0.232323,0.6296628109,0.6296601410
0.580200,0.242424,0.6516756024,0.6516728392
0.580200,0.252525,0.6730322119,0.6730293582
0.580200,0.262626,0.6937111350,0.6937081936
0.580200,0.272727,0.7136915497,0.7136885236
0.580200,0.282828,0.7329533376,0.7329502298
0.580200,0.292929,0.7514771036,0.7514739173
0.580200,0.303030,0.7692441959,0.7692409342
0.580200,0.313131,0.7862367244,0.7862333907
0.580200,0.323232,0.8024375792,0.8024341768
0.580200,0.333333,0.8178304474,0.8178269797
0.580200,0.343434,0.8323998297,0.8323963002
0.580200,0.353535,0.8461310559,0.8461274682
0.580200,0.363636,0.8590102998,0.8590066575
0.580200,0.373737,0.8710245932,0.8710209000
0.580200,0.383838,0.8821618387,0.8821580982
0.580200,0.393939,0.8924108219,0.8924070380
0.580200,0.404040,0.9017612231,0.9017573996
0.580200,0.414141,0.9102036272,0.9101997679
0.580200,0.424242,0.9177295334,0.9177256421
0.580200,0.434343,0.9243313638,0.9243274445
0.580200,0.444444,0.9300024708,0.9299985275
0.580200,0.454545,0.9347371441,0.9347331808
0.580200,0.464646,0.9385306164,0.9385266370
0.580200,0.474747,0.9413790680,0.9413750764
0.580200,0.484848,0.9432796305,0.9432756309
0.580200,0.494949,0.9442303905,0.9442263869
0.580200,0.505051,0.9442303905,0.9442263869
0.580200,0.515152,0.9432796305,0.9432756309
0.580200,0.525253,0.9413790680,0.9413750764
0.580200,0.535354,0.9385306164,0.9385266370
0.580200,0.545455,0.9347371441,0.9347331808
0.580200,0.555556,0.9300024708,0.9299985275
0.580200,0.565657,0.9243313638,0.9243274445
0.580200,0.575758,0.9177295334,0.9177256421
0.580200,0.585859,0.9102036272,0.9101997679
0.580200,0.595960,0.9017612231,0.9017573996
0.580200,0.606061,0.8924108219,0.8924070380
0.580200,0.616162,0.8821618387,0.8821580982
0.580200,0.626263,0.8710245932,0.8710209000
0.580200,0.636364,0.8590102998,0.8590066575
0.580200,0.646465,0.8461310559,0.8461274682
0.580200,0.656566,0.8323998297,0.8323963002
0.580200,0.666667,0.8178304474,0.8178269797
0.580200,0.676768,0.8024375792,0.8024341768
0.580200,0.686869,0.7862367244,0.7862333907
0.580200,0.696970,0.7692441959,0.7692409342
0.580200,0.707071,0.7514771036,0.7514739173
0.580200,0.717172,0.7329533376,0.7329502298
0.580200,0.727273,0.7136915497,0.7136885236
0.580200,0.737374,0.6937111350,0.6937081936
0.580200,0.747475,0.6730322119,0.6730293582
0.580200,0.757576,0.6516756024,0.6516728392
0.580200,0.767677,0.6296628109,0.6296601410
0.580200,0.777778,0.6070160022,0.6070134284
0.580200,0.787879,0.5837579799,0.5837555047
0.580200,0.797980,0.5599121628,0.5599097887
0.580200,0.808081,0.5355025617,0.5355002911
0.580200,0.818182,0.5105537548,0.5105515900
0.580200,0.828283,0.4850908636,0.4850888067
0.580200,0.838384,0.4591395270,0.4591375802
0.580200,0.848485,0.4327258758,0.4327240410
0.580200,0.858586,0.4058765063,0.4058747853
0.580200,0.868687,0.3786184536,0.3786168482
0.580200,0.878788,0.3509791642,0.3509776760
0.580200,0.888889,0.3229864686,0.3229850991
0.580200,0.898990,0.2946685529,0.2946673035
0.580200,0.909091,0.2660539310,0.2660528029
0.580200,0.919192,0.2371714153,0.2371704097
0.580200,0.929293,0.2080500882,0.2080492060
0.580200,0.939394,0.1787192722,0.1787185144
0.580200,0.949495,0.1492085010,0.1492078684
0.580200,0.959596,0.1195474896,0.1195469827
0.580200,0.969697,0.0897661040,0.0897657233
0.580200,0.979798,0.0598943315,0.0598940775
0.580200,0.989899,0.0299622505,0.0299621234
0.580200,1.000000,0.0000000000,0.0000000000
0.590200,0.000000,0.0000000000,0.0000000000
0.590200,0.010101,0.0299326957,0.0299325666
0.590200,0.020202,0.0598352517,0.0598349936
0.590200,0.030303,0.0896775586,0.0896771718
0.590200,0.040404,0.1194295679,0.1194290528
0.590200,0.050505,0.1490613217,0.1490606788
0.590200,0.060606,0.1785429834,0.1785422133
0.590200,0.070707,0.2078448674,0.2078439710
0.590200,0.080808,0.2369374693,0.2369364474
0.590200,0.090909,0.2657914953,0.2657903488
0.590200,0.101010,0.2943778917,0.2943766220
0.590200,0.111111,0.3226678745,0.3226664828
0.590200,0.121212,0.3506329582,0.3506314458
0.590200,0.131313,0.3782449842,0.3782433527
0.590200,0.141414,0.4054761495,0.4054744006
0.590200,0.151515,0.4322990347,0.4322971701
0.590200,0.161616,0.4586866315,0.4586846531
0.590200,0.171717,0.4846123697,0.4846102794
0.590200,0.181818,0.5100501443,0.5100479443
0.590200,0.191919,0.5349743416,0.5349720342
0.590200,0.202020,0.5593598652,0.5593574525
0.590200,0.212121,0.5831821607,0.5831796454
0.590200,0.222222,0.6064172413,0.6064146257
0.590200,0.232323,0.6290417111,0.6290389979
0.590200,0.242424,0.6510327892,0.6510299812
0.590200,0.252525,0.6723683325,0.6723654325
0.590200,0.262626,0.6930268579,0.6930238688
0.590200,0.272727,0.7129875640,0.7129844888
0.590200,0.282828,0.7322303520,0.7322271938
0.590200,0.292929,0.7507358462,0.7507326081
0.590200,0.303030,0.7684854130,0.7684820983
0.590200,0.313131,0.7854611801,0.7854577922
0.590200,0.323232,0.8016460544,0.8016425967
0.590200,0.333333,0.8170237390,0.8170202151
0.590200,0.343434,0.8315787500,0.8315751633
0.590200,0.353535,0.8452964317,0.8452927858
0.590200,0.363636,0.8581629716,0.8581592702
0.590200,0.373737,0.8701654141,0.8701616609
0.590200,0.383838,0.8812916737,0.8812878726
0.590200,0.393939,0.8915305474,0.8915267021
0.590200,0.404040,0.9008717254,0.9008678397
0.590200,0.414141,0.9093058019,0.9093018799
0.590200,0.424242,0.9168242845,0.9168203301
0.590200,0.434343,0.9234196028,0.9234156199
0.590200,0.444444,0.9290851158,0.9290811085
0.590200,0.454545,0.9338151189,0.9338110912
0.590200,0.464646,0.9376048493,0.9376008053
0.590200,0.474747,0.9404504911,0.9404464348
0.590200,0.484848,0.9423491790,0.9423451145
0.590200,0.494949,0.9432990011,0.9432949325
0.590200,0.505051,0.9432990011,0.9432949325
0.590200,0.515152,0.9423491790,0.9423451145
0.590200,0.525253,0.9404504911,0.9404464348
0.590200,0.535354,0.9376048493,0.9376008053
0.590200,0.545455,0.9338151189,0.9338110912
0.590200,0.555556,0.9290851158,0.9290811085
0.590200,0.565657,0.9234196028,0.9234156199
0.590200,0.575758,0.9168242845,0.9168203301
0.590200,0.585859,0.9093058019,0.9093018799
0.590200,0.595960,0.9008717254,0.9008678397
0.590200,0.606061,0.8915305474,0.8915267021
0.590200,0.616162,0.8812916737,0.8812878726
0.590200,0.626263,0.8701654141,0.8701616609
0.590200,0.636364,0.8581629716,0.8581592702
0.590200,0.646465,0.8452964317,0.8452927858
0.590200,0.656566,0.8315787500,0.8315751633
0.590200,0.666667,0.8170237390,0.8170202151
0.590200,0.676768,0.8016460544,0.8016425967
0.590200,0.686869,0.7854611801,0.7854577922
0.590200,0.696970,0.7684854130,0.7684820983
0.590200,0.707071,0.7507358462,0.7507326081
0.590200,0.717172,0.7322303520,0.7322271938
0.590200,0.727273,0.7129875640,0.7129844888
0.590200,0.737374,0.6930268579,0.6930238688
0.590200,0.747475,0.6723683325,0.6723654325
0.590200,0.757576,0.6510327892,0.6510299812
0.590200,0.767677,0.6290417111,0.6290389979
0.590200,0.777778,0.6064172413,0.6064146257
0.590200,0.787879,0.5831821607,0.5831796454
0.590200,0.797980,0.5593598652,0.5593574525
0.590200,0.808081,0.5349743416,0.5349720342
0.590200,0.818182,0.5100501443,0.5100479443
0.590200,0.828283,0.4846123697,0.4846102794
0.590200,0.838384,0.4586866315,0.4586846531
0.590200,0.848485,0.4322990347,0.4322971701
0.590200,0.858586,0.4054761495,0.4054744006
0.590200,0.868687,0.3782449842,0.3782433527
0.590200,0.878788,0.3506329582,0.3506314458
0.590200,0.888889,0.3226678745,0.3226664828
0.590200,0.898990,0.2943778917,0.2943766220
0.590200,0.909091,0.2657914953,0.2657903488
0.590200,0.919192,0.2369374693,0.2369364474
0.590200,0.929293,0.2078448674,0.2078439710
0.590200,0.939394,0.1785429834,0.1785422133
0.590200,0.949495,0.1490613217,0.1490606788
0.590200,0.959596,0.1194295679,0.1194290528
0.590200,0.969697,0.0896775586,0.0896771718
0.590200,0.979798,0.0598352517,0.0598349936
0.590200,0.989899,0.0299326957,0.0299325666
0.590200,1.000000,0.0000000000,0.0000000000
0.600200,0.000000,0.0000000000,0.0000000000
0.600200,0.010101,0.0299031700,0.0299030389
0.600200,0.020202,0.0597762301,0.0597759679
0.600200,0.030303,0.0895891006,0.0895887077
0.600200,0.040404,0.1193117625,0.1193112392
0.600200,0.050505,0.1489142875,0.1489136343
0.600200,0.060606,0.1783668685,0.1783660861
0.600200,0.070707,0.2076398491,0.2076389384
0.600200,0.080808,0.2367037541,0.2367027158
0.600200,0.090909,0.2655293184,0.2655281537
0.600200,0.101010,0.2940875172,0.2940862272
0.600200,0.111111,0.3223495948,0.3223481808
0.600200,0.121212,0.3502870936,0.3502855572
0.600200,0.131313,0.3778718831,0.3778702256
0.600200,0.141414,0.4050761876,0.4050744108
0.600200,0.151515,0.4318726147,0.4318707204
0.600200,0.161616,0.4582341827,0.4582321728
0.600200,0.171717,0.4841343478,0.4841322242
0.600200,0.181818,0.5095470305,0.5095447955
0.600200,0.191919,0.5344466426,0.5344442984
0.600200,0.202020,0.5588081123,0.5588056612
0.600200,0.212121,0.5826069095,0.5826043541
0.600200,0.222222,0.6058190710,0.6058164137
0.600200,0.232323,0.6284212240,0.6284184676
0.600200,0.242424,0.6503906101,0.6503877574
0.600200,0.252525,0.6717051081,0.6717021618
0.600200,0.262626,0.6923432559,0.6923402191
0.600200,0.272727,0.7122842727,0.7122811484
0.600200,0.282828,0.7315080796,0.7315048710
0.600200,0.292929,0.7499953199,0.7499920303
0.600200,0.303030,0.7677273785,0.7677240111
0.600200,0.313131,0.7846864007,0.7846829589
0.600200,0.323232,0.8008553103,0.8008517975
0.600200,0.333333,0.8162178264,0.8162142462
0.600200,0.343434,0.8307584803,0.8307548364
0.600200,0.353535,0.8444626309,0.8444589268
0.600200,0.363636,0.8573164792,0.8573127187
0.600200,0.373737,0.8693070824,0.8693032694
0.600200,0.383838,0.8804223671,0.8804185054
0.600200,0.393939,0.8906511412,0.8906472345
0.600200,0.404040,0.8999831050,0.8999791574
0.600200,0.414141,0.9084088621,0.9084048776
0.600200,0.424242,0.9159199285,0.9159159111
0.600200,0.434343,0.9225087412,0.9225046948
0.600200,0.444444,0.9281686658,0.9281645946
0.600200,0.454545,0.9328940032,0.9328899112
0.600200,0.464646,0.9366799954,0.9366758869
0.600200,0.474747,0.9395228302,0.9395187093
0.600200,0.484848,0.9414196453,0.9414155159
0.600200,0.494949,0.9423685305,0.9423643970
0.600200,0.505051,0.9423685305,0.9423643970
0.600200,0.515152,0.9414196453,0.9414155159
0.600200,0.525253,0.9395228302,0.9395187093
0.600200,0.535354,0.9366799954,0.9366758869
0.600200,0.545455,0.9328940032,0.9328899112
0.600200,0.555556,0.9281686658,0.9281645946
0.600200,0.565657,0.9225087412,0.9225046948
0.600200,0.575758,0.9159199285,0.9159159111
0.600200,0.585859,0.9084088621,0.9084048776
0.600200,0.595960,0.8999831050,0.8999791574
0.600200,0.606061,0.8906511412,0.8906472345
0.600200,0.616162,0.8804223671,0.8804185054
0.600200,0.626263,0.8693070824,0.8693032694
0.600200,0.636364,0.8573164792,0.8573127187
0.600200,0.646465,0.8444626309,0.8444589268
0.600200,0.656566,0.8307584803,0.8307548364
0.600200,0.666667,0.8162178264,0.8162142462
0.600200,0.676768,0.8008553103,0.8008517975
0.600200,0.686869,0.7846864007,0.7846829589
0.600200,0.696970,0.7677273785,0.7677240111
0.600200,0.707071,0.7499953199,0.7499920303
0.600200,0.717172,0.7315080796,0.7315048710
0.600200,0.727273,0.7122842727,0.7122811484
0.600200,0.737374,0.6923432559,0.6923402191
0.600200,0.747475,0.6717051081,0.6717021618
0.600200,0.757576,0.6503906101,0.6503877574
0.600200,0.767677,0.6284212240,0.6284184676
0.600200,0.777778,0.6058190710,0.6058164137
0.600200,0.787879,0.5826069095,0.5826043541
0.600200,0.797980,0.5588081123,0.5588056612
0.600200,0.808081,0.5344466426,0.5344442984
0.600200,0.818182,0.5095470305,0.5095447955
0.600200,0.828283,0.4841343478,0.4841322242
0.600200,0.838384,0.4582341827,0.4582321728
0.600200,0.848485,0.4318726147,0.4318707204
0.600200,0.858586,0.4050761876,0.4050744108
0.600200,0.868687,0.3778718831,0.3778702256
0.600200,0.878788,0.3502870936,0.3502855572
0.600200,0.888889,0.3223495948,0.3223481808
0.600200,0.898990,0.2940875172,0.2940862272
0.600200,0.909091,0.2655293184,0.2655281537
0.600200,0.919192,0.2367037541,0.2367027158
0.600200,0.929293,0.2076398491,0.2076389384
0.600200,0.939394,0.1783668685,0.1783660861
0.600200,0.949495,0.1489142875,0.1489136343
0.600200,0.959596,0.1193117625,0.1193112392
0.600200,0.969697,0.0895891006,0.0895887077
0.600200,0.979798,0.0597762301,0.0597759679
0.600200,0.989899,0.0299031700,0.0299030389
0.600200,1.000000,0.0000000000,0.0000000000
0.610200,0.000000,0.0000000000,0.0000000000
0.610200,0.010101,0.0298736735,0.0298735403
0.610200,0.020202,0.0597172668,0.0597170005
0.610200,0.030303,0.0895007299,0.0895003308
0.610200,0.040404,0.1191940733,0.1191935418
0.610200,0.050505,0.1487673984,0.1487667350
0.610200,0.060606,0.1781909273,0.1781901327
0.610200,0.070707,0.2074350331,0.2074341081
0.610200,0.080808,0.2364702694,0.2364692149
0.610200,0.090909,0.2652674001,0.2652662172
0.610200,0.101010,0.2937974291,0.2937961189
0.610200,0.111111,0.3220316289,0.3220301929
0.610200,0.121212,0.3499415702,0.3499400097
0.610200,0.131313,0.3774991501,0.3774974667
0.610200,0.141414,0.4046766202,0.4046748156
0.610200,0.151515,0.4314466153,0.4314446914
0.610200,0.161616,0.4577821803,0.4577801389
0.610200,0.171717,0.4836567974,0.4836546406
0.610200,0.181818,0.5090444131,0.5090421431
0.610200,0.191919,0.5339194642,0.5339170833
0.610200,0.202020,0.5582569037,0.5582544142
0.610200,0.212121,0.5820322258,0.5820296303
0.610200,0.222222,0.6052214907,0.6052187919
0.610200,0.232323,0.6278013490,0.6277985494
0.610200,0.242424,0.6497490645,0.6497461670
0.610200,0.252525,0.6710425378,0.6710395454
0.610200,0.262626,0.6916603281,0.6916572437
0.610200,0.272727,0.7115816751,0.7115785019
0.610200,0.282828,0.7307865197,0.7307832608
0.610200,0.292929,0.7492555241,0.7492521830
0.610200,0.303030,0.7669700918,0.7669666716
0.610200,0.313131,0.7839123856,0.7839088899
0.610200,0.323232,0.8000653461,0.8000617784
0.610200,0.333333,0.8154127087,0.8154090724
0.610200,0.343434,0.8299390197,0.8299353187
0.610200,0.353535,0.8436296525,0.8436258904
0.610200,0.363636,0.8564708217,0.8564670024
0.610200,0.373737,0.8684495974,0.8684457247
0.610200,0.383838,0.8795539180,0.8795499958
0.610200,0.393939,0.8897726024,0.8897686346
0.610200,0.404040,0.8990953612,0.8990913518
0.610200,0.414141,0.9075128071,0.9075087602
0.610200,0.424242,0.9150164646,0.9150123842
0.610200,0.434343,0.9215987781,0.9215946683
0.610200,0.444444,0.9272531197,0.9272489847
0.610200,0.454545,0.9319737960,0.9319696400
0.610200,0.464646,0.9357560537,0.9357518809
0.610200,0.474747,0.9385960844,0.9385918989
0.610200,0.484848,0.9404910284,0.9404868344
0.610200,0.494949,0.9414389777,0.9414347795
0.610200,0.505051,0.9414389777,0.9414347795
0.610200,0.515152,0.9404910284,0.9404868344
0.610200,0.525253,0.9385960844,0.9385918989
0.610200,0.535354,0.9357560537,0.9357518809
0.610200,0.545455,0.9319737960,0.9319696400
0.610200,0.555556,0.9272531197,0.9272489847
0.610200,0.565657,0.9215987781,0.9215946683
0.610200,0.575758,0.9150164646,0.9150123842
0.610200,0.585859,0.9075128071,0.9075087602
0.610200,0.595960,0.8990953612,0.8990913518
0.610200,0.606061,0.8897726024,0.8897686346
0.610200,0.616162,0.8795539180,0.8795499958
0.610200,0.626263,0.8684495974,0.8684457247
0.610200,0.636364,0.8564708217,0.8564670024
0.610200,0.646465,0.8436296525,0.8436258904
0.610200,0.656566,0.8299390197,0.8299353187
0.610200,0.666667,0.8154127087,0.8154090724
0.610200,0.676768,0.8000653461,0.8000617784
0.610200,0.686869,0.7839123856,0.7839088899
0.610200,0.696970,0.7669700918,0.7669666716
0.610200,0.707071,0.7492555241,0.7492521830
0.610200,0.717172,0.7307865197,0.7307832608
0.610200,0.727273,0.7115816751,0.7115785019
0.610200,0.737374,0.6916603281,0.6916572437
0.610200,0.747475,0.6710425378,0.6710395454
0.610200,0.757576,0.6497490645,0.6497461670
0.610200,0.767677,0.6278013490,0.6277985494
0.610200,0.777778,0.6052214907,0.6052187919
0.610200,0.787879,0.5820322258,0.5820296303
0.610200,0.797980,0.5582569037,0.5582544142
0.610200,0.808081,0.5339194642,0.5339170833
0.610200,0.818182,0.5090444131,0.5090421431
0.610200,0.828283,0.4836567974,0.4836546406
0.610200,0.838384,0.4577821803,0.4577801389
0.610200,0.848485,0.4314466153,0.4314446914
0.610200,0.858586,0.4046766202,0.4046748156
0.610200,0.868687,0.3774991501,0.3774974667
0.610200,0.878788,0.3499415702,0.3499400097
0.610200,0.888889,0.3220316289,0.3220301929
0.610200,0.898990,0.2937974291,0.2937961189
0.610200,0.909091,0.2652674001,0.2652662172
0.610200,0.919192,0.2364702694,0.2364692149
0.610200,0.929293,0.2074350331,0.2074341081
0.610200,0.939394,0.1781909273,0.1781901327
0.610200,0.949495,0.1487673984,0.1487667350
0.610200,0.959596,0.1191940733,0.1191935418
0.610200,0.969697,0.0895007299,0.0895003308
0.610200,0.979798,0.0597172668,0.0597170005
0.610200,0.989899,0.0298736735,0.0298735403
0.610200,1.000000,0.0000000000,0.0000000000
0.620200,0.000000,0.0000000000,0.0000000000
0.620200,0.010101,0.0298442061,0.0298440709
0.620200,0.020202,0.0596583617,0.0596580913
0.620200,0.030303,0.0894124463,0.0894120411
0.620200,0.040404,0.1190765002,0.1190759605
0.620200,0.050505,0.1486206541,0.1486199805
0.620200,0.060606,0.1780151597,0.1780143528
0.620200,0.070707,0.2072304191,0.2072294798
0.620200,0.080808,0.2362370150,0.2362359442
0.620200,0.090909,0.2650057402,0.2650045391
0.620200,0.101010,0.2935076271,0.2935062968
0.620200,0.111111,0.3217139768,0.3217125186
0.620200,0.121212,0.3495963877,0.3495948032
0.620200,0.131313,0.3771267847,0.3771250754
0.620200,0.141414,0.4042774470,0.4042756146
0.620200,0.151515,0.4310210362,0.4310190826
0.620200,0.161616,0.4573306237,0.4573285509
0.620200,0.171717,0.4831797180,0.4831775281
0.620200,0.181818,0.5085422914,0.5085399865
0.620200,0.191919,0.5333928057,0.5333903882
0.620200,0.202020,0.5577062388,0.5577037110
0.620200,0.212121,0.5814581089,0.5814554734
0.620200,0.222222,0.6046244999,0.6046217595
0.620200,0.232323,0.6271820854,0.6271792427
0.620200,0.242424,0.6491081517,0.6491052096
0.620200,0.252525,0.6703806210,0.6703775826
0.620200,0.262626,0.6909780740,0.6909749422
0.620200,0.272727,0.7108797705,0.7108765485
0.620200,0.282828,0.7300656714,0.7300623625
0.620200,0.292929,0.7485164581,0.7485130655
0.620200,0.303030,0.7662135521,0.7662100793
0.620200,0.313131,0.7831391340,0.7831355845
0.620200,0.323232,0.7992761612,0.7992725386
0.620200,0.333333,0.8146083851,0.8146046930
0.620200,0.343434,0.8291203674,0.8291166095
0.620200,0.353535,0.8427974957,0.8427936758
0.620200,0.363636,0.8556259984,0.8556221204
0.620200,0.373737,0.8675929583,0.8675890260
0.620200,0.383838,0.8786863256,0.8786823430
0.620200,0.393939,0.8888949302,0.8888909014
0.620200,0.404040,0.8982084930,0.8982044219
0.620200,0.414141,0.9066176360,0.9066135268
0.620200,0.424242,0.9141138919,0.9141097487
0.620200,0.434343,0.9206897125,0.9206855396
0.620200,0.444444,0.9263384767,0.9263342781
0.620200,0.454545,0.9310544966,0.9310502766
0.620200,0.464646,0.9348330234,0.9348287864
0.620200,0.474747,0.9376702527,0.9376660028
0.620200,0.484848,0.9395633275,0.9395590690
0.620200,0.494949,0.9405103417,0.9405060789
0.620200,0.505051,0.9405103417,0.9405060789
0.620200,0.515152,0.9395633275,0.9395590690
0.620200,0.525253,0.9376702527,0.9376660028
0.620200,0.535354,0.9348330234,0.9348287864
0.620200,0.545455,0.9310544966,0.9310502766
0.620200,0.555556,0.9263384767,0.9263342781
0.620200,0.565657,0.9206897125,0.9206855396
0.620200,0.575758,0.9141138919,0.9141097487
0.620200,0.585859,0.9066176360,0.9066135268
0.620200,0.595960,0.8982084930,0.8982044219
0.620200,0.606061,0.8888949302,0.8888909014
0.620200,0.616162,0.8786863256,0.8786823430
0.620200,0.626263,0.8675929583,0.8675890260
0.620200,0.636364,0.8556259984,0.8556221204
0.620200,0.646465,0.8427974957,0.8427936758
0.620200,0.656566,0.8291203674,0.8291166095
0.620200,0.666667,0.8146083851,0.8146046930
0.620200,0.676768,0.7992761612,0.7992725386
0.620200,0.686869,0.7831391340,0.7831355845
0.620200,0.696970,0.7662135521,0.7662100793
0.620200,0.707071,0.7485164581,0.7485130655
0.620200,0.717172,0.7300656714,0.7300623625
0.620200,0.727273,0.7108797705,0.7108765485
0.620200,0.737374,0.6909780740,0.6909749422
0.620200,0.747475,0.6703806210,0.6703775826
0.620200,0.757576,0.6491081517,0.6491052096
0.620200,0.767677,0.6271820854,0.6271792427
0.620200,0.777778,0.6046244999,0.6046217595
0.620200,0.787879,0.5814581089,0.5814554734
0.620200,0.797980,0.5577062388,0.5577037110
0.620200,0.808081,0.5333928057,0.5333903882
0.620200,0.818182,0.5085422914,0.5085399865
0.620200,0.828283,0.4831797180,0.4831775281
0.620200,0.838384,0.4573306237,0.4573285509
0.620200,0.848485,0.4310210362,0.4310190826
0.620200,0.858586,0.4042774470,0.4042756146
0.620200,0.868687,0.3771267847,0.3771250754
0.620200,0.878788,0.3495963877,0.3495948032
0.620200,0.888889,0.3217139768,0.3217125186
0.620200,0.898990,0.2935076271,0.2935062968
0.620200,0.909091,0.2650057402,0.2650045391
0.620200,0.919192,0.2362370150,0.2362359442
0.620200,0.929293,0.2072304191,0.2072294798
0.620200,0.939394,0.1780151597,0.1780143528
0.620200,0.949495,0.1486206541,0.1486199805
0.620200,0.959596,0.1190765002,0.1190759605
0.620200,0.969697,0.0894124463,0.0894120411
0.620200,0.979798,0.0596583617,0.0596580913
0.620200,0.989899,0.0298442061,0.0298440709
0.620200,1.000000,0.0000000000,0.0000000000
0.630200,0.000000,0.0000000000,0.0000000000
0.630200,0.010101,0.0298147678,0.0298146305
0.630200,0.020202,0.0595995146,0.0595992402
0.630200,0.030303,0.0893242498,0.0893238385
0.630200,0.040404,0.1189590431,0.1189584952
0.630200,0.050505,0.1484740547,0.1484733709
0.630200,0.060606,0.1778395654,0.1778387464
0.630200,0.070707,0.2070260069,0.2070250534
0.630200,0.080808,0.2360039906,0.2360029037
0.630200,0.090909,0.2647443384,0.2647431191
0.630200,0.101010,0.2932181110,0.2932167606
0.630200,0.111111,0.3213966379,0.3213951577
0.630200,0.121212,0.3492515456,0.3492499371
0.630200,0.131313,0.3767547866,0.3767530515
0.630200,0.141414,0.4038786675,0.4038768074
0.630200,0.151515,0.4305958768,0.4305938937
0.630200,0.161616,0.4568795125,0.4568774083
0.630200,0.171717,0.4827031093,0.4827008862
0.630200,0.181818,0.5080406650,0.5080383252
0.630200,0.191919,0.5328666668,0.5328642127
0.630200,0.202020,0.5571561170,0.5571535510
0.630200,0.212121,0.5808845583,0.5808818830
0.630200,0.222222,0.6040280980,0.6040253161
0.630200,0.232323,0.6265634326,0.6265605470
0.630200,0.242424,0.6484678710,0.6484648845
0.630200,0.252525,0.6697193572,0.6697162728
0.630200,0.262626,0.6902964928,0.6902933136
0.630200,0.272727,0.7101785583,0.7101752876
0.630200,0.282828,0.7293455343,0.7293421752
0.630200,0.292929,0.7477781210,0.7477746771
0.630200,0.303030,0.7654577586,0.7654542333
0.630200,0.313131,0.7823666452,0.7823630420
0.630200,0.323232,0.7984877548,0.7984840774
0.630200,0.333333,0.8138048550,0.8138011070
0.630200,0.343434,0.8283025226,0.8282987079
0.630200,0.353535,0.8419661598,0.8419622821
0.630200,0.363636,0.8547820085,0.8547780718
0.630200,0.373737,0.8667371641,0.8667331724
0.630200,0.383838,0.8778195889,0.8778155461
0.630200,0.393939,0.8880181238,0.8880140340
0.630200,0.404040,0.8973224997,0.8973183670
0.630200,0.414141,0.9057233479,0.9057191765
0.630200,0.424242,0.9132122094,0.9132080036
0.630200,0.434343,0.9197815437,0.9197773076
0.630200,0.444444,0.9254247359,0.9254204739
0.630200,0.454545,0.9301361039,0.9301318201
0.630200,0.464646,0.9339109036,0.9339066025
0.630200,0.474747,0.9367453343,0.9367410201
0.630200,0.484848,0.9386365418,0.9386322189
0.630200,0.494949,0.9395826218,0.9395782946
0.630200,0.505051,0.9395826218,0.9395782946
0.630200,0.515152,0.9386365418,0.9386322189
0.630200,0.525253,0.9367453343,0.9367410201
0.630200,0.535354,0.9339109036,0.9339066025
0.630200,0.545455,0.9301361039,0.9301318201
0.630200,0.555556,0.9254247359,0.9254204739
0.630200,0.565657,0.9197815437,0.9197773076
0.630200,0.575758,0.9132122094,0.9132080036
0.630200,0.585859,0.9057233479,0.9057191765
0.630200,0.595960,0.8973224997,0.8973183670
0.630200,0.606061,0.8880181238,0.8880140340
0.630200,0.616162,0.8778195889,0.8778155461
0.630200,0.626263,0.8667371641,0.8667331724
0.630200,0.636364,0.8547820085,0.8547780718
0.630200,0.646465,0.8419661598,0.8419622821
0.630200,0.656566,0.8283025226,0.8282987079
0.630200,0.666667,0.8138048550,0.8138011070
0.630200,0.676768,0.7984877548,0.7984840774
0.630200,0.686869,0.7823666452,0.7823630420
0.630200,0.696970,0.7654577586,0.7654542333
0.630200,0.707071,0.7477781210,0.7477746771
0.630200,0.717172,0.7293455343,0.7293421752
0.630200,0.727273,0.7101785583,0.7101752876
0.630200,0.737374,0.6902964928,0.6902933136
0.630200,0.747475,0.6697193572,0.6697162728
0.630200,0.757576,0.6484678710,0.6484648845
0.630200,0.767677,0.6265634326,0.6265605470
0.630200,0.777778,0.6040280980,0.6040253161
0.630200,0.787879,0.5808845583,0.5808818830
0.630200,0.797980,0.5571561170,0.5571535510
0.630200,0.808081,0.5328666668,0.5328642127
0.630200,0.818182,0.5080406650,0.5080383252
0.630200,0.828283,0.4827031093,0.4827008862
0.630200,0.838384,0.4568795125,0.4568774083
0.630200,0.848485,0.4305958768,0.4305938937
0.630200,0.858586,0.4038786675,0.4038768074
0.630200,0.868687,0.3767547866,0.3767530515
0.630200,0.878788,0.3492515456,0.3492499371
0.630200,0.888889,0.3213966379,0.3213951577
0.630200,0.898990,0.2932181110,0.2932167606
0.630200,0.909091,0.2647443384,0.2647431191
0.630200,0.919192,0.2360039906,0.2360029037
0.630200,0.929293,0.2070260069,0.2070250534
0.630200,0.939394,0.1778395654,0.1778387464
0.630200,0.949495,0.1484740547,0.1484733709
0.630200,0.959596,0.1189590431,0.1189584952
0.630200,0.969697,0.0893242498,0.0893238385
0.630200,0.979798,0.0595995146,0.0595992402
0.630200,0.989899,0.0298147678,0.0298146305
0.630200,1.000000,0.0000000000,0.0000000000
0.640200,0.000000,0.0000000000,0.0000000000
0.640200,0.010101,0.0297853585,0.0297852191
0.640200,0.020202,0.0595407257,0.0595404471
0.640200,0.030303,0.0892361403,0.0892357229
0.640200,0.040404,0.1188417018,0.1188411458
0.640200,0.050505,0.1483275998,0.1483269058
0.640200,0.060606,0.1776641444,0.1776633132
0.640200,0.070707,0.2068217963,0.2068208287
0.640200,0.080808,0.2357711962,0.2357700931
0.640200,0.090909,0.2644831944,0.2644819570
0.640200,0.101010,0.2929288805,0.2929275101
0.640200,0.111111,0.3210796121,0.3210781099
0.640200,0.121212,0.3489070437,0.3489054113
0.640200,0.131313,0.3763831555,0.3763813946
0.640200,0.141414,0.4034802814,0.4034783936
0.640200,0.151515,0.4301711368,0.4301691242
0.640200,0.161616,0.4564288463,0.4564267109
0.640200,0.171717,0.4822269707,0.4822247146
0.640200,0.181818,0.5075395334,0.5075371588
0.640200,0.191919,0.5323410468,0.5323385562
0.640200,0.202020,0.5566065379,0.5566039338
0.640200,0.212121,0.5803115734,0.5803088584
0.640200,0.222222,0.6034322844,0.6034294611
0.640200,0.232323,0.6259453901,0.6259424616
0.640200,0.242424,0.6478282220,0.6478251910
0.640200,0.252525,0.6690587457,0.6690556154
0.640200,0.262626,0.6896155840,0.6896123575
0.640200,0.272727,0.7094780378,0.7094747185
0.640200,0.282828,0.7286261074,0.7286226985
0.640200,0.292929,0.7470405123,0.7470370172
0.640200,0.303030,0.7647027107,0.7646991330
0.640200,0.313131,0.7815949183,0.7815912615
0.640200,0.323232,0.7977001260,0.7976963939
0.640200,0.333333,0.8130021174,0.8129983137
0.640200,0.343434,0.8274854845,0.8274816131
0.640200,0.353535,0.8411356439,0.8411317086
0.640200,0.363636,0.8539388510,0.8539348558
0.640200,0.373737,0.8658822141,0.8658781630
0.640200,0.383838,0.8769537072,0.8769496043
0.640200,0.393939,0.8871421822,0.8871380316
0.640200,0.404040,0.8964373803,0.8964331862
0.640200,0.414141,0.9048299419,0.9048257085
0.640200,0.424242,0.9123114164,0.9123071481
0.640200,0.434343,0.9188742707,0.9188699716
0.640200,0.444444,0.9245118965,0.9245075711
0.640200,0.454545,0.9292186171,0.9292142697
0.640200,0.464646,0.9329896934,0.9329853283
0.640200,0.474747,0.9358213282,0.9358169498
0.640200,0.484848,0.9377106702,0.9377062830
0.640200,0.494949,0.9386558170,0.9386514254
0.640200,0.505051,0.9386558170,0.9386514254
0.640200,0.515152,0.9377106702,0.9377062830
0.640200,0.525253,0.9358213282,0.9358169498
0.640200,0.535354,0.9329896934,0.9329853283
0.640200,0.545455,0.9292186171,0.9292142697
0.640200,0.555556,0.9245118965,0.9245075711
0.640200,0.565657,0.9188742707,0.9188699716
0.640200,0.575758,0.9123114164,0.9123071481
0.640200,0.585859,0.9048299419,0.9048257085
0.640200,0.595960,0.8964373803,0.8964331862
0.640200,0.606061,0.8871421822,0.8871380316
0.640200,0.616162,0.8769537072,0.8769496043
0.640200,0.626263,0.8658822141,0.8658781630
0.640200,0.636364,0.8539388510,0.8539348558
0.640200,0.646465,0.8411356439,0.8411317086
0.640200,0.656566,0.8274854845,0.8274816131
0.640200,0.666667,0.8130021174,0.8129983137
0.640200,0.676768,0.7977001260,0.7976963939
0.640200,0.686869,0.7815949183,0.7815912615
0.640200,0.696970,0.7647027107,0.7646991330
0.640200,0.707071,0.7470405123,0.7470370172
0.640200,0.717172,0.7286261074,0.7286226985
0.640200,0.727273,0.7094780378,0.7094747185
0.640200,0.737374,0.6896155840,0.6896123575
0.640200,0.747475,0.6690587457,0.6690556154
0.640200,0.757576,0.6478282220,0.6478251910
0.640200,0.767677,0.6259453901,0.6259424616
0.640200,0.777778,0.6034322844,0.6034294611
0.640200,0.787879,0.5803115734,0.5803088584
0.640200,0.797980,0.5566065379,0.5566039338
0.640200,0.808081,0.5323410468,0.5323385562
0.640200,0.818182,0.5075395334,0.5075371588
0.640200,0.828283,0.4822269707,0.4822247146
0.640200,0.838384,0.4564288463,0.4564267109
0.640200,0.848485,0.4301711368,0.4301691242
0.640200,0.858586,0.4034802814,0.4034783936
0.640200,0.868687,0.3763831555,0.3763813946
0.640200,0.878788,0.3489070437,0.3489054113
0.640200,0.888889,0.3210796121,0.3210781099
0.640200,0.898990,0.2929288805,0.2929275101
0.640200,0.909091,0.2644831944,0.2644819570
0.640200,0.919192,0.2357711962,0.2357700931
0.640200,0.929293,0.2068217963,0.2068208287
0.640200,0.939394,0.1776641444,0.1776633132
0.640200,0.949495,0.1483275998,0.1483269058
0.640200,0.959596,0.1188417018,0.1188411458
0.640200,0.969697,0.0892361403,0.0892357229
0.640200,0.979798,0.0595407257,0.0595404471
0.640200,0.989899,0.0297853585,0.0297852191
0.640200,1.000000,0.0000000000,0.0000000000
0.650200,0.000000,0.0000000000,0.0000000000
0.650200,0.010101,0.0297559782,0.0297558368
0.650200,0.020202,0.0594819946,0.0594817120
0.650200,0.030303,0.0891481178,0.0891476942
0.650200,0.040404,0.1187244763,0.1187239122
0.650200,0.050505,0.1481812893,0.1481805852
0.650200,0.060606,0.1774888964,0.1774880530
0.650200,0.070707,0.2066177872,0.2066168054
0.650200,0.080808,0.2355386313,0.2355375121
0.650200,0.090909,0.2642223081,0.2642210526
0.650200,0.101010,0.2926399353,0.2926385448
0.650200,0.111111,0.3207628990,0.3207613748
0.650200,0.121212,0.3485628816,0.3485612254
0.650200,0.131313,0.3760118909,0.3760101043
0.650200,0.141414,0.4030822882,0.4030803729
0.650200,0.151515,0.4297468157,0.4297447737
0.650200,0.161616,0.4559786246,0.4559764580
0.650200,0.171717,0.4817513017,0.4817490126
0.650200,0.181818,0.5070388961,0.5070364868
0.650200,0.191919,0.5318159453,0.5318134183
0.650200,0.202020,0.5560575009,0.5560548587
0.650200,0.212121,0.5797391538,0.5797363990
0.650200,0.222222,0.6028370584,0.6028341939
0.650200,0.232323,0.6253279573,0.6253249859
0.650200,0.242424,0.6471892039,0.6471861286
0.650200,0.252525,0.6683987858,0.6683956098
0.650200,0.262626,0.6889353468,0.6889320732
0.650200,0.272727,0.7087782083,0.7087748404
0.650200,0.282828,0.7279073902,0.7279039315
0.650200,0.292929,0.7463036311,0.7463000849
0.650200,0.303030,0.7639484075,0.7639447775
0.650200,0.313131,0.7808239526,0.7808202424
0.650200,0.323232,0.7969132742,0.7969094875
0.650200,0.333333,0.8122001717,0.8121963124
0.650200,0.343434,0.8266692524,0.8266653244
0.650200,0.353535,0.8403059473,0.8403019544
0.650200,0.363636,0.8530965253,0.8530924717
0.650200,0.373737,0.8650281074,0.8650239971
0.650200,0.383838,0.8760886796,0.8760845167
0.650200,0.393939,0.8862671047,0.8862628934
0.650200,0.404040,0.8955531339,0.8955488786
0.650200,0.414141,0.9039374171,0.9039331219
0.650200,0.424242,0.9114115119,0.9114071812
0.650200,0.434343,0.9179678926,0.9179635307
0.650200,0.444444,0.9235999574,0.9235955688
0.650200,0.454545,0.9283020354,0.9282976244
0.650200,0.464646,0.9320693919,0.9320649630
0.650200,0.474747,0.9348982335,0.9348937912
0.650200,0.484848,0.9367857118,0.9367812606
0.650200,0.494949,0.9377299264,0.9377254706
0.650200,0.505051,0.9377299264,0.9377254706
0.650200,0.515152,0.9367857118,0.9367812606
0.650200,0.525253,0.9348982335,0.9348937912
0.650200,0.535354,0.9320693919,0.9320649630
0.650200,0.545455,0.9283020354,0.9282976244
0.650200,0.555556,0.9235999574,0.9235955688
0.650200,0.565657,0.9179678926,0.9179635307
0.650200,0.575758,0.9114115119,0.9114071812
0.650200,0.585859,0.9039374171,0.9039331219
0.650200,0.595960,0.8955531339,0.8955488786
0.650200,0.606061,0.8862671047,0.8862628934
0.650200,0.616162,0.8760886796,0.8760845167
0.650200,0.626263,0.8650281074,0.8650239971
0.650200,0.636364,0.8530965253,0.8530924717
0.650200,0.646465,0.8403059473,0.8403019544
0.650200,0.656566,0.8266692524,0.8266653244
0.650200,0.666667,0.8122001717,0.8121963124
0.650200,0.676768,0.7969132742,0.7969094875
0.650200,0.686869,0.7808239526,0.7808202424
0.650200,0.696970,0.7639484075,0.7639447775
0.650200,0.707071,0.7463036311,0.7463000849
0.650200,0.717172,0.7279073902,0.7279039315
0.650200,0.727273,0.7087782083,0.7087748404
0.650200,0.737374,0.6889353468,0.6889320732
0.650200,0.747475,0.6683987858,0.6683956098
0.650200,0.757576,0.6471892039,0.6471861286
0.650200,0.767677,0.6253279573,0.6253249859
0.650200,0.777778,0.6028370584,0.6028341939
0.650200,0.787879,0.5797391538,0.5797363990
0.650200,0.797980,0.5560575009,0.5560548587
0.650200,0.808081,0.5318159453,0.5318134183
0.650200,0.818182,0.5070388961,0.5070364868
0.650200,0.828283,0.4817513017,0.4817490126
0.650200,0.838384,0.4559786246,0.4559764580
0.650200,0.848485,0.4297468157,0.4297447737
0.650200,0.858586,0.4030822882,0.4030803729
0.650200,0.868687,0.3760118909,0.3760101043
0.650200,0.878788,0.3485628816,0.3485612254
0.650200,0.888889,0.3207628990,0.3207613748
0.650200,0.898990,0.2926399353,0.2926385448
0.650200,0.909091,0.2642223081,0.2642210526
0.650200,0.919192,0.2355386313,0.2355375121
0.650200,0.929293,0.2066177872,0.2066168054
0.650200,0.939394,0.1774888964,0.1774880530
0.650200,0.949495,0.1481812893,0.1481805852
0.650200,0.959596,0.1187244763,0.1187239122
0.650200,0.969697,0.0891481178,0.0891476942
0.650200,0.979798,0.0594819946,0.0594817120
0.650200,0.989899,0.0297559782,0.0297558368
0.650200,1.000000,0.0000000000,0.0000000000
0.660200,0.000000,0.0000000000,0.0000000000
0.660200,0.010101,0.0297266269,0.0297264835
0.660200,0.020202,0.0594233216,0.0594230349
0.660200,0.030303,0.0890601820,0.0890597523
0.660200,0.040404,0.1186073664,0.1186067942
0.660200,0.050505,0.1480351232,0.1480344090
0.660200,0.060606,0.1773138212,0.1773129657
0.660200,0.070707,0.2064139793,0.2064129834
0.660200,0.080808,0.2353062959,0.2353051606
0.660200,0.090909,0.2639616790,0.2639604055
0.660200,0.101010,0.2923512751,0.2923498646
0.660200,0.111111,0.3204464983,0.3204449522
0.660200,0.121212,0.3482190590,0.3482173789
0.660200,0.131313,0.3756409926,0.3756391802
0.660200,0.141414,0.4026846876,0.4026827447
0.660200,0.151515,0.4293229132,0.4293208419
0.660200,0.161616,0.4555288471,0.4555266493
0.660200,0.171717,0.4812761020,0.4812737800
0.660200,0.181818,0.5065387527,0.5065363088
0.660200,0.191919,0.5312913618,0.5312887984
0.660200,0.202020,0.5555090055,0.5555063253
0.660200,0.212121,0.5791672987,0.5791645044
0.660200,0.222222,0.6022424196,0.6022395140
0.660200,0.232323,0.6247111334,0.6247081193
0.660200,0.242424,0.6465508161,0.6465476966
0.660200,0.252525,0.6677394769,0.6677362552
0.660200,0.262626,0.6882557806,0.6882524599
0.660200,0.272727,0.7080790691,0.7080756528
0.660200,0.282828,0.7271893820,0.7271858735
0.660200,0.292929,0.7455674768,0.7455638796
0.660200,0.303030,0.7631948484,0.7631911662
0.660200,0.313131,0.7800537475,0.7800499839
0.660200,0.323232,0.7961271985,0.7961233574
0.660200,0.333333,0.8113990170,0.8113951022
0.660200,0.343434,0.8258538254,0.8258498409
0.660200,0.353535,0.8394770690,0.8394730188
0.660200,0.363636,0.8522550304,0.8522509185
0.660200,0.373737,0.8641748432,0.8641706738
0.660200,0.383838,0.8752245052,0.8752202825
0.660200,0.393939,0.8853928903,0.8853886185
0.660200,0.404040,0.8946697598,0.8946654433
0.660200,0.414141,0.9030457727,0.9030414158
0.660200,0.424242,0.9105124951,0.9105081021
0.660200,0.434343,0.9170624086,0.9170579840
0.660200,0.444444,0.9226889179,0.9226844662
0.660200,0.454545,0.9273863577,0.9273818833
0.660200,0.464646,0.9311499981,0.9311455055
0.660200,0.474747,0.9339760494,0.9339715432
0.660200,0.484848,0.9358616659,0.9358571506
0.660200,0.494949,0.9368049491,0.9368004292
0.660200,0.505051,0.9368049491,0.9368004292
0.660200,0.515152,0.9358616659,0.9358571506
0.660200,0.525253,0.9339760494,0.9339715432
0.660200,0.535354,0.9311499981,0.9311455055
0.660200,0.545455,0.9273863577,0.9273818833
0.660200,0.555556,0.9226889179,0.9226844662
0.660200,0.565657,0.9170624086,0.9170579840
0.660200,0.575758,0.9105124951,0.9105081021
0.660200,0.585859,0.9030457727,0.9030414158
0.660200,0.595960,0.8946697598,0.8946654433
0.660200,0.606061,0.8853928903,0.8853886185
0.660200,0.616162,0.8752245052,0.8752202825
0.660200,0.626263,0.8641748432,0.8641706738
0.660200,0.636364,0.8522550304,0.8522509185
0.660200,0.646465,0.8394770690,0.8394730188
0.660200,0.656566,0.8258538254,0.8258498409
0.660200,0.666667,0.8113990170,0.8113951022
0.660200,0.676768,0.7961271985,0.7961233574
0.660200,0.686869,0.7800537475,0.7800499839
0.660200,0.696970,0.7631948484,0.7631911662
0.660200,0.707071,0.7455674768,0.7455638796
0.660200,0.717172,0.7271893820,0.7271858735
0.660200,0.727273,0.7080790691,0.7080756528
0.660200,0.737374,0.6882557806,0.6882524599
0.660200,0.747475,0.6677394769,0.6677362552
0.660200,0.757576,0.6465508161,0.6465476966
0.660200,0.767677,0.6247111334,0.6247081193
0.660200,0.777778,0.6022424196,0.6022395140
0.660200,0.787879,0.5791672987,0.5791645044
0.660200,0.797980,0.5555090055,0.5555063253
0.660200,0.808081,0.5312913618,0.5312887984
0.660200,0.818182,0.5065387527,0.5065363088
0.660200,0.828283,0.4812761020,0.4812737800
0.660200,0.838384,0.4555288471,0.4555266493
0.660200,0.848485,0.4293229132,0.4293208419
0.660200,0.858586,0.4026846876,0.4026827447
0.660200,0.868687,0.3756409926,0.3756391802
0.660200,0.878788,0.3482190590,0.3482173789
0.660200,0.888889,0.3204464983,0.3204449522
0.660200,0.898990,0.2923512751,0.2923498646
0.660200,0.909091,0.2639616790,0.2639604055
0.660200,0.919192,0.2353062959,0.2353051606
0.660200,0.929293,0.2064139793,0.2064129834
0.660200,0.939394,0.1773138212,0.1773129657
0.660200,0.949495,0.1480351232,0.1480344090
0.660200,0.959596,0.1186073664,0.1186067942
0.660200,0.969697,0.0890601820,0.0890597523
0.660200,0.979798,0.0594233216,0.0594230349
0.660200,0.989899,0.0297266269,0.0297264835
0.660200,1.000000,0.0000000000,0.0000000000
0.670200,0.000000,0.0000000000,0.0000000000
0.670200,0.010101,0.0296973045,0.0296971591
0.670200,0.020202,0.0593647064,0.0593644156
0.670200,0.030303,0.0889723330,0.0889718972
0.670200,0.040404,0.1184903720,0.1184897917
0.670200,0.050505,0.1478891013,0.1478883770
0.670200,0.060606,0.1771389188,0.1771380512
0.670200,0.070707,0.2062103724,0.2062093624
0.670200,0.080808,0.2350741896,0.2350730383
0.670200,0.090909,0.2637013071,0.2637000155
0.670200,0.101010,0.2920628997,0.2920614692
0.670200,0.111111,0.3201304097,0.3201288418
0.670200,0.121212,0.3478755755,0.3478738717
0.670200,0.131313,0.3752704601,0.3752686221
0.670200,0.141414,0.4022874792,0.4022855089
0.670200,0.151515,0.4288994289,0.4288973282
0.670200,0.161616,0.4550795132,0.4550772843
0.670200,0.171717,0.4808013710,0.4807990161
0.670200,0.181818,0.5060391026,0.5060366241
0.670200,0.191919,0.5307672957,0.5307646961
0.670200,0.202020,0.5549610511,0.5549583330
0.670200,0.212121,0.5785960078,0.5785931739
0.670200,0.222222,0.6016483674,0.6016454206
0.670200,0.232323,0.6240949180,0.6240918613
0.670200,0.242424,0.6459130580,0.6459098944
0.670200,0.252525,0.6670808183,0.6670775510
0.670200,0.262626,0.6875768847,0.6875735171
0.670200,0.272727,0.7073806195,0.7073771549
0.670200,0.282828,0.7264720820,0.7264685238
0.670200,0.292929,0.7448320486,0.7448284006
0.670200,0.303030,0.7624420326,0.7624382983
0.670200,0.313131,0.7792843020,0.7792804852
0.670200,0.323232,0.7953418982,0.7953380028
0.670200,0.333333,0.8105986525,0.8105946824
0.670200,0.343434,0.8250392027,0.8250351618
0.670200,0.353535,0.8386490084,0.8386449008
0.670200,0.363636,0.8514143656,0.8514101955
0.670200,0.373737,0.8633224207,0.8633181923
0.670200,0.383838,0.8743611833,0.8743569008
0.670200,0.393939,0.8845195383,0.8845152061
0.670200,0.404040,0.8937872571,0.8937828795
0.670200,0.414141,0.9021550079,0.9021505893
0.670200,0.424242,0.9096143651,0.9096099100
0.670200,0.434343,0.9161578177,0.9161533305
0.670200,0.444444,0.9217787771,0.9217742624
0.670200,0.454545,0.9264715833,0.9264670456
0.670200,0.464646,0.9302315112,0.9302269551
0.670200,0.474747,0.9330547749,0.9330502049
0.670200,0.484848,0.9349385314,0.9349339523
0.670200,0.494949,0.9358808842,0.9358763004
0.670200,0.505051,0.9358808842,0.9358763004
0.670200,0.515152,0.9349385314,0.9349339523
0.670200,0.525253,0.9330547749,0.9330502049
0.670200,0.535354,0.9302315112,0.9302269551
0.670200,0.545455,0.9264715833,0.9264670456
0.670200,0.555556,0.9217787771,0.9217742624
0.670200,0.565657,0.9161578177,0.9161533305
0.670200,0.575758,0.9096143651,0.9096099100
0.670200,0.585859,0.9021550079,0.9021505893
0.670200,0.595960,0.8937872571,0.8937828795
0.670200,0.606061,0.8845195383,0.8845152061
0.670200,0.616162,0.8743611833,0.8743569008
0.670200,0.626263,0.8633224207,0.8633181923
0.670200,0.636364,0.8514143656,0.8514101955
0.670200,0.646465,0.8386490084,0.8386449008
0.670200,0.656566,0.8250392027,0.8250351618
0.670200,0.666667,0.8105986525,0.8105946824
0.670200,0.676768,0.7953418982,0.7953380028
0.670200,0.686869,0.7792843020,0.7792804852
0.670200,0.696970,0.7624420326,0.7624382983
0.670200,0.707071,0.7448320486,0.7448284006
0.670200,0.717172,0.7264720820,0.7264685238
0.670200,0.727273,0.7073806195,0.7073771549
0.670200,0.737374,0.6875768847,0.6875735171
0.670200,0.747475,0.6670808183,0.6670775510
0.670200,0.757576,0.6459130580,0.6459098944
0.670200,0.767677,0.6240949180,0.6240918613
0.670200,0.777778,0.6016483674,0.6016454206
0.670200,0.787879,0.5785960078,0.5785931739
0.670200,0.797980,0.5549610511,0.5549583330
0.670200,0.808081,0.5307672957,0.5307646961
0.670200,0.818182,0.5060391026,0.5060366241
0.670200,0.828283,0.4808013710,0.4807990161
0.670200,0.838384,0.4550795132,0.4550772843
0.670200,0.848485,0.4288994289,0.4288973282
0.670200,0.858586,0.4022874792,0.4022855089
0.670200,0.868687,0.3752704601,0.3752686221
0.670200,0.878788,0.3478755755,0.3478738717
0.670200,0.888889,0.3201304097,0.3201288418
0.670200,0.898990,0.2920628997,0.2920614692
0.670200,0.909091,0.2637013071,0.2637000155
0.670200,0.919192,0.2350741896,0.2350730383
0.670200,0.929293,0.2062103724,0.2062093624
0.670200,0.939394,0.1771389188,0.1771380512
0.670200,0.949495,0.1478891013,0.1478883770
0.670200,0.959596,0.1184903720,0.1184897917
0.670200,0.969697,0.0889723330,0.0889718972
0.670200,0.979798,0.0593647064,0.0593644156
0.670200,0.989899,0.0296973045,0.0296971591
0.670200,1.000000,0.0000000000,0.0000000000
0.680200,0.000000,0.0000000000,0.0000000000
0.680200,0.010101,0.0296680111,0.0296678636
0.680200,0.020202,0.0593061490,0.0593058542
0.680200,0.030303,0.0888845706,0.0888841288
0.680200,0.040404,0.1183734931,0.1183729046
0.680200,0.050505,0.1477432234,0.1477424890
0.680200,0.060606,0.1769641889,0.1769633092
0.680200,0.070707,0.2060069664,0.2060059423
0.680200,0.080808,0.2348423123,0.2348411449
0.680200,0.090909,0.2634411920,0.2634398824
0.680200,0.101010,0.2917748087,0.2917733583
0.680200,0.111111,0.3198146329,0.3198130431
0.680200,0.121212,0.3475324309,0.3475307033
0.680200,0.131313,0.3749002931,0.3748984296
0.680200,0.141414,0.4018906626,0.4018886648
0.680200,0.151515,0.4284763622,0.4284742323
0.680200,0.161616,0.4546306225,0.4546283626
0.680200,0.171717,0.4803271083,0.4803247206
0.680200,0.181818,0.5055399453,0.5055374323
0.680200,0.191919,0.5302437465,0.5302411107
0.680200,0.202020,0.5544136372,0.5544108813
0.680200,0.212121,0.5780252804,0.5780224071
0.680200,0.222222,0.6010549011,0.6010519133
0.680200,0.232323,0.6234793104,0.6234762112
0.680200,0.242424,0.6452759290,0.6452727214
0.680200,0.252525,0.6664228094,0.6664194967
0.680200,0.262626,0.6868986585,0.6868952440
0.680200,0.272727,0.7066828589,0.7066793460
0.680200,0.282828,0.7257554895,0.7257518819
0.680200,0.292929,0.7440973459,0.7440936471
0.680200,0.303030,0.7616899593,0.7616861731
0.680200,0.313131,0.7785156156,0.7785117456
0.680200,0.323232,0.7945573725,0.7945534229
0.680200,0.333333,0.8097990776,0.8097950522
0.680200,0.343434,0.8242253836,0.8242212865
0.680200,0.353535,0.8378217646,0.8378175998
0.680200,0.363636,0.8505745300,0.8505703019
0.680200,0.373737,0.8624708390,0.8624665517
0.680200,0.383838,0.8734987129,0.8734943709
0.680200,0.393939,0.8836470477,0.8836426552
0.680200,0.404040,0.8929056249,0.8929011863
0.680200,0.414141,0.9012651217,0.9012606416
0.680200,0.424242,0.9087171210,0.9087126038
0.680200,0.434343,0.9152541191,0.9152495695
0.680200,0.444444,0.9208695340,0.9208649564
0.680200,0.454545,0.9255577113,0.9255531104
0.680200,0.464646,0.9293139304,0.9293093108
0.680200,0.474747,0.9321344091,0.9321297756
0.680200,0.484848,0.9340163076,0.9340116647
0.680200,0.494949,0.9349577308,0.9349530832
0.680200,0.505051,0.9349577308,0.9349530832
0.680200,0.515152,0.9340163076,0.9340116647
0.680200,0.525253,0.9321344091,0.9321297756
0.680200,0.535354,0.9293139304,0.9293093108
0.680200,0.545455,0.9255577113,0.9255531104
0.680200,0.555556,0.9208695340,0.9208649564
0.680200,0.565657,0.9152541191,0.9152495695
0.680200,0.575758,0.9087171210,0.9087126038
0.680200,0.585859,0.9012651217,0.9012606416
0.680200,0.595960,0.8929056249,0.8929011863
0.680200,0.606061,0.8836470477,0.8836426552
0.680200,0.616162,0.8734987129,0.8734943709
0.680200,0.626263,0.8624708390,0.8624665517
0.680200,0.636364,0.8505745300,0.8505703019
0.680200,0.646465,0.8378217646,0.8378175998
0.680200,0.656566,0.8242253836,0.8242212865
0.680200,0.666667,0.8097990776,0.8097950522
0.680200,0.676768,0.7945573725,0.7945534229
0.680200,0.686869,0.7785156156,0.7785117456
0.680200,0.696970,0.7616899593,0.7616861731
0.680200,0.707071,0.7440973459,0.7440936471
0.680200,0.717172,0.7257554895,0.7257518819
0.680200,0.727273,0.7066828589,0.7066793460
0.680200,0.737374,0.6868986585,0.6868952440
0.680200,0.747475,0.6664228094,0.6664194967
0.680200,0.757576,0.6452759290,0.6452727214
0.680200,0.767677,0.6234793104,0.6234762112
0.680200,0.777778,0.6010549011,0.6010519133
0.680200,0.787879,0.5780252804,0.5780224071
0.680200,0.797980,0.5544136372,0.5544108813
0.680200,0.808081,0.5302437465,0.5302411107
0.680200,0.818182,0.5055399453,0.5055374323
0.680200,0.828283,0.4803271083,0.4803247206
0.680200,0.838384,0.4546306225,0.4546283626
0.680200,0.848485,0.4284763622,0.4284742323
0.680200,0.858586,0.4018906626,0.4018886648
0.680200,0.868687,0.3749002931,0.3748984296
0.680200,0.878788,0.3475324309,0.3475307033
0.680200,0.888889,0.3198146329,0.3198130431
0.680200,0.898990,0.2917748087,0.2917733583
0.680200,0.909091,0.2634411920,0.2634398824
0.680200,0.919192,0.2348423123,0.2348411449
0.680200,0.929293,0.2060069664,0.2060059423
0.680200,0.939394,0.1769641889,0.1769633092
0.680200,0.949495,0.1477432234,0.1477424890
0.680200,0.959596,0.1183734931,0.1183729046
0.680200,0.969697,0.0888845706,0.0888841288
0.680200,0.979798,0.0593061490,0.0593058542
0.680200,0.989899,0.0296680111,0.0296678636
0.680200,1.000000,0.0000000000,0.0000000000
0.690200,0.000000,0.0000000000,0.0000000000
0.690200,0.010101,0.0296387465,0.0296385970
0.690200,0.020202,0.0592476494,0.0592473505
0.690200,0.030303,0.0887968949,0.0887964470
0.690200,0.040404,0.1182567294,0.1182561329
0.690200,0.050505,0.1475974894,0.1475967449
0.690200,0.060606,0.1767896313,0.1767887396
0.690200,0.070707,0.2058037610,0.2058027229
0.690200,0.080808,0.2346106637,0.2346094804
0.690200,0.090909,0.2631813334,0.2631800060
0.690200,0.101010,0.2914870019,0.2914855316
0.690200,0.111111,0.3194991676,0.3194975560
0.690200,0.121212,0.3471896247,0.3471878735
0.690200,0.131313,0.3745304913,0.3745286022
0.690200,0.141414,0.4014942374,0.4014922123
0.690200,0.151515,0.4280537129,0.4280515538
0.690200,0.161616,0.4541821746,0.4541798837
0.690200,0.171717,0.4798533133,0.4798508930
0.690200,0.181818,0.5050412805,0.5050387330
0.690200,0.191919,0.5297207138,0.5297180419
0.690200,0.202020,0.5538667633,0.5538639696
0.690200,0.212121,0.5774551159,0.5774522033
0.690200,0.222222,0.6004620202,0.6004589915
0.690200,0.232323,0.6228643101,0.6228611684
0.690200,0.242424,0.6446394285,0.6446361769
0.690200,0.252525,0.6657654496,0.6657620914
0.690200,0.262626,0.6862211013,0.6862176400
0.690200,0.272727,0.7059857865,0.7059822255
0.690200,0.282828,0.7250396039,0.7250359468
0.690200,0.292929,0.7433633679,0.7433596184
0.690200,0.303030,0.7609386279,0.7609347898
0.690200,0.313131,0.7777476873,0.7777437644
0.690200,0.323232,0.7937736207,0.7937696169
0.690200,0.333333,0.8090002913,0.8089962108
0.690200,0.343434,0.8234123672,0.8234082140
0.690200,0.353535,0.8369953367,0.8369911149
0.690200,0.363636,0.8497355228,0.8497312368
0.690200,0.373737,0.8616200973,0.8616157513
0.690200,0.383838,0.8726370933,0.8726326918
0.690200,0.393939,0.8827754178,0.8827709651
0.690200,0.404040,0.8920248623,0.8920203629
0.690200,0.414141,0.9003761133,0.9003715718
0.690200,0.424242,0.9078207619,0.9078161829
0.690200,0.434343,0.9143513120,0.9143467000
0.690200,0.444444,0.9199611878,0.9199565475
0.690200,0.454545,0.9246447406,0.9246400767
0.690200,0.464646,0.9283972546,0.9283925718
0.690200,0.474747,0.9312149512,0.9312102542
0.690200,0.484848,0.9330949934,0.9330902869
0.690200,0.494949,0.9340354879,0.9340307767
0.690200,0.505051,0.9340354879,0.9340307767
0.690200,0.515152,0.9330949934,0.9330902869
0.690200,0.525253,0.9312149512,0.9312102542
0.690200,0.535354,0.9283972546,0.9283925718
0.690200,0.545455,0.9246447406,0.9246400767
0.690200,0.555556,0.9199611878,0.9199565475
0.690200,0.565657,0.9143513120,0.9143467000
0.690200,0.575758,0.9078207619,0.9078161829
0.690200,0.585859,0.9003761133,0.9003715718
0.690200,0.595960,0.8920248623,0.8920203629
0.690200,0.606061,0.8827754178,0.8827709651
0.690200,0.616162,0.8726370933,0.8726326918
0.690200,0.626263,0.8616200973,0.8616157513
0.690200,0.636364,0.8497355228,0.8497312368
0.690200,0.646465,0.8369953367,0.8369911149
0.690200,0.656566,0.8234123672,0.8234082140
0.690200,0.666667,0.8090002913,0.8089962108
0.690200,0.676768,0.7937736207,0.7937696169
0.690200,0.686869,0.7777476873,0.7777437644
0.690200,0.696970,0.7609386279,0.7609347898
0.690200,0.707071,0.7433633679,0.7433596184
0.690200,0.717172,0.7250396039,0.7250359468
0.690200,0.727273,0.7059857865,0.7059822255
0.690200,0.737374,0.6862211013,0.6862176400
0.690200,0.747475,0.6657654496,0.6657620914
0.690200,0.757576,0.6446394285,0.6446361769
0.690200,0.767677,0.6228643101,0.6228611684
0.690200,0.777778,0.6004620202,0.6004589915
0.690200,0.787879,0.5774551159,0.5774522033
0.690200,0.797980,0.5538667633,0.5538639696
0.690200,0.808081,0.5297207138,0.5297180419
0.690200,0.818182,0.5050412805,0.5050387330
0.690200,0.828283,0.4798533133,0.4798508930
0.690200,0.838384,0.4541821746,0.4541798837
0.690200,0.848485,0.4280537129,0.4280515538
0.690200,0.858586,0.4014942374,0.4014922123
0.690200,0.868687,0.3745304913,0.3745286022
0.690200,0.878788,0.3471896247,0.3471878735
0.690200,0.888889,0.3194991676,0.3194975560
0.690200,0.898990,0.2914870019,0.2914855316
0.690200,0.909091,0.2631813334,0.2631800060
0.690200,0.919192,0.2346106637,0.2346094804
0.690200,0.929293,0.2058037610,0.2058027229
0.690200,0.939394,0.1767896313,0.1767887396
0.690200,0.949495,0.1475974894,0.1475967449
0.690200,0.959596,0.1182567294,0.1182561329
0.690200,0.969697,0.0887968949,0.0887964470
0.690200,0.979798,0.0592476494,0.0592473505
0.690200,0.989899,0.0296387465,0.0296385970
0.690200,1.000000,0.0000000000,0.0000000000
0.700200,0.000000,0.0000000000,0.0000000000
0.700200,0.010101,0.0296095109,0.0296093594
0.700200,0.020202,0.0591892075,0.0591889046
0.700200,0.030303,0.0887093056,0.0887088516
0.700200,0.040404,0.1181400809,0.1181394764
0.700200,0.050505,0.1474518992,0.1474511447
0.700200,0.060606,0.1766152459,0.1766143421
0.700200,0.070707,0.2056007560,0.2055997040
0.700200,0.080808,0.2343792437,0.2343780443
0.700200,0.090909,0.2629217312,0.2629203858
0.700200,0.101010,0.2911994789,0.2911979888
0.700200,0.111111,0.3191840134,0.3191823801
0.700200,0.121212,0.3468471566,0.3468453818
0.700200,0.131313,0.3741610542,0.3741591396
0.700200,0.141414,0.4010982033,0.4010961509
0.700200,0.151515,0.4276314805,0.4276292923
0.700200,0.161616,0.4537341691,0.4537318473
0.700200,0.171717,0.4793799858,0.4793775327
0.700200,0.181818,0.5045431075,0.5045405257
0.700200,0.191919,0.5291981970,0.5291954891
0.700200,0.202020,0.5533204288,0.5533175975
0.700200,0.212121,0.5768855139,0.5768825619
0.700200,0.222222,0.5998697241,0.5998666546
0.700200,0.232323,0.6222499164,0.6222467323
0.700200,0.242424,0.6440035558,0.6440002604
0.700200,0.252525,0.6651087382,0.6651053348
0.700200,0.262626,0.6855442124,0.6855407044
0.700200,0.272727,0.7052894017,0.7052857927
0.700200,0.282828,0.7243244244,0.7243207180
0.700200,0.292929,0.7426301138,0.7426263138
0.700200,0.303030,0.7601880377,0.7601841477
0.700200,0.313131,0.7769805166,0.7769765407
0.700200,0.323232,0.7929906420,0.7929865842
0.700200,0.333333,0.8082022930,0.8081981574
0.700200,0.343434,0.8226001528,0.8225959435
0.700200,0.353535,0.8361697240,0.8361654453
0.700200,0.363636,0.8488973432,0.8488929994
0.700200,0.373737,0.8607701947,0.8607657901
0.700200,0.383838,0.8717763236,0.8717718627
0.700200,0.393939,0.8819046476,0.8819001349
0.700200,0.404040,0.8911449684,0.8911404084
0.700200,0.414141,0.8994879818,0.8994833791
0.700200,0.424242,0.9069252870,0.9069206462
0.700200,0.434343,0.9134493953,0.9134447212
0.700200,0.444444,0.9190537375,0.9190490347
0.700200,0.454545,0.9237326705,0.9237279437
0.700200,0.464646,0.9274814830,0.9274767371
0.700200,0.474747,0.9302964003,0.9302916399
0.700200,0.484848,0.9321745880,0.9321698180
0.700200,0.494949,0.9331141548,0.9331093800
0.700200,0.505051,0.9331141548,0.9331093800
0.700200,0.515152,0.9321745880,0.9321698180
0.700200,0.525253,0.9302964003,0.9302916399
0.700200,0.535354,0.9274814830,0.9274767371
0.700200,0.545455,0.9237326705,0.9237279437
0.700200,0.555556,0.9190537375,0.9190490347
0.700200,0.565657,0.9134493953,0.9134447212
0.700200,0.575758,0.9069252870,0.9069206462
0.700200,0.585859,0.8994879818,0.8994833791
0.700200,0.595960,0.8911449684,0.8911404084
0.700200,0.606061,0.8819046476,0.8819001349
0.700200,0.616162,0.8717763236,0.8717718627
0.700200,0.626263,0.8607701947,0.8607657901
0.700200,0.636364,0.8488973432,0.8488929994
0.700200,0.646465,0.8361697240,0.8361654453
0.700200,0.656566,0.8226001528,0.8225959435
0.700200,0.666667,0.8082022930,0.8081981574
0.700200,0.676768,0.7929906420,0.7929865842
0.700200,0.686869,0.7769805166,0.7769765407
0.700200,0.696970,0.7601880377,0.7601841477
0.700200,0.707071,0.7426301138,0.7426263138
0.700200,0.717172,0.7243244244,0.7243207180
0.700200,0.727273,0.7052894017,0.7052857927
0.700200,0.737374,0.6855442124,0.6855407044
0.700200,0.747475,0.6651087382,0.6651053348
0.700200,0.757576,0.6440035558,0.6440002604
0.700200,0.767677,0.6222499164,0.6222467323
0.700200,0.777778,0.5998697241,0.5998666546
0.700200,0.787879,0.5768855139,0.5768825619
0.700200,0.797980,0.5533204288,0.5533175975
0.700200,0.808081,0.5291981970,0.5291954891
0.700200,0.818182,0.5045431075,0.5045405257
0.700200,0.828283,0.4793799858,0.4793775327
0.700200,0.838384,0.4537341691,0.4537318473
0.700200,0.848485,0.4276314805,0.4276292923
0.700200,0.858586,0.4010982033,0.4010961509
0.700200,0.868687,0.3741610542,0.3741591396
0.700200,0.878788,0.3468471566,0.3468453818
0.700200,0.888889,0.3191840134,0.3191823801
0.700200,0.898990,0.2911994789,0.2911979888
0.700200,0.909091,0.2629217312,0.2629203858
0.700200,0.919192,0.2343792437,0.2343780443
0.700200,0.929293,0.2056007560,0.2055997040
0.700200,0.939394,0.1766152459,0.1766143421
0.700200,0.949495,0.1474518992,0.1474511447
0.700200,0.959596,0.1181400809,0.1181394764
0.700200,0.969697,0.0887093056,0.0887088516
0.700200,0.979798,0.0591892075,0.0591889046
0.700200,0.989899,0.0296095109,0.0296093594
0.700200,1.000000,0.0000000000,0.0000000000
0.710200,0.000000,0.0000000000,0.0000000000
0.710200,0.010101,0.0295803040,0.0295801505
0.710200,0.020202,0.0591308232,0.0591305163
0.710200,0.030303,0.0886218026,0.0886213427
0.710200,0.040404,0.1180235474,0.1180229349
0.710200,0.050505,0.1473064525,0.1473056880
0.710200,0.060606,0.1764410325,0.1764401168
0.710200,0.070707,0.2053979513,0.2053968853
0.710200,0.080808,0.2341480518,0.2341468366
0.710200,0.090909,0.2626623851,0.2626610218
0.710200,0.101010,0.2909122396,0.2909107297
0.710200,0.111111,0.3188691701,0.3188675151
0.710200,0.121212,0.3465050264,0.3465032280
0.710200,0.131313,0.3737919815,0.3737900415
0.710200,0.141414,0.4007025598,0.4007004801
0.710200,0.151515,0.4272096646,0.4272074473
0.710200,0.161616,0.4532866054,0.4532842528
0.710200,0.171717,0.4789071251,0.4789046395
0.710200,0.181818,0.5040454259,0.5040428098
0.710200,0.191919,0.5286761956,0.5286734517
0.710200,0.202020,0.5527746333,0.5527717643
0.710200,0.212121,0.5763164737,0.5763134825
0.710200,0.222222,0.5992780123,0.5992749020
0.710200,0.232323,0.6216361288,0.6216329024
0.710200,0.242424,0.6433683103,0.6433649711
0.710200,0.252525,0.6644526745,0.6644492259
0.710200,0.262626,0.6848679912,0.6848644367
0.710200,0.272727,0.7045937039,0.7045900470
0.710200,0.282828,0.7236099504,0.7236061948
0.710200,0.292929,0.7418975831,0.7418937325
0.710200,0.303030,0.7594381878,0.7594342462
0.710200,0.313131,0.7762141026,0.7762100739
0.710200,0.323232,0.7922084356,0.7922043239
0.710200,0.333333,0.8074050818,0.8074008913
0.710200,0.343434,0.8217887396,0.8217844744
0.710200,0.353535,0.8353449258,0.8353405902
0.710200,0.363636,0.8480599904,0.8480555889
0.710200,0.373737,0.8599211305,0.8599166674
0.710200,0.383838,0.8709164030,0.8709118828
0.710200,0.393939,0.8810347364,0.8810301637
0.710200,0.404040,0.8902659426,0.8902613220
0.710200,0.414141,0.8986007264,0.8985960625
0.710200,0.424242,0.9060306954,0.9060259930
0.710200,0.434343,0.9125483684,0.9125436321
0.710200,0.444444,0.9181471824,0.9181424171
0.710200,0.454545,0.9228215001,0.9228167106
0.710200,0.464646,0.9265666148,0.9265618058
0.710200,0.474747,0.9293787554,0.9293739318
0.710200,0.484848,0.9312550904,0.9312502571
0.710200,0.494949,0.9321937305,0.9321888923
0.710200,0.505051,0.9321937305,0.9321888923
0.710200,0.515152,0.9312550904,0.9312502571
0.710200,0.525253,0.9293787554,0.9293739318
0.710200,0.535354,0.9265666148,0.9265618058
0.710200,0.545455,0.9228215001,0.9228167106
0.710200,0.555556,0.9181471824,0.9181424171
0.710200,0.565657,0.9125483684,0.9125436321
0.710200,0.575758,0.9060306954,0.9060259930
0.710200,0.585859,0.8986007264,0.8985960625
0.710200,0.595960,0.8902659426,0.8902613220
0.710200,0.606061,0.8810347364,0.8810301637
0.710200,0.616162,0.8709164030,0.8709118828
0.710200,0.626263,0.8599211305,0.8599166674
0.710200,0.636364,0.8480599904,0.8480555889
0.710200,0.646465,0.8353449258,0.8353405902
0.710200,0.656566,0.8217887396,0.8217844744
0.710200,0.666667,0.8074050818,0.8074008913
0.710200,0.676768,0.7922084356,0.7922043239
0.710200,0.686869,0.7762141026,0.7762100739
0.710200,0.696970,0.7594381878,0.7594342462
0.710200,0.707071,0.7418975831,0.7418937325
0.710200,0.717172,0.7236099504,0.7236061948
0.710200,0.727273,0.7045937039,0.7045900470
0.710200,0.737374,0.6848679912,0.6848644367
0.710200,0.747475,0.6644526745,0.6644492259
0.710200,0.757576,0.6433683103,0.6433649711
0.710200,0.767677,0.6216361288,0.6216329024
0.710200,0.777778,0.5992780123,0.5992749020
0.710200,0.787879,0.5763164737,0.5763134825
0.710200,0.797980,0.5527746333,0.5527717643
0.710200,0.808081,0.5286761956,0.5286734517
0.710200,0.818182,0.5040454259,0.5040428098
0.710200,0.828283,0.4789071251,0.4789046395
0.710200,0.838384,0.4532866054,0.4532842528
0.710200,0.848485,0.4272096646,0.4272074473
0.710200,0.858586,0.4007025598,0.4007004801
0.710200,0.868687,0.3737919815,0.3737900415
0.710200,0.878788,0.3465050264,0.3465032280
0.710200,0.888889,0.3188691701,0.3188675151
0.710200,0.898990,0.2909122396,0.2909107297
0.710200,0.909091,0.2626623851,0.2626610218
0.710200,0.919192,0.2341480518,0.2341468366
0.710200,0.929293,0.2053979513,0.2053968853
0.710200,0.939394,0.1764410325,0.1764401168
0.710200,0.949495,0.1473064525,0.1473056880
0.710200,0.959596,0.1180235474,0.1180229349
0.710200,0.969697,0.0886218026,0.0886213427
0.710200,0.979798,0.0591308232,0.0591305163
0.710200,0.989899,0.0295803040,0.0295801505
0.710200,1.000000,0.0000000000,0.0000000000
0.720200,0.000000,0.0000000000,0.0000000000
0.720200,0.010101,0.0295511260,0.0295509705
0.720200,0.020202,0.0590724965,0.0590721856
0.720200,0.030303,0.0885343861,0.0885339201
0.720200,0.040404,0.1179071290,0.1179065084
0.720200,0.050505,0.1471611494,0.1471603748
0.720200,0.060606,0.1762669910,0.1762660633
0.720200,0.070707,0.2051953467,0.2051942667
0.720200,0.080808,0.2339170881,0.2339158569
0.720200,0.090909,0.2624032948,0.2624019137
0.720200,0.101010,0.2906252836,0.2906237540
0.720200,0.111111,0.3185546374,0.3185529608
0.720200,0.121212,0.3461632337,0.3461614117
0.720200,0.131313,0.3734232729,0.3734213075
0.720200,0.141414,0.4003073066,0.4003051997
0.720200,0.151515,0.4267882647,0.4267860185
0.720200,0.161616,0.4528394833,0.4528370999
0.720200,0.171717,0.4784347308,0.4784322127
0.720200,0.181818,0.5035482352,0.5035455849
0.720200,0.191919,0.5281547091,0.5281519293
0.720200,0.202020,0.5522293761,0.5522264696
0.720200,0.212121,0.5757479948,0.5757449645
0.720200,0.222222,0.5986868842,0.5986837331
0.720200,0.232323,0.6210229465,0.6210196780
0.720200,0.242424,0.6427336915,0.6427303086
0.720200,0.252525,0.6637972580,0.6637937643
0.720200,0.262626,0.6841924371,0.6841888360
0.720200,0.272727,0.7038986923,0.7038949875
0.720200,0.282828,0.7228961812,0.7228923764
0.720200,0.292929,0.7411657749,0.7411618740
0.720200,0.303030,0.7586890775,0.7586850844
0.720200,0.313131,0.7754484446,0.7754443632
0.720200,0.323232,0.7914270007,0.7914228353
0.720200,0.333333,0.8066086570,0.8066044116
0.720200,0.343434,0.8209781267,0.8209738057
0.720200,0.353535,0.8345209411,0.8345165488
0.720200,0.363636,0.8472234636,0.8472190045
0.720200,0.373737,0.8590729039,0.8590683824
0.720200,0.383838,0.8700573306,0.8700527513
0.720200,0.393939,0.8801656833,0.8801610508
0.720200,0.404040,0.8893877838,0.8893831027
0.720200,0.414141,0.8977143461,0.8977096213
0.720200,0.424242,0.9051369862,0.9051322223
0.720200,0.434343,0.9116482301,0.9116434319
0.720200,0.444444,0.9172415216,0.9172366939
0.720200,0.454545,0.9219112285,0.9219063763
0.720200,0.464646,0.9256526490,0.9256477771
0.720200,0.474747,0.9284620157,0.9284571290
0.720200,0.484848,0.9303364999,0.9303316033
0.720200,0.494949,0.9312742141,0.9312693126
0.720200,0.505051,0.9312742141,0.9312693126
0.720200,0.515152,0.9303364999,0.9303316033
0.720200,0.525253,0.9284620157,0.9284571290
0.720200,0.535354,0.9256526490,0.9256477771
0.720200,0.545455,0.9219112285,0.9219063763
0.720200,0.555556,0.9172415216,0.9172366939
0.720200,0.565657,0.9116482301,0.9116434319
0.720200,0.575758,0.9051369862,0.9051322223
0.720200,0.585859,0.8977143461,0.8977096213
0.720200,0.595960,0.8893877838,0.8893831027
0.720200,0.606061,0.8801656833,0.8801610508
0.720200,0.616162,0.8700573306,0.8700527513
0.720200,0.626263,0.8590729039,0.8590683824
0.720200,0.636364,0.8472234636,0.8472190045
0.720200,0.646465,0.8345209411,0.8345165488
0.720200,0.656566,0.8209781267,0.8209738057
0.720200,0.666667,0.8066086570,0.8066044116
0.720200,0.676768,0.7914270007,0.7914228353
0.720200,0.686869,0.7754484446,0.7754443632
0.720200,0.696970,0.7586890775,0.7586850844
0.720200,0.707071,0.7411657749,0.7411618740
0.720200,0.717172,0.7228961812,0.7228923764
0.720200,0.727273,0.7038986923,0.7038949875
0.720200,0.737374,0.6841924371,0.6841888360
0.720200,0.747475,0.6637972580,0.6637937643
0.720200,0.757576,0.6427336915,0.6427303086
0.720200,0.767677,0.6210229465,0.6210196780
0.720200,0.777778,0.5986868842,0.5986837331
0.720200,0.787879,0.5757479948,0.5757449645
0.720200,0.797980,0.5522293761,0.5522264696
0.720200,0.808081,0.5281547091,0.5281519293
0.720200,0.818182,0.5035482352,0.5035455849
0.720200,0.828283,0.4784347308,0.4784322127
0.720200,0.838384,0.4528394833,0.4528370999
0.720200,0.848485,0.4267882647,0.4267860185
0.720200,0.858586,0.4003073066,0.4003051997
0.720200,0.868687,0.3734232729,0.3734213075
0.720200,0.878788,0.3461632337,0.3461614117
0.720200,0.888889,0.3185546374,0.3185529608
0.720200,0.898990,0.2906252836,0.2906237540
0.720200,0.909091,0.2624032948,0.2624019137
0.720200,0.919192,0.2339170881,0.2339158569
0.720200,0.929293,0.2051953467,0.2051942667
0.720200,0.939394,0.1762669910,0.1762660633
0.720200,0.949495,0.1471611494,0.1471603748
0.720200,0.959596,0.1179071290,0.1179065084
0.720200,0.969697,0.0885343861,0.0885339201
0.720200,0.979798,0.0590724965,0.0590721856
0.720200,0.989899,0.0295511260,0.0295509705
0.720200,1.000000,0.0000000000,0.0000000000
0.730200,0.000000,0.0000000000,0.0000000000
0.730200,0.010101,0.0295219768,0.0295218192
0.730200,0.020202,0.0590142274,0.0590139125
0.730200,0.030303,0.0884470557,0.0884465837
0.730200,0.040404,0.1177908253,0.1177901967
0.730200,0.050505,0.1470159895,0.1470152050
0.730200,0.060606,0.1760931211,0.1760921815
0.730200,0.070707,0.2049929419,0.2049918480
0.730200,0.080808,0.2336863521,0.2336851051
0.730200,0.090909,0.2621444600,0.2621430611
0.730200,0.101010,0.2903386107,0.2903370613
0.730200,0.111111,0.3182404149,0.3182387167
0.730200,0.121212,0.3458217781,0.3458199327
0.730200,0.131313,0.3730549280,0.3730529373
0.730200,0.141414,0.3999124432,0.3999103092
0.730200,0.151515,0.4263672806,0.4263650053
0.730200,0.161616,0.4523928022,0.4523903881
0.730200,0.171717,0.4779628026,0.4779602520
0.730200,0.181818,0.5030515349,0.5030488505
0.730200,0.191919,0.5276337370,0.5276309214
0.730200,0.202020,0.5516846567,0.5516817127
0.730200,0.212121,0.5751800767,0.5751770073
0.730200,0.222222,0.5980963391,0.5980931475
0.730200,0.232323,0.6204103692,0.6204070585
0.730200,0.242424,0.6420996986,0.6420962722
0.730200,0.252525,0.6631424881,0.6631389493
0.730200,0.262626,0.6835175493,0.6835139018
0.730200,0.272727,0.7032043662,0.7032006137
0.730200,0.282828,0.7221831160,0.7221792622
0.730200,0.292929,0.7404346886,0.7404307374
0.730200,0.303030,0.7579407062,0.7579366616
0.730200,0.313131,0.7746835418,0.7746794078
0.730200,0.323232,0.7906463367,0.7906421176
0.730200,0.333333,0.8058130178,0.8058087177
0.730200,0.343434,0.8201683135,0.8201639368
0.730200,0.353535,0.8336977692,0.8336933203
0.730200,0.363636,0.8463877619,0.8463832453
0.730200,0.373737,0.8582255139,0.8582209341
0.730200,0.383838,0.8691991055,0.8691944672
0.730200,0.393939,0.8792974874,0.8792927952
0.730200,0.404040,0.8885104912,0.8885057498
0.730200,0.414141,0.8968288402,0.8968240545
0.730200,0.424242,0.9042441586,0.9042393333
0.730200,0.434343,0.9107489798,0.9107441198
0.730200,0.444444,0.9163367540,0.9163318642
0.730200,0.454545,0.9210018548,0.9209969400
0.730200,0.464646,0.9247395847,0.9247346500
0.730200,0.474747,0.9275461803,0.9275412306
0.730200,0.484848,0.9294188155,0.9294138558
0.730200,0.494949,0.9303556047,0.9303506400
0.730200,0.505051,0.9303556047,0.9303506400
0.730200,0.515152,0.9294188155,0.9294138558
0.730200,0.525253,0.9275461803,0.9275412306
0.730200,0.535354,0.9247395847,0.9247346500
0.730200,0.545455,0.9210018548,0.9209969400
0.730200,0.555556,0.9163367540,0.9163318642
0.730200,0.565657,0.9107489798,0.9107441198
0.730200,0.575758,0.9042441586,0.9042393333
0.730200,0.585859,0.8968288402,0.8968240545
0.730200,0.595960,0.8885104912,0.8885057498
0.730200,0.606061,0.8792974874,0.8792927952
0.730200,0.616162,0.8691991055,0.8691944672
0.730200,0.626263,0.8582255139,0.8582209341
0.730200,0.636364,0.8463877619,0.8463832453
0.730200,0.646465,0.8336977692,0.8336933203
0.730200,0.656566,0.8201683135,0.8201639368
0.730200,0.666667,0.8058130178,0.8058087177
0.730200,0.676768,0.7906463367,0.7906421176
0.730200,0.686869,0.7746835418,0.7746794078
0.730200,0.696970,0.7579407062,0.7579366616
0.730200,0.707071,0.7404346886,0.7404307374
0.730200,0.717172,0.7221831160,0.7221792622
0.730200,0.727273,0.7032043662,0.7032006137
0.730200,0.737374,0.6835175493,0.6835139018
0.730200,0.747475,0.6631424881,0.6631389493
0.730200,0.757576,0.6420996986,0.6420962722
0.730200,0.767677,0.6204103692,0.6204070585
0.730200,0.777778,0.5980963391,0.5980931475
0.730200,0.787879,0.5751800767,0.5751770073
0.730200,0.797980,0.5516846567,0.5516817127
0.730200,0.808081,0.5276337370,0.5276309214
0.730200,0.818182,0.5030515349,0.5030488505
0.730200,0.828283,0.4779628026,0.4779602520
0.730200,0.838384,0.4523928022,0.4523903881
0.730200,0.848485,0.4263672806,0.4263650053
0.730200,0.858586,0.3999124432,0.3999103092
0.730200,0.868687,0.3730549280,0.3730529373
0.730200,0.878788,0.3458217781,0.3458199327
0.730200,0.888889,0.3182404149,0.3182387167
0.730200,0.898990,0.2903386107,0.2903370613
0.730200,0.909091,0.2621444600,0.2621430611
0.730200,0.919192,0.2336863521,0.2336851051
0.730200,0.929293,0.2049929419,0.2049918480
0.730200,0.939394,0.1760931211,0.1760921815
0.730200,0.949495,0.1470159895,0.1470152050
0.730200,0.959596,0.1177908253,0.1177901967
0.730200,0.969697,0.0884470557,0.0884465837
0.730200,0.979798,0.0590142274,0.0590139125
0.730200,0.989899,0.0295219768,0.0295218192
0.730200,1.000000,0.0000000000,0.0000000000
0.740200,0.000000,0.0000000000,0.0000000000
0.740200,0.010101,0.0294928563,0.0294926967
0.740200,0.020202,0.0589560157,0.0589556968
0.740200,0.030303,0.0883598115,0.0883593335
0.740200,0.040404,0.1176746364,0.1176739998
0.740200,0.050505,0.1468709729,0.1468701784
0.740200,0.060606,0.1759194228,0.1759184712
0.740200,0.070707,0.2047907367,0.2047896290
0.740200,0.080808,0.2334558438,0.2334545809
0.740200,0.090909,0.2618858806,0.2618844639
0.740200,0.101010,0.2900522205,0.2900506515
0.740200,0.111111,0.3179265024,0.3179247826
0.740200,0.121212,0.3454806593,0.3454787904
0.740200,0.131313,0.3726869464,0.3726849304
0.740200,0.141414,0.3995179694,0.3995158082
0.740200,0.151515,0.4259467116,0.4259444075
0.740200,0.161616,0.4519465616,0.4519441169
0.740200,0.171717,0.4774913398,0.4774887568
0.740200,0.181818,0.5025553246,0.5025526061
0.740200,0.191919,0.5271132788,0.5271104275
0.740200,0.202020,0.5511404747,0.5511374933
0.740200,0.212121,0.5746127187,0.5746096104
0.740200,0.222222,0.5975063765,0.5975031444
0.740200,0.232323,0.6197983960,0.6197950433
0.740200,0.242424,0.6414663311,0.6414628612
0.740200,0.252525,0.6624883640,0.6624847803
0.740200,0.262626,0.6828433272,0.6828396334
0.740200,0.272727,0.7025107251,0.7025069249
0.740200,0.282828,0.7214707542,0.7214668515
0.740200,0.292929,0.7397043234,0.7397003221
0.740200,0.303030,0.7571930731,0.7571889771
0.740200,0.313131,0.7739193935,0.7739152071
0.740200,0.323232,0.7898664427,0.7898621700
0.740200,0.333333,0.8050181634,0.8050138087
0.740200,0.343434,0.8193592990,0.8193548668
0.740200,0.353535,0.8328754092,0.8328709039
0.740200,0.363636,0.8455528845,0.8455483106
0.740200,0.373737,0.8573789598,0.8573743219
0.740200,0.383838,0.8683417271,0.8683370299
0.740200,0.393939,0.8784301478,0.8784253961
0.740200,0.404040,0.8876340639,0.8876292624
0.740200,0.414141,0.8959442077,0.8959393612
0.740200,0.424242,0.9033522117,0.9033473251
0.740200,0.434343,0.9098506165,0.9098456948
0.740200,0.444444,0.9154328789,0.9154279270
0.740200,0.454545,0.9200933780,0.9200884009
0.740200,0.464646,0.9238274211,0.9238224237
0.740200,0.474747,0.9266312482,0.9266262357
0.740200,0.484848,0.9285020362,0.9284970136
0.740200,0.494949,0.9294379014,0.9294328737
0.740200,0.505051,0.9294379014,0.9294328737
0.740200,0.515152,0.9285020362,0.9284970136
0.740200,0.525253,0.9266312482,0.9266262357
0.740200,0.535354,0.9238274211,0.9238224237
0.740200,0.545455,0.9200933780,0.9200884009
0.740200,0.555556,0.9154328789,0.9154279270
0.740200,0.565657,0.9098506165,0.9098456948
0.740200,0.575758,0.9033522117,0.9033473251
0.740200,0.585859,0.8959442077,0.8959393612
0.740200,0.595960,0.8876340639,0.8876292624
0.740200,0.606061,0.8784301478,0.8784253961
0.740200,0.616162,0.8683417271,0.8683370299
0.740200,0.626263,0.8573789598,0.8573743219
0.740200,0.636364,0.8455528845,0.8455483106
0.740200,0.646465,0.8328754092,0.8328709039
0.740200,0.656566,0.8193592990,0.8193548668
0.740200,0.666667,0.8050181634,0.8050138087
0.740200,0.676768,0.7898664427,0.7898621700
0.740200,0.686869,0.7739193935,0.7739152071
0.740200,0.696970,0.7571930731,0.7571889771
0.740200,0.707071,0.7397043234,0.7397003221
0.740200,0.717172,0.7214707542,0.7214668515
0.740200,0.727273,0.7025107251,0.7025069249
0.740200,0.737374,0.6828433272,0.6828396334
0.740200,0.747475,0.6624883640,0.6624847803
0.740200,0.757576,0.6414663311,0.6414628612
0.740200,0.767677,0.6197983960,0.6197950433
0.740200,0.777778,0.5975063765,0.5975031444
0.740200,0.787879,0.5746127187,0.5746096104
0.740200,0.797980,0.5511404747,0.5511374933
0.740200,0.808081,0.5271132788,0.5271104275
0.740200,0.818182,0.5025553246,0.5025526061
0.740200,0.828283,0.4774913398,0.4774887568
0.740200,0.838384,0.4519465616,0.4519441169
0.740200,0.848485,0.4259467116,0.4259444075
0.740200,0.858586,0.3995179694,0.3995158082
0.740200,0.868687,0.3726869464,0.3726849304
0.740200,0.878788,0.3454806593,0.3454787904
0.740200,0.888889,0.3179265024,0.3179247826
0.740200,0.898990,0.2900522205,0.2900506515
0.740200,0.909091,0.2618858806,0.2618844639
0.740200,0.919192,0.2334558438,0.2334545809
0.740200,0.929293,0.2047907367,0.2047896290
0.740200,0.939394,0.1759194228,0.1759184712
0.740200,0.949495,0.1468709729,0.1468701784
0.740200,0.959596,0.1176746364,0.1176739998
0.740200,0.969697,0.0883598115,0.0883593335
0.740200,0.979798,0.0589560157,0.0589556968
0.740200,0.989899,0.0294928563,0.0294926967
0.740200,1.000000,0.0000000000,0.0000000000
0.750200,0.000000,0.0000000000,0.0000000000
0.750200,0.010101,0.0294637645,0.0294636030
0.750200,0.020202,0.0588978615,0.0588975386
0.750200,0.030303,0.0882726533,0.0882721693
0.750200,0.040404,0.1175585620,0.1175579175
0.750200,0.050505,0.1467260993,0.1467252949
0.750200,0.060606,0.1757458958,0.1757449323
0.750200,0.070707,0.2045887310,0.2045876094
0.750200,0.080808,0.2332255628,0.2332242842
0.750200,0.090909,0.2616275562,0.2616261218
0.750200,0.101010,0.2897661128,0.2897645242
0.750200,0.111111,0.3176128995,0.3176111582
0.750200,0.121212,0.3451398770,0.3451379848
0.750200,0.131313,0.3723193278,0.3723172866
0.750200,0.141414,0.3991238847,0.3991216965
0.750200,0.151515,0.4255265576,0.4255242246
0.750200,0.161616,0.4515007613,0.4514982860
0.750200,0.171717,0.4770203421,0.4770177268
0.750200,0.181818,0.5020596038,0.5020568512
0.750200,0.191919,0.5265933340,0.5265904470
0.750200,0.202020,0.5505968294,0.5505938108
0.750200,0.212121,0.5740459204,0.5740427733
0.750200,0.222222,0.5969169959,0.5969137233
0.750200,0.232323,0.6191870266,0.6191836319
0.750200,0.242424,0.6408335884,0.6408300750
0.750200,0.252525,0.6618348851,0.6618312566
0.750200,0.262626,0.6821697701,0.6821660302
0.750200,0.272727,0.7018177681,0.7018139204
0.750200,0.282828,0.7207590950,0.7207551435
0.750200,0.292929,0.7389746787,0.7389706273
0.750200,0.303030,0.7564461774,0.7564420302
0.750200,0.313131,0.7731559990,0.7731517602
0.750200,0.323232,0.7890873180,0.7890829919
0.750200,0.333333,0.8042240930,0.8042196839
0.750200,0.343434,0.8185510825,0.8185465949
0.750200,0.353535,0.8320538605,0.8320492988
0.750200,0.363636,0.8447188307,0.8447141996
0.750200,0.373737,0.8565332407,0.8565285448
0.750200,0.383838,0.8674851943,0.8674804384
0.750200,0.393939,0.8775636639,0.8775588527
0.750200,0.404040,0.8867585012,0.8867536396
0.750200,0.414141,0.8950604479,0.8950555408
0.750200,0.424242,0.9024611446,0.9024561969
0.750200,0.434343,0.9089531394,0.9089481561
0.750200,0.444444,0.9145298954,0.9145248816
0.750200,0.454545,0.9191857974,0.9191807580
0.750200,0.464646,0.9229161572,0.9229110973
0.750200,0.474747,0.9257172187,0.9257121434
0.750200,0.484848,0.9275861613,0.9275810759
0.750200,0.494949,0.9285211034,0.9285160128
0.750200,0.505051,0.9285211034,0.9285160128
0.750200,0.515152,0.9275861613,0.9275810759
0.750200,0.525253,0.9257172187,0.9257121434
0.750200,0.535354,0.9229161572,0.9229110973
0.750200,0.545455,0.9191857974,0.9191807580
0.750200,0.555556,0.9145298954,0.9145248816
0.750200,0.565657,0.9089531394,0.9089481561
0.750200,0.575758,0.9024611446,0.9024561969
0.750200,0.585859,0.8950604479,0.8950555408
0.750200,0.595960,0.8867585012,0.8867536396
0.750200,0.606061,0.8775636639,0.8775588527
0.750200,0.616162,0.8674851943,0.8674804384
0.750200,0.626263,0.8565332407,0.8565285448
0.750200,0.636364,0.8447188307,0.8447141996
0.750200,0.646465,0.8320538605,0.8320492988
0.750200,0.656566,0.8185510825,0.8185465949
0.750200,0.666667,0.8042240930,0.8042196839
0.750200,0.676768,0.7890873180,0.7890829919
0.750200,0.686869,0.7731559990,0.7731517602
0.750200,0.696970,0.7564461774,0.7564420302
0.750200,0.707071,0.7389746787,0.7389706273
0.750200,0.717172,0.7207590950,0.7207551435
0.750200,0.727273,0.7018177681,0.7018139204
0.750200,0.737374,0.6821697701,0.6821660302
0.750200,0.747475,0.6618348851,0.6618312566
0.750200,0.757576,0.6408335884,0.6408300750
0.750200,0.767677,0.6191870266,0.6191836319
0.750200,0.777778,0.5969169959,0.5969137233
0.750200,0.787879,0.5740459204,0.5740427733
0.750200,0.797980,0.5505968294,0.5505938108
0.750200,0.808081,0.5265933340,0.5265904470
0.750200,0.818182,0.5020596038,0.5020568512
0.750200,0.828283,0.4770203421,0.4770177268
0.750200,0.838384,0.4515007613,0.4514982860
0.750200,0.848485,0.4255265576,0.4255242246
0.750200,0.858586,0.3991238847,0.3991216965
0.750200,0.868687,0.3723193278,0.3723172866
0.750200,0.878788,0.3451398770,0.3451379848
0.750200,0.888889,0.3176128995,0.3176111582
0.750200,0.898990,0.2897661128,0.2897645242
0.750200,0.909091,0.2616275562,0.2616261218
0.750200,0.919192,0.2332255628,0.2332242842
0.750200,0.929293,0.2045887310,0.2045876094
0.750200,0.939394,0.1757458958,0.1757449323
0.750200,0.949495,0.1467260993,0.1467252949
0.750200,0.959596,0.1175585620,0.1175579175
0.750200,0.969697,0.0882726533,0.0882721693
0.750200,0.979798,0.0588978615,0.0588975386
0.750200,0.989899,0.0294637645,0.0294636030
0.750200,1.000000,0.0000000000,0.0000000000
0.760200,0.000000,0.0000000000,0.0000000000
0.760200,0.010101,0.0294347014,0.0294345379
0.760200,0.020202,0.0588397646,0.0588394377
0.760200,0.030303,0.0881855811,0.0881850912
0.760200,0.040404,0.1174426022,0.1174419498
0.760200,0.050505,0.1465813686,0.1465805542
0.760200,0.060606,0.1755725399,0.1755715645
0.760200,0.070707,0.2043869246,0.2043857891
0.760200,0.080808,0.2329955090,0.2329942146
0.760200,0.090909,0.2613694866,0.2613680346
0.760200,0.101010,0.2894802874,0.2894786792
0.760200,0.111111,0.3172996060,0.3172978432
0.760200,0.121212,0.3447994308,0.3447975153
0.760200,0.131313,0.3719520718,0.3719500054
0.760200,0.141414,0.3987301886,0.3987279735
0.760200,0.151515,0.4251068179,0.4251044562
0.760200,0.161616,0.4510554007,0.4510528949
0.760200,0.171717,0.4765498089,0.4765471614
0.760200,0.181818,0.5015643719,0.5015615854
0.760200,0.191919,0.5260739020,0.5260709794
0.760200,0.202020,0.5500537204,0.5500506645
0.760200,0.212121,0.5734796812,0.5734764952
0.760200,0.222222,0.5963281967,0.5963248837
0.760200,0.232323,0.6185762601,0.6185728236
0.760200,0.242424,0.6402014698,0.6401979131
0.760200,0.252525,0.6611820508,0.6611783776
0.760200,0.262626,0.6814968775,0.6814930914
0.760200,0.272727,0.7011254947,0.7011215995
0.760200,0.282828,0.7200481379,0.7200441376
0.760200,0.292929,0.7382457536,0.7382416523
0.760200,0.303030,0.7557000185,0.7556958202
0.760200,0.313131,0.7723933575,0.7723890664
0.760200,0.323232,0.7883089619,0.7883045824
0.760200,0.333333,0.8034308059,0.8034263425
0.760200,0.343434,0.8177436633,0.8177391203
0.760200,0.353535,0.8312331221,0.8312285041
0.760200,0.363636,0.8438855996,0.8438809114
0.760200,0.373737,0.8556883558,0.8556836020
0.760200,0.383838,0.8666295064,0.8666246918
0.760200,0.393939,0.8766980346,0.8766931641
0.760200,0.404040,0.8858838021,0.8858788806
0.760200,0.414141,0.8941775598,0.8941725921
0.760200,0.424242,0.9015709564,0.9015659477
0.760200,0.434343,0.9080565475,0.9080515028
0.760200,0.444444,0.9136278027,0.9136227270
0.760200,0.454545,0.9182791120,0.9182740105
0.760200,0.464646,0.9220057922,0.9220006700
0.760200,0.474747,0.9248040907,0.9247989529
0.760200,0.484848,0.9266711898,0.9266660417
0.760200,0.494949,0.9276052097,0.9276000563
0.760200,0.505051,0.9276052097,0.9276000563
0.760200,0.515152,0.9266711898,0.9266660417
0.760200,0.525253,0.9248040907,0.9247989529
0.760200,0.535354,0.9220057922,0.9220006700
0.760200,0.545455,0.9182791120,0.9182740105
0.760200,0.555556,0.9136278027,0.9136227270
0.760200,0.565657,0.9080565475,0.9080515028
0.760200,0.575758,0.9015709564,0.9015659477
0.760200,0.585859,0.8941775598,0.8941725921
0.760200,0.595960,0.8858838021,0.8858788806
0.760200,0.606061,0.8766980346,0.8766931641
0.760200,0.616162,0.8666295064,0.8666246918
0.760200,0.626263,0.8556883558,0.8556836020
0.760200,0.636364,0.8438855996,0.8438809114
0.760200,0.646465,0.8312331221,0.8312285041
0.760200,0.656566,0.8177436633,0.8177391203
0.760200,0.666667,0.8034308059,0.8034263425
0.760200,0.676768,0.7883089619,0.7883045824
0.760200,0.686869,0.7723933575,0.7723890664
0.760200,0.696970,0.7557000185,0.7556958202
0.760200,0.707071,0.7382457536,0.7382416523
0.760200,0.717172,0.7200481379,0.7200441376
0.760200,0.727273,0.7011254947,0.7011215995
0.760200,0.737374,0.6814968775,0.6814930914
0.760200,0.747475,0.6611820508,0.6611783776
0.760200,0.757576,0.6402014698,0.6401979131
0.760200,0.767677,0.6185762601,0.6185728236
0.760200,0.777778,0.5963281967,0.5963248837
0.760200,0.787879,0.5734796812,0.5734764952
0.760200,0.797980,0.5500537204,0.5500506645
0.760200,0.808081,0.5260739020,0.5260709794
0.760200,0.818182,0.5015643719,0.5015615854
0.760200,0.828283,0.4765498089,0.4765471614
0.760200,0.838384,0.4510554007,0.4510528949
0.760200,0.848485,0.4251068179,0.4251044562
0.760200,0.858586,0.3987301886,0.3987279735
0.760200,0.868687,0.3719520718,0.3719500054
0.760200,0.878788,0.3447994308,0.3447975153
0.760200,0.888889,0.3172996060,0.3172978432
0.760200,0.898990,0.2894802874,0.2894786792
0.760200,0.909091,0.2613694866,0.2613680346
0.760200,0.919192,0.2329955090,0.2329942146
0.760200,0.929293,0.2043869246,0.2043857891
0.760200,0.939394,0.1755725399,0.1755715645
0.760200,0.949495,0.1465813686,0.1465805542
0.760200,0.959596,0.1174426022,0.1174419498
0.760200,0.969697,0.0881855811,0.0881850912
0.760200,0.979798,0.0588397646,0.0588394377
0.760200,0.989899,0.0294347014,0.0294345379
0.760200,1.000000,0.0000000000,0.0000000000
0.770200,0.000000,0.0000000000,0.0000000000
0.770200,0.010101,0.0294056670,0.0294055015
0.770200,0.020202,0.0587817250,0.0587813942
0.770200,0.030303,0.0880985948,0.0880980989
0.770200,0.040404,0.1173267568,0.1173260964
0.770200,0.050505,0.1464367806,0.1464359564
0.770200,0.060606,0.1753993551,0.1753983678
0.770200,0.070707,0.2041853172,0.2041841680
0.770200,0.080808,0.2327656821,0.2327643719
0.770200,0.090909,0.2611116716,0.2611102019
0.770200,0.101010,0.2891947439,0.2891931161
0.770200,0.111111,0.3169866215,0.3169848373
0.770200,0.121212,0.3444593205,0.3444573816
0.770200,0.131313,0.3715851781,0.3715830866
0.770200,0.141414,0.3983368810,0.3983346389
0.770200,0.151515,0.4246874923,0.4246851019
0.770200,0.161616,0.4506104794,0.4506079431
0.770200,0.171717,0.4760797399,0.4760770603
0.770200,0.181818,0.5010696285,0.5010668082
0.770200,0.191919,0.5255549825,0.5255520243
0.770200,0.202020,0.5495111471,0.5495080541
0.770200,0.212121,0.5729140006,0.5729107758
0.770200,0.222222,0.5957399782,0.5957366250
0.770200,0.232323,0.6179660962,0.6179626179
0.770200,0.242424,0.6395699747,0.6395663748
0.770200,0.252525,0.6605298604,0.6605261426
0.770200,0.262626,0.6808246486,0.6808208165
0.770200,0.272727,0.7004339041,0.7004299616
0.770200,0.282828,0.7193378820,0.7193338331
0.770200,0.292929,0.7375175476,0.7375133964
0.770200,0.303030,0.7549545956,0.7549503462
0.770200,0.313131,0.7716314683,0.7716271251
0.770200,0.323232,0.7875313735,0.7875269408
0.770200,0.333333,0.8026383014,0.8026337836
0.770200,0.343434,0.8169370405,0.8169324423
0.770200,0.353535,0.8304131933,0.8304085192
0.770200,0.363636,0.8430531904,0.8430484452
0.770200,0.373737,0.8548443044,0.8548394928
0.770200,0.383838,0.8657746626,0.8657697895
0.770200,0.393939,0.8758332592,0.8758283294
0.770200,0.404040,0.8850099659,0.8850049845
0.770200,0.414141,0.8932955425,0.8932905145
0.770200,0.424242,0.9006816463,0.9006765767
0.770200,0.434343,0.9071608400,0.9071557340
0.770200,0.444444,0.9127265997,0.9127214623
0.770200,0.454545,0.9173733210,0.9173681575
0.770200,0.464646,0.9210963252,0.9210911407
0.770200,0.474747,0.9238918634,0.9238866632
0.770200,0.484848,0.9257571209,0.9257519101
0.770200,0.494949,0.9266902194,0.9266850034
0.770200,0.505051,0.9266902194,0.9266850034
0.770200,0.515152,0.9257571209,0.9257519101
0.770200,0.525253,0.9238918634,0.9238866632
0.770200,0.535354,0.9210963252,0.9210911407
0.770200,0.545455,0.9173733210,0.9173681575
0.770200,0.555556,0.9127265997,0.9127214623
0.770200,0.565657,0.9071608400,0.9071557340
0.770200,0.575758,0.9006816463,0.9006765767
0.770200,0.585859,0.8932955425,0.8932905145
0.770200,0.595960,0.8850099659,0.8850049845
0.770200,0.606061,0.8758332592,0.8758283294
0.770200,0.616162,0.8657746626,0.8657697895
0.770200,0.626263,0.8548443044,0.8548394928
0.770200,0.636364,0.8430531904,0.8430484452
0.770200,0.646465,0.8304131933,0.8304085192
0.770200,0.656566,0.8169370405,0.8169324423
0.770200,0.666667,0.8026383014,0.8026337836
0.770200,0.676768,0.7875313735,0.7875269408
0.770200,0.686869,0.7716314683,0.7716271251
0.770200,0.696970,0.7549545956,0.7549503462
0.770200,0.707071,0.7375175476,0.7375133964
0.770200,0.717172,0.7193378820,0.7193338331
0.770200,0.727273,0.7004339041,0.7004299616
0.770200,0.737374,0.6808246486,0.6808208165
0.770200,0.747475,0.6605298604,0.6605261426
0.770200,0.757576,0.6395699747,0.6395663748
0.770200,0.767677,0.6179660962,0.6179626179
0.770200,0.777778,0.5957399782,0.5957366250
0.770200,0.787879,0.5729140006,0.5729107758
0.770200,0.797980,0.5495111471,0.5495080541
0.770200,0.808081,0.5255549825,0.5255520243
0.770200,0.818182,0.5010696285,0.5010668082
0.770200,0.828283,0.4760797399,0.4760770603
0.770200,0.838384,0.4506104794,0.4506079431
0.770200,0.848485,0.4246874923,0.4246851019
0.770200,0.858586,0.3983368810,0.3983346389
0.770200,0.868687,0.3715851781,0.3715830866
0.770200,0.878788,0.3444593205,0.3444573816
0.770200,0.888889,0.3169866215,0.3169848373
0.770200,0.898990,0.2891947439,0.2891931161
0.770200,0.909091,0.2611116716,0.2611102019
0.770200,0.919192,0.2327656821,0.2327643719
0.770200,0.929293,0.2041853172,0.2041841680
0.770200,0.939394,0.1753993551,0.1753983678
0.770200,0.949495,0.1464367806,0.1464359564
0.770200,0.959596,0.1173267568,0.1173260964
0.770200,0.969697,0.0880985948,0.0880980989
0.770200,0.979798,0.0587817250,0.0587813942
0.770200,0.989899,0.0294056670,0.0294055015
0.770200,1.000000,0.0000000000,0.0000000000
0.780200,0.000000,0.0000000000,0.0000000000
0.780200,0.010101,0.0293766612,0.0293764938
0.780200,0.020202,0.0587237427,0.0587234079
0.780200,0.030303,0.0880116943,0.0880111925
0.780200,0.040404,0.1172110256,0.1172103573
0.780200,0.050505,0.1462923353,0.1462915012
0.780200,0.060606,0.1752263411,0.1752253420
0.780200,0.070707,0.2039839087,0.2039827457
0.780200,0.080808,0.2325360819,0.2325347560
0.780200,0.090909,0.2608541109,0.2608526236
0.780200,0.101010,0.2889094820,0.2889078347
0.780200,0.111111,0.3166739457,0.3166721401
0.780200,0.121212,0.3441195456,0.3441175835
0.780200,0.131313,0.3712186463,0.3712165297
0.780200,0.141414,0.3979439612,0.3979416923
0.780200,0.151515,0.4242685804,0.4242661613
0.780200,0.161616,0.4501659970,0.4501634303
0.780200,0.171717,0.4756101346,0.4756074228
0.780200,0.181818,0.5005753732,0.5005725190
0.780200,0.191919,0.5250365747,0.5250335811
0.780200,0.202020,0.5489691090,0.5489659789
0.780200,0.212121,0.5723488779,0.5723456145
0.780200,0.222222,0.5951523400,0.5951489466
0.780200,0.232323,0.6173565341,0.6173530141
0.780200,0.242424,0.6389391025,0.6389354595
0.780200,0.252525,0.6598783134,0.6598745510
0.780200,0.262626,0.6801530828,0.6801492048
0.780200,0.272727,0.6997429957,0.6997390060
0.780200,0.282828,0.7186283267,0.7186242293
0.780200,0.292929,0.7367900599,0.7367858589
0.780200,0.303030,0.7542099080,0.7542056077
0.780200,0.313131,0.7708703306,0.7708659353
0.780200,0.323232,0.7867545521,0.7867500663
0.780200,0.333333,0.8018465785,0.8018420066
0.780200,0.343434,0.8161312134,0.8161265600
0.780200,0.353535,0.8295940733,0.8295893432
0.780200,0.363636,0.8422216023,0.8422168002
0.780200,0.373737,0.8540010855,0.8539962162
0.780200,0.383838,0.8649206620,0.8649157305
0.780200,0.393939,0.8749693368,0.8749643479
0.780200,0.404040,0.8841369915,0.8841319505
0.780200,0.414141,0.8924143953,0.8924093070
0.780200,0.424242,0.8997932135,0.8997880831
0.780200,0.434343,0.9062660161,0.9062608488
0.780200,0.444444,0.9118262857,0.9118210867
0.780200,0.454545,0.9164684235,0.9164631980
0.780200,0.464646,0.9201877553,0.9201825086
0.780200,0.474747,0.9229805360,0.9229752734
0.780200,0.484848,0.9248439535,0.9248386804
0.780200,0.494949,0.9257761316,0.9257708531
0.780200,0.505051,0.9257761316,0.9257708531
0.780200,0.515152,0.9248439535,0.9248386804
0.780200,0.525253,0.9229805360,0.9229752734
0.780200,0.535354,0.9201877553,0.9201825086
0.780200,0.545455,0.9164684235,0.9164631980
0.780200,0.555556,0.9118262857,0.9118210867
0.780200,0.565657,0.9062660161,0.9062608488
0.780200,0.575758,0.8997932135,0.8997880831
0.780200,0.585859,0.8924143953,0.8924093070
0.780200,0.595960,0.8841369915,0.8841319505
0.780200,0.606061,0.8749693368,0.8749643479
0.780200,0.616162,0.8649206620,0.8649157305
0.780200,0.626263,0.8540010855,0.8539962162
0.780200,0.636364,0.8422216023,0.8422168002
0.780200,0.646465,0.8295940733,0.8295893432
0.780200,0.656566,0.8161312134,0.8161265600
0.780200,0.666667,0.8018465785,0.8018420066
0.780200,0.676768,0.7867545521,0.7867500663
0.780200,0.686869,0.7708703306,0.7708659353
0.780200,0.696970,0.7542099080,0.7542056077
0.780200,0.707071,0.7367900599,0.7367858589
0.780200,0.717172,0.7186283267,0.7186242293
0.780200,0.727273,0.6997429957,0.6997390060
0.780200,0.737374,0.6801530828,0.6801492048
0.780200,0.747475,0.6598783134,0.6598745510
0.780200,0.757576,0.6389391025,0.6389354595
0.780200,0.767677,0.6173565341,0.6173530141
0.780200,0.777778,0.5951523400,0.5951489466
0.780200,0.787879,0.5723488779,0.5723456145
0.780200,0.797980,0.5489691090,0.5489659789
0.780200,0.808081,0.5250365747,0.5250335811
0.780200,0.818182,0.5005753732,0.5005725190
0.780200,0.828283,0.4756101346,0.4756074228
0.780200,0.838384,0.4501659970,0.4501634303
0.780200,0.848485,0.4242685804,0.4242661613
0.780200,0.858586,0.3979439612,0.3979416923
0.780200,0.868687,0.3712186463,0.3712165297
0.780200,0.878788,0.3441195456,0.3441175835
0.780200,0.888889,0.3166739457,0.3166721401
0.780200,0.898990,0.2889094820,0.2889078347
0.780200,0.909091,0.2608541109,0.2608526236
0.780200,0.919192,0.2325360819,0.2325347560
0.780200,0.929293,0.2039839087,0.2039827457
0.780200,0.939394,0.1752263411,0.1752253420
0.780200,0.949495,0.1462923353,0.1462915012
0.780200,0.959596,0.1172110256,0.1172103573
0.780200,0.969697,0.0880116943,0.0880111925
0.780200,0.979798,0.0587237427,0.0587234079
0.780200,0.989899,0.0293766612,0.0293764938
0.780200,1.000000,0.0000000000,0.0000000000
0.790200,0.000000,0.0000000000,0.0000000000
0.790200,0.010101,0.0293476841,0.0293475146
0.790200,0.020202,0.0586658176,0.0586654788
0.790200,0.030303,0.0879248795,0.0879243718
0.790200,0.040404,0.1170954086,0.1170947324
0.790200,0.050505,0.1461480325,0.1461471885
0.790200,0.060606,0.1750534977,0.1750524868
0.790200,0.070707,0.2037826989,0.2037815221
0.790200,0.080808,0.2323067082,0.2323053667
0.790200,0.090909,0.2605968043,0.2605952994
0.790200,0.101010,0.2886245015,0.2886228348
0.790200,0.111111,0.3163615784,0.3163597514
0.790200,0.121212,0.3437801059,0.3437781206
0.790200,0.131313,0.3708524760,0.3708503344
0.790200,0.141414,0.3975514291,0.3975491333
0.790200,0.151515,0.4238500816,0.4238476340
0.790200,0.161616,0.4497219530,0.4497193560
0.790200,0.171717,0.4751409925,0.4751382487
0.790200,0.181818,0.5000816053,0.5000787175
0.790200,0.191919,0.5245186784,0.5245156494
0.790200,0.202020,0.5484276056,0.5484244385
0.790200,0.212121,0.5717843126,0.5717810107
0.790200,0.222222,0.5945652814,0.5945618479
0.790200,0.232323,0.6167475733,0.6167440117
0.790200,0.242424,0.6383088526,0.6383051665
0.790200,0.252525,0.6592274091,0.6592236022
0.790200,0.262626,0.6794821794,0.6794782556
0.790200,0.272727,0.6990527688,0.6990487320
0.790200,0.282828,0.7179194713,0.7179153255
0.790200,0.292929,0.7360632898,0.7360590392
0.790200,0.303030,0.7534659549,0.7534616038
0.790200,0.313131,0.7701099437,0.7701054964
0.790200,0.323232,0.7859784970,0.7859739581
0.790200,0.333333,0.8010556366,0.8010510107
0.790200,0.343434,0.8153261811,0.8153214727
0.790200,0.353535,0.8287757612,0.8287709752
0.790200,0.363636,0.8413908344,0.8413859756
0.790200,0.373737,0.8531586984,0.8531537715
0.790200,0.383838,0.8640675038,0.8640625140
0.790200,0.393939,0.8741062665,0.8741012188
0.790200,0.404040,0.8832648783,0.8832597777
0.790200,0.414141,0.8915341173,0.8915289689
0.790200,0.424242,0.8989056569,0.8989004660
0.790200,0.434343,0.9053720748,0.9053668465
0.790200,0.444444,0.9109268597,0.9109215993
0.790200,0.454545,0.9155644185,0.9155591313
0.790200,0.464646,0.9192800816,0.9192747729
0.790200,0.474747,0.9220701075,0.9220647827
0.790200,0.484848,0.9239316870,0.9239263515
0.790200,0.494949,0.9248629455,0.9248576047
0.790200,0.505051,0.9248629455,0.9248576047
0.790200,0.515152,0.9239316870,0.9239263515
0.790200,0.525253,0.9220701075,0.9220647827
0.790200,0.535354,0.9192800816,0.9192747729
0.790200,0.545455,0.9155644185,0.9155591313
0.790200,0.555556,0.9109268597,0.9109215993
0.790200,0.565657,0.9053720748,0.9053668465
0.790200,0.575758,0.8989056569,0.8989004660
0.790200,0.585859,0.8915341173,0.8915289689
0.790200,0.595960,0.8832648783,0.8832597777
0.790200,0.606061,0.8741062665,0.8741012188
0.790200,0.616162,0.8640675038,0.8640625140
0.790200,0.626263,0.8531586984,0.8531537715
0.790200,0.636364,0.8413908344,0.8413859756
0.790200,0.646465,0.8287757612,0.8287709752
0.790200,0.656566,0.8153261811,0.8153214727
0.790200,0.666667,0.8010556366,0.8010510107
0.790200,0.676768,0.7859784970,0.7859739581
0.790200,0.686869,0.7701099437,0.7701054964
0.790200,0.696970,0.7534659549,0.7534616038
0.790200,0.707071,0.7360632898,0.7360590392
0.790200,0.717172,0.7179194713,0.7179153255
0.790200,0.727273,0.6990527688,0.6990487320
0.790200,0.737374,0.6794821794,0.6794782556
0.790200,0.747475,0.6592274091,0.6592236022
0.790200,0.757576,0.6383088526,0.6383051665
0.790200,0.767677,0.6167475733,0.6167440117
0.790200,0.777778,0.5945652814,0.5945618479
0.790200,0.787879,0.5717843126,0.5717810107
0.790200,0.797980,0.5484276056,0.5484244385
0.790200,0.808081,0.5245186784,0.5245156494
0.790200,0.818182,0.5000816053,0.5000787175
0.790200,0.828283,0.4751409925,0.4751382487
0.790200,0.838384,0.4497219530,0.4497193560
0.790200,0.848485,0.4238500816,0.4238476340
0.790200,0.858586,0.3975514291,0.3975491333
0.790200,0.868687,0.3708524760,0.3708503344
0.790200,0.878788,0.3437801059,0.3437781206
0.790200,0.888889,0.3163615784,0.3163597514
0.790200,0.898990,0.2886245015,0.2886228348
0.790200,0.909091,0.2605968043,0.2605952994
0.790200,0.919192,0.2323067082,0.2323053667
0.790200,0.929293,0.2037826989,0.2037815221
0.790200,0.939394,0.1750534977,0.1750524868
0.790200,0.949495,0.1461480325,0.1461471885
0.790200,0.959596,0.1170954086,0.1170947324
0.790200,0.969697,0.0879248795,0.0879243718
0.790200,0.979798,0.0586658176,0.0586654788
0.790200,0.989899,0.0293476841,0.0293475146
0.790200,1.000000,0.0000000000,0.0000000000
0.800200,0.000000,0.0000000000,0.0000000000
0.800200,0.010101,0.0293187355,0.0293185641
0.800200,0.020202,0.0586079496,0.0586076068
0.800200,0.030303,0.0878381504,0.0878376367
0.800200,0.040404,0.1169799056,0.1169792215
0.800200,0.050505,0.1460038720,0.1460030182
0.800200,0.060606,0.1748808248,0.1748798022
0.800200,0.070707,0.2035816875,0.2035804970
0.800200,0.080808,0.2320775607,0.2320762036
0.800200,0.090909,0.2603397515,0.2603382290
0.800200,0.101010,0.2883398022,0.2883381160
0.800200,0.111111,0.3160495191,0.3160476709
0.800200,0.121212,0.3434410010,0.3434389926
0.800200,0.131313,0.3704866669,0.3704845004
0.800200,0.141414,0.3971592842,0.3971569616
0.800200,0.151515,0.4234319957,0.4234295195
0.800200,0.161616,0.4492783470,0.4492757197
0.800200,0.171717,0.4746723132,0.4746695374
0.800200,0.181818,0.4995883246,0.4995854031
0.800200,0.191919,0.5240012929,0.5239982286
0.800200,0.202020,0.5478866363,0.5478834323
0.800200,0.212121,0.5712203043,0.5712169639
0.800200,0.222222,0.5939788019,0.5939753283
0.800200,0.232323,0.6161392131,0.6161356100
0.800200,0.242424,0.6376792244,0.6376754954
0.800200,0.252525,0.6585771468,0.6585732956
0.800200,0.262626,0.6788119379,0.6788079683
0.800200,0.272727,0.6983632228,0.6983591389
0.800200,0.282828,0.7172113152,0.7172071210
0.800200,0.292929,0.7353372366,0.7353329364
0.800200,0.303030,0.7527227357,0.7527183338
0.800200,0.313131,0.7693503068,0.7693458077
0.800200,0.323232,0.7852032074,0.7851986156
0.800200,0.333333,0.8002654749,0.8002607950
0.800200,0.343434,0.8145219429,0.8145171797
0.800200,0.353535,0.8279582563,0.8279534146
0.800200,0.363636,0.8405608860,0.8405559705
0.800200,0.373737,0.8523171421,0.8523121579
0.800200,0.383838,0.8632151871,0.8632101392
0.800200,0.393939,0.8732440476,0.8732389410
0.800200,0.404040,0.8823936254,0.8823884653
0.800200,0.414141,0.8906547075,0.8906494991
0.800200,0.424242,0.8980189759,0.8980137244
0.800200,0.434343,0.9044790153,0.9044737260
0.800200,0.444444,0.9100283210,0.9100229993
0.800200,0.454545,0.9146613053,0.9146559565
0.800200,0.464646,0.9183733032,0.9183679327
0.800200,0.474747,0.9211605770,0.9211551902
0.800200,0.484848,0.9230203202,0.9230149225
0.800200,0.494949,0.9239506602,0.9239452571
0.800200,0.505051,0.9239506602,0.9239452571
0.800200,0.515152,0.9230203202,0.9230149225
0.800200,0.525253,0.9211605770,0.9211551902
0.800200,0.535354,0.9183733032,0.9183679327
0.800200,0.545455,0.9146613053,0.9146559565
0.800200,0.555556,0.9100283210,0.9100229993
0.800200,0.565657,0.9044790153,0.9044737260
0.800200,0.575758,0.8980189759,0.8980137244
0.800200,0.585859,0.8906547075,0.8906494991
0.800200,0.595960,0.8823936254,0.8823884653
0.800200,0.606061,0.8732440476,0.8732389410
0.800200,0.616162,0.8632151871,0.8632101392
0.800200,0.626263,0.8523171421,0.8523121579
0.800200,0.636364,0.8405608860,0.8405559705
0.800200,0.646465,0.8279582563,0.8279534146
0.800200,0.656566,0.8145219429,0.8145171797
0.800200,0.666667,0.8002654749,0.8002607950
0.800200,0.676768,0.7852032074,0.7851986156
0.800200,0.686869,0.7693503068,0.7693458077
0.800200,0.696970,0.7527227357,0.7527183338
0.800200,0.707071,0.7353372366,0.7353329364
0.800200,0.717172,0.7172113152,0.7172071210
0.800200,0.727273,0.6983632228,0.6983591389
0.800200,0.737374,0.6788119379,0.6788079683
0.800200,0.747475,0.6585771468,0.6585732956
0.800200,0.757576,0.6376792244,0.6376754954
0.800200,0.767677,0.6161392131,0.6161356100
0.800200,0.777778,0.5939788019,0.5939753283
0.800200,0.787879,0.5712203043,0.5712169639
0.800200,0.797980,0.5478866363,0.5478834323
0.800200,0.808081,0.5240012929,0.5239982286
0.800200,0.818182,0.4995883246,0.4995854031
0.800200,0.828283,0.4746723132,0.4746695374
0.800200,0.838384,0.4492783470,0.4492757197
0.800200,0.848485,0.4234319957,0.4234295195
0.800200,0.858586,0.3971592842,0.3971569616
0.800200,0.868687,0.3704866669,0.3704845004
0.800200,0.878788,0.3434410010,0.3434389926
0.800200,0.888889,0.3160495191,0.3160476709
0.800200,0.898990,0.2883398022,0.2883381160
0.800200,0.909091,0.2603397515,0.2603382290
0.800200,0.919192,0.2320775607,0.2320762036
0.800200,0.929293,0.2035816875,0.2035804970
0.800200,0.939394,0.1748808248,0.1748798022
0.800200,0.949495,0.1460038720,0.1460030182
0.800200,0.959596,0.1169799056,0.1169792215
0.800200,0.969697,0.0878381504,0.0878376367
0.800200,0.979798,0.0586079496,0.0586076068
0.800200,0.989899,0.0293187355,0.0293185641
0.800200,1.000000,0.0000000000,0.0000000000
0.810200,0.000000,0.0000000000,0.0000000000
0.810200,0.010101,0.0292898155,0.0292896421
0.810200,0.020202,0.0585501386,0.0585497920
0.810200,0.030303,0.0877515068,0.0877509872
0.810200,0.040404,0.1168645165,0.1168638246
0.810200,0.050505,0.1458598537,0.1458589900
0.810200,0.060606,0.1747083223,0.1747072879
0.810200,0.070707,0.2033808744,0.2033796702
0.810200,0.080808,0.2318486393,0.2318472665
0.810200,0.090909,0.2600829522,0.2600814123
0.810200,0.101010,0.2880553836,0.2880536781
0.810200,0.111111,0.3157377677,0.3157358982
0.810200,0.121212,0.3431022306,0.3431001991
0.810200,0.131313,0.3701212187,0.3701190272
0.810200,0.141414,0.3967675260,0.3967651768
0.810200,0.151515,0.4230143221,0.4230118175
0.810200,0.161616,0.4488351786,0.4488325211
0.810200,0.171717,0.4742040962,0.4742012884
0.810200,0.181818,0.4990955304,0.4990925753
0.810200,0.191919,0.5234844177,0.5234813182
0.810200,0.202020,0.5473462006,0.5473429598
0.810200,0.212121,0.5706568523,0.5706534734
0.810200,0.222222,0.5933929008,0.5933893874
0.810200,0.232323,0.6155314531,0.6155278085
0.810200,0.242424,0.6370502173,0.6370464454
0.810200,0.252525,0.6579275260,0.6579236304
0.810200,0.262626,0.6781423574,0.6781383421
0.810200,0.272727,0.6976743569,0.6976702260
0.810200,0.282828,0.7165038575,0.7164996152
0.810200,0.292929,0.7346118995,0.7346075499
0.810200,0.303030,0.7519802495,0.7519757971
0.810200,0.313131,0.7685914192,0.7685868684
0.810200,0.323232,0.7844286825,0.7844240379
0.810200,0.333333,0.7994760926,0.7994713589
0.810200,0.343434,0.8137184980,0.8137136800
0.810200,0.353535,0.8271415579,0.8271366604
0.810200,0.363636,0.8397317563,0.8397267843
0.810200,0.373737,0.8514764160,0.8514713745
0.810200,0.383838,0.8623637112,0.8623586052
0.810200,0.393939,0.8723826792,0.8723775139
0.810200,0.404040,0.8815232318,0.8815180124
0.810200,0.414141,0.8897761652,0.8897708969
0.810200,0.424242,0.8971331695,0.8971278576
0.810200,0.434343,0.9035868367,0.9035814866
0.810200,0.444444,0.9091306685,0.9091252856
0.810200,0.454545,0.9137590829,0.9137536726
0.810200,0.464646,0.9174674193,0.9174619870
0.810200,0.474747,0.9202519437,0.9202464950
0.810200,0.484848,0.9221098525,0.9221043927
0.810200,0.494949,0.9230392748,0.9230338095
0.810200,0.505051,0.9230392748,0.9230338095
0.810200,0.515152,0.9221098525,0.9221043927
0.810200,0.525253,0.9202519437,0.9202464950
0.810200,0.535354,0.9174674193,0.9174619870
0.810200,0.545455,0.9137590829,0.9137536726
0.810200,0.555556,0.9091306685,0.9091252856
0.810200,0.565657,0.9035868367,0.9035814866
0.810200,0.575758,0.8971331695,0.8971278576
0.810200,0.585859,0.8897761652,0.8897708969
0.810200,0.595960,0.8815232318,0.8815180124
0.810200,0.606061,0.8723826792,0.8723775139
0.810200,0.616162,0.8623637112,0.8623586052
0.810200,0.626263,0.8514764160,0.8514713745
0.810200,0.636364,0.8397317563,0.8397267843
0.810200,0.646465,0.8271415579,0.8271366604
0.810200,0.656566,0.8137184980,0.8137136800
0.810200,0.666667,0.7994760926,0.7994713589
0.810200,0.676768,0.7844286825,0.7844240379
0.810200,0.686869,0.7685914192,0.7685868684
0.810200,0.696970,0.7519802495,0.7519757971
0.810200,0.707071,0.7346118995,0.7346075499
0.810200,0.717172,0.7165038575,0.7164996152
0.810200,0.727273,0.6976743569,0.6976702260
0.810200,0.737374,0.6781423574,0.6781383421
0.810200,0.747475,0.6579275260,0.6579236304
0.810200,0.757576,0.6370502173,0.6370464454
0.810200,0.767677,0.6155314531,0.6155278085
0.810200,0.777778,0.5933929008,0.5933893874
0.810200,0.787879,0.5706568523,0.5706534734
0.810200,0.797980,0.5473462006,0.5473429598
0.810200,0.808081,0.5234844177,0.5234813182
0.810200,0.818182,0.4990955304,0.4990925753
0.810200,0.828283,0.4742040962,0.4742012884
0.810200,0.838384,0.4488351786,0.4488325211
0.810200,0.848485,0.4230143221,0.4230118175
0.810200,0.858586,0.3967675260,0.3967651768
0.810200,0.868687,0.3701212187,0.3701190272
0.810200,0.878788,0.3431022306,0.3431001991
0.810200,0.888889,0.3157377677,0.3157358982
0.810200,0.898990,0.2880553836,0.2880536781
0.810200,0.909091,0.2600829522,0.2600814123
0.810200,0.919192,0.2318486393,0.2318472665
0.810200,0.929293,0.2033808744,0.2033796702
0.810200,0.939394,0.1747083223,0.1747072879
0.810200,0.949495,0.1458598537,0.1458589900
0.810200,0.959596,0.1168645165,0.1168638246
0.810200,0.969697,0.0877515068,0.0877509872
0.810200,0.979798,0.0585501386,0.0585497920
0.810200,0.989899,0.0292898155,0.0292896421
0.810200,1.000000,0.0000000000,0.0000000000
0.820200,0.000000,0.0000000000,0.0000000000
0.820200,0.010101,0.0292609240,0.0292607486
0.820200,0.020202,0.0584923848,0.0584920342
0.820200,0.030303,0.0876649486,0.0876644232
0.820200,0.040404,0.1167492413,0.1167485415
0.820200,0.050505,0.1457159774,0.1457151040
0.820200,0.060606,0.1745359899,0.1745349437
0.820200,0.070707,0.2031802594,0.2031790416
0.820200,0.080808,0.2316199437,0.2316185553
0.820200,0.090909,0.2598264062,0.2598248488
0.820200,0.101010,0.2877712456,0.2877695207
0.820200,0.111111,0.3154263238,0.3154244331
0.820200,0.121212,0.3427637944,0.3427617399
0.820200,0.131313,0.3697561309,0.3697539146
0.820200,0.141414,0.3963761543,0.3963737784
0.820200,0.151515,0.4225970605,0.4225945275
0.820200,0.161616,0.4483924474,0.4483897597
0.820200,0.171717,0.4737363410,0.4737335014
0.820200,0.181818,0.4986032223,0.4986002336
0.820200,0.191919,0.5229680524,0.5229649177
0.820200,0.202020,0.5468062980,0.5468030204
0.820200,0.212121,0.5700939560,0.5700905389
0.820200,0.222222,0.5928075778,0.5928040245
0.820200,0.232323,0.6149242925,0.6149206066
0.820200,0.242424,0.6364218306,0.6364180159
0.820200,0.252525,0.6572785459,0.6572746062
0.820200,0.262626,0.6774734374,0.6774693766
0.820200,0.272727,0.6969861706,0.6969819928
0.820200,0.282828,0.7157970977,0.7157928072
0.820200,0.292929,0.7338872779,0.7338828790
0.820200,0.303030,0.7512384958,0.7512339929
0.820200,0.313131,0.7678332802,0.7678286778
0.820200,0.323232,0.7836549216,0.7836502244
0.820200,0.333333,0.7986874889,0.7986827016
0.820200,0.343434,0.8129158456,0.8129109730
0.820200,0.353535,0.8263256650,0.8263207120
0.820200,0.363636,0.8389034444,0.8388984160
0.820200,0.373737,0.8506365192,0.8506314205
0.820200,0.383838,0.8615130752,0.8615079112
0.820200,0.393939,0.8715221605,0.8715169365
0.820200,0.404040,0.8806536968,0.8806484182
0.820200,0.414141,0.8888984896,0.8888931615
0.820200,0.424242,0.8962482369,0.8962428647
0.820200,0.434343,0.9026955381,0.9026901274
0.820200,0.444444,0.9082339016,0.9082284576
0.820200,0.454545,0.9128577504,0.9128522787
0.820200,0.464646,0.9165624289,0.9165569350
0.820200,0.474747,0.9193442067,0.9193386961
0.820200,0.484848,0.9212002828,0.9211947611
0.820200,0.494949,0.9221287883,0.9221232611
0.820200,0.505051,0.9221287883,0.9221232611
0.820200,0.515152,0.9212002828,0.9211947611
0.820200,0.525253,0.9193442067,0.9193386961
0.820200,0.535354,0.9165624289,0.9165569350
0.820200,0.545455,0.9128577504,0.9128522787
0.820200,0.555556,0.9082339016,0.9082284576
0.820200,0.565657,0.9026955381,0.9026901274
0.820200,0.575758,0.8962482369,0.8962428647
0.820200,0.585859,0.8888984896,0.8888931615
0.820200,0.595960,0.8806536968,0.8806484182
0.820200,0.606061,0.8715221605,0.8715169365
0.820200,0.616162,0.8615130752,0.8615079112
0.820200,0.626263,0.8506365192,0.8506314205
0.820200,0.636364,0.8389034444,0.8388984160
0.820200,0.646465,0.8263256650,0.8263207120
0.820200,0.656566,0.8129158456,0.8129109730
0.820200,0.666667,0.7986874889,0.7986827016
0.820200,0.676768,0.7836549216,0.7836502244
0.820200,0.686869,0.7678332802,0.7678286778
0.820200,0.696970,0.7512384958,0.7512339929
0.820200,0.707071,0.7338872779,0.7338828790
0.820200,0.717172,0.7157970977,0.7157928072
0.820200,0.727273,0.6969861706,0.6969819928
0.820200,0.737374,0.6774734374,0.6774693766
0.820200,0.747475,0.6572785459,0.6572746062
0.820200,0.757576,0.6364218306,0.6364180159
0.820200,0.767677,0.6149242925,0.6149206066
0.820200,0.777778,0.5928075778,0.5928040245
0.820200,0.787879,0.5700939560,0.5700905389
0.820200,0.797980,0.5468062980,0.5468030204
0.820200,0.808081,0.5229680524,0.5229649177
0.820200,0.818182,0.4986032223,0.4986002336
0.820200,0.828283,0.4737363410,0.4737335014
0.820200,0.838384,0.4483924474,0.4483897597
0.820200,0.848485,0.4225970605,0.4225945275
0.820200,0.858586,0.3963761543,0.3963737784
0.820200,0.868687,0.3697561309,0.3697539146
0.820200,0.878788,0.3427637944,0.3427617399
0.820200,0.888889,0.3154263238,0.3154244331
0.820200,0.898990,0.2877712456,0.2877695207
0.820200,0.909091,0.2598264062,0.2598248488
0.820200,0.919192,0.2316199437,0.2316185553
0.820200,0.929293,0.2031802594,0.2031790416
0.820200,0.939394,0.1745359899,0.1745349437
0.820200,0.949495,0.1457159774,0.1457151040
0.820200,0.959596,0.1167492413,0.1167485415
0.820200,0.969697,0.0876649486,0.0876644232
0.820200,0.979798,0.0584923848,0.0584920342
0.820200,0.989899,0.0292609240,0.0292607486
0.820200,1.000000,0.0000000000,0.0000000000
0.830200,0.000000,0.0000000000,0.0000000000
0.830200,0.010101,0.0292320610,0.0292318837
0.830200,0.020202,0.0584346878,0.0584343333
0.830200,0.030303,0.0875784759,0.0875779445
0.830200,0.040404,0.1166340798,0.1166333722
0.830200,0.050505,0.1455722431,0.1455713599
0.830200,0.060606,0.1743638275,0.1743627696
0.830200,0.070707,0.2029798423,0.2029786108
0.830200,0.080808,0.2313914736,0.2313900697
0.830200,0.090909,0.2595701133,0.2595685385
0.830200,0.101010,0.2874873879,0.2874856437
0.830200,0.111111,0.3151151871,0.3151132753
0.830200,0.121212,0.3424256920,0.3424236145
0.830200,0.131313,0.3693914032,0.3693891621
0.830200,0.141414,0.3959851687,0.3959827662
0.830200,0.151515,0.4221802106,0.4221776492
0.830200,0.161616,0.4479501528,0.4479474350
0.830200,0.171717,0.4732690472,0.4732661758
0.830200,0.181818,0.4981113998,0.4981083777
0.830200,0.191919,0.5224521964,0.5224490266
0.830200,0.202020,0.5462669280,0.5462636137
0.830200,0.212121,0.5695316150,0.5695281596
0.830200,0.222222,0.5922228320,0.5922192390
0.830200,0.232323,0.6143177308,0.6143140037
0.830200,0.242424,0.6357940638,0.6357902063
0.830200,0.252525,0.6566302060,0.6566262221
0.830200,0.262626,0.6768051772,0.6768010710
0.830200,0.272727,0.6962986630,0.6962944385
0.830200,0.282828,0.7150910351,0.7150866966
0.830200,0.292929,0.7331633711,0.7331589229
0.830200,0.303030,0.7504974738,0.7504929204
0.830200,0.313131,0.7670758891,0.7670712351
0.830200,0.323232,0.7828819240,0.7828771741
0.830200,0.333333,0.7978996631,0.7978948222
0.830200,0.343434,0.8121139850,0.8121090578
0.830200,0.353535,0.8255105769,0.8255055684
0.830200,0.363636,0.8380759496,0.8380708649
0.830200,0.373737,0.8497974509,0.8497922951
0.830200,0.383838,0.8606632782,0.8606580565
0.830200,0.393939,0.8706624905,0.8706572081
0.830200,0.404040,0.8797850195,0.8797796818
0.830200,0.414141,0.8880216796,0.8880162919
0.830200,0.424242,0.8953641771,0.8953587448
0.830200,0.434343,0.9018051188,0.9017996474
0.830200,0.444444,0.9073380191,0.9073325142
0.830200,0.454545,0.9119573070,0.9119517741
0.830200,0.464646,0.9156583312,0.9156527758
0.830200,0.474747,0.9184373651,0.9184317928
0.830200,0.484848,0.9202916104,0.9202860269
0.830200,0.494949,0.9212192000,0.9212136109
0.830200,0.505051,0.9212192000,0.9212136109
0.830200,0.515152,0.9202916104,0.9202860269
0.830200,0.525253,0.9184373651,0.9184317928
0.830200,0.535354,0.9156583312,0.9156527758
0.830200,0.545455,0.9119573070,0.9119517741
0.830200,0.555556,0.9073380191,0.9073325142
0.830200,0.565657,0.9018051188,0.9017996474
0.830200,0.575758,0.8953641771,0.8953587448
0.830200,0.585859,0.8880216796,0.8880162919
0.830200,0.595960,0.8797850195,0.8797796818
0.830200,0.606061,0.8706624905,0.8706572081
0.830200,0.616162,0.8606632782,0.8606580565
0.830200,0.626263,0.8497974509,0.8497922951
0.830200,0.636364,0.8380759496,0.8380708649
0.830200,0.646465,0.8255105769,0.8255055684
0.830200,0.656566,0.8121139850,0.8121090578
0.830200,0.666667,0.7978996631,0.7978948222
0.830200,0.676768,0.7828819240,0.7828771741
0.830200,0.686869,0.7670758891,0.7670712351
0.830200,0.696970,0.7504974738,0.7504929204
0.830200,0.707071,0.7331633711,0.7331589229
0.830200,0.717172,0.7150910351,0.7150866966
0.830200,0.727273,0.6962986630,0.6962944385
0.830200,0.737374,0.6768051772,0.6768010710
0.830200,0.747475,0.6566302060,0.6566262221
0.830200,0.757576,0.6357940638,0.6357902063
0.830200,0.767677,0.6143177308,0.6143140037
0.830200,0.777778,0.5922228320,0.5922192390
0.830200,0.787879,0.5695316150,0.5695281596
0.830200,0.797980,0.5462669280,0.5462636137
0.830200,0.808081,0.5224521964,0.5224490266
0.830200,0.818182,0.4981113998,0.4981083777
0.830200,0.828283,0.4732690472,0.4732661758
0.830200,0.838384,0.4479501528,0.4479474350
0.830200,0.848485,0.4221802106,0.4221776492
0.830200,0.858586,0.3959851687,0.3959827662
0.830200,0.868687,0.3693914032,0.3693891621
0.830200,0.878788,0.3424256920,0.3424236145
0.830200,0.888889,0.3151151871,0.3151132753
0.830200,0.898990,0.2874873879,0.2874856437
0.830200,0.909091,0.2595701133,0.2595685385
0.830200,0.919192,0.2313914736,0.2313900697
0.830200,0.929293,0.2029798423,0.2029786108
0.830200,0.939394,0.1743638275,0.1743627696
0.830200,0.949495,0.1455722431,0.1455713599
0.830200,0.959596,0.1166340798,0.1166333722
0.830200,0.969697,0.0875784759,0.0875779445
0.830200,0.979798,0.0584346878,0.0584343333
0.830200,0.989899,0.0292320610,0.0292318837
0.830200,1.000000,0.0000000000,0.0000000000
0.840200,0.000000,0.0000000000,0.0000000000
0.840200,0.010101,0.0292032265,0.0292030472
0.840200,0.020202,0.0583770478,0.0583766894
0.840200,0.030303,0.0874920884,0.0874915512
0.840200,0.040404,0.1165190319,0.1165183164
0.840200,0.050505,0.1454286506,0.1454277576
0.840200,0.060606,0.1741918349,0.1741907654
0.840200,0.070707,0.2027796229,0.2027783778
0.840200,0.080808,0.2311632289,0.2311618096
0.840200,0.090909,0.2593140732,0.2593124810
0.840200,0.101010,0.2872038102,0.2872020467
0.840200,0.111111,0.3148043573,0.3148024244
0.840200,0.121212,0.3420879231,0.3420858226
0.840200,0.131313,0.3690270354,0.3690247695
0.840200,0.141414,0.3955945687,0.3955921396
0.840200,0.151515,0.4217637718,0.4217611821
0.840200,0.161616,0.4475082945,0.4475055467
0.840200,0.171717,0.4728022144,0.4727993113
0.840200,0.181818,0.4976200624,0.4976170070
0.840200,0.191919,0.5219368493,0.5219336445
0.840200,0.202020,0.5457280900,0.5457247391
0.840200,0.212121,0.5689698287,0.5689663352
0.840200,0.222222,0.5916386631,0.5916350303
0.840200,0.232323,0.6137117675,0.6137079992
0.840200,0.242424,0.6351669162,0.6351630161
0.840200,0.252525,0.6559825056,0.6559784777
0.840200,0.262626,0.6761375762,0.6761334246
0.840200,0.272727,0.6956118336,0.6956075625
0.840200,0.282828,0.7143856689,0.7143812824
0.840200,0.292929,0.7324401784,0.7324356810
0.840200,0.303030,0.7497571826,0.7497525790
0.840200,0.313131,0.7663192450,0.7663145396
0.840200,0.323232,0.7821096888,0.7821048865
0.840200,0.333333,0.7971126145,0.7971077201
0.840200,0.343434,0.8113129153,0.8113079337
0.840200,0.353535,0.8246962928,0.8246912290
0.840200,0.363636,0.8372492711,0.8372441302
0.840200,0.373737,0.8489592102,0.8489539975
0.840200,0.383838,0.8598143195,0.8598090401
0.840200,0.393939,0.8698036686,0.8697983278
0.840200,0.404040,0.8789171991,0.8789118024
0.840200,0.414141,0.8871457345,0.8871402873
0.840200,0.424242,0.8944809894,0.8944754971
0.840200,0.434343,0.9009155777,0.9009100459
0.840200,0.444444,0.9064430204,0.9064374547
0.840200,0.454545,0.9110577518,0.9110521578
0.840200,0.464646,0.9147551253,0.9147495086
0.840200,0.474747,0.9175314180,0.9175257841
0.840200,0.484848,0.9193838342,0.9193781890
0.840200,0.494949,0.9203105089,0.9203048580
0.840200,0.505051,0.9203105089,0.9203048580
0.840200,0.515152,0.9193838342,0.9193781890
0.840200,0.525253,0.9175314180,0.9175257841
0.840200,0.535354,0.9147551253,0.9147495086
0.840200,0.545455,0.9110577518,0.9110521578
0.840200,0.555556,0.9064430204,0.9064374547
0.840200,0.565657,0.9009155777,0.9009100459
0.840200,0.575758,0.8944809894,0.8944754971
0.840200,0.585859,0.8871457345,0.8871402873
0.840200,0.595960,0.8789171991,0.8789118024
0.840200,0.606061,0.8698036686,0.8697983278
0.840200,0.616162,0.8598143195,0.8598090401
0.840200,0.626263,0.8489592102,0.8489539975
0.840200,0.636364,0.8372492711,0.8372441302
0.840200,0.646465,0.8246962928,0.8246912290
0.840200,0.656566,0.8113129153,0.8113079337
0.840200,0.666667,0.7971126145,0.7971077201
0.840200,0.676768,0.7821096888,0.7821048865
0.840200,0.686869,0.7663192450,0.7663145396
0.840200,0.696970,0.7497571826,0.7497525790
0.840200,0.707071,0.7324401784,0.7324356810
0.840200,0.717172,0.7143856689,0.7143812824
0.840200,0.727273,0.6956118336,0.6956075625
0.840200,0.737374,0.6761375762,0.6761334246
0.840200,0.747475,0.6559825056,0.6559784777
0.840200,0.757576,0.6351669162,0.6351630161
0.840200,0.767677,0.6137117675,0.6137079992
0.840200,0.777778,0.5916386631,0.5916350303
0.840200,0.787879,0.5689698287,0.5689663352
0.840200,0.797980,0.5457280900,0.5457247391
0.840200,0.808081,0.5219368493,0.5219336445
0.840200,0.818182,0.4976200624,0.4976170070
0.840200,0.828283,0.4728022144,0.4727993113
0.840200,0.838384,0.4475082945,0.4475055467
0.840200,0.848485,0.4217637718,0.4217611821
0.840200,0.858586,0.3955945687,0.3955921396
0.840200,0.868687,0.3690270354,0.3690247695
0.840200,0.878788,0.3420879231,0.3420858226
0.840200,0.888889,0.3148043573,0.3148024244
0.840200,0.898990,0.2872038102,0.2872020467
0.840200,0.909091,0.2593140732,0.2593124810
0.840200,0.919192,0.2311632289,0.2311618096
0.840200,0.929293,0.2027796229,0.2027783778
0.840200,0.939394,0.1741918349,0.1741907654
0.840200,0.949495,0.1454286506,0.1454277576
0.840200,0.959596,0.1165190319,0.1165183164
0.840200,0.969697,0.0874920884,0.0874915512
0.840200,0.979798,0.0583770478,0.0583766894
0.840200,0.989899,0.0292032265,0.0292030472
0.840200,1.000000,0.0000000000,0.0000000000
0.850200,0.000000,0.0000000000,0.0000000000
0.850200,0.010101,0.0291744204,0.0291742392
0.850200,0.020202,0.0583194647,0.0583191023
0.850200,0.030303,0.0874057862,0.0874052431
0.850200,0.040404,0.1164040975,0.1164033742
0.850200,0.050505,0.1452851997,0.1452842970
0.850200,0.060606,0.1740200120,0.1740189308
0.850200,0.070707,0.2025796010,0.2025783423
0.850200,0.080808,0.2309352094,0.2309337745
0.850200,0.090909,0.2590582857,0.2590566761
0.850200,0.101010,0.2869205122,0.2869187295
0.850200,0.111111,0.3144938341,0.3144918801
0.850200,0.121212,0.3417504874,0.3417483640
0.850200,0.131313,0.3686630269,0.3686607363
0.850200,0.141414,0.3952043540,0.3952018985
0.850200,0.151515,0.4213477438,0.4213451258
0.850200,0.161616,0.4470668721,0.4470640944
0.850200,0.171717,0.4723358420,0.4723329072
0.850200,0.181818,0.4971292097,0.4971261209
0.850200,0.191919,0.5214220105,0.5214187708
0.850200,0.202020,0.5451897835,0.5451863961
0.850200,0.212121,0.5684085966,0.5684050649
0.850200,0.222222,0.5910550704,0.5910513980
0.850200,0.232323,0.6131064019,0.6131025925
0.850200,0.242424,0.6345403872,0.6345364446
0.850200,0.252525,0.6553354441,0.6553313723
0.850200,0.262626,0.6754706338,0.6754664369
0.850200,0.272727,0.6949256817,0.6949213640
0.850200,0.282828,0.7136809985,0.7136765642
0.850200,0.292929,0.7317176990,0.7317131526
0.850200,0.303030,0.7490176217,0.7490129679
0.850200,0.313131,0.7655633473,0.7655585906
0.850200,0.323232,0.7813382154,0.7813333607
0.850200,0.333333,0.7963263422,0.7963213944
0.850200,0.343434,0.8105126358,0.8105075999
0.850200,0.353535,0.8238828119,0.8238776929
0.850200,0.363636,0.8364234079,0.8364182110
0.850200,0.373737,0.8481217964,0.8481165268
0.850200,0.383838,0.8589661982,0.8589608612
0.850200,0.393939,0.8689456938,0.8689402948
0.850200,0.404040,0.8780502347,0.8780447791
0.850200,0.414141,0.8862706535,0.8862651469
0.850200,0.424242,0.8935986728,0.8935931207
0.850200,0.434343,0.9000269141,0.9000213220
0.850200,0.444444,0.9055489045,0.9055432781
0.850200,0.454545,0.9101590840,0.9101534289
0.850200,0.464646,0.9138528104,0.9138471324
0.850200,0.474747,0.9166263645,0.9166206692
0.850200,0.484848,0.9184769535,0.9184712468
0.850200,0.494949,0.9194027141,0.9193970016
0.850200,0.505051,0.9194027141,0.9193970016
0.850200,0.515152,0.9184769535,0.9184712468
0.850200,0.525253,0.9166263645,0.9166206692
0.850200,0.535354,0.9138528104,0.9138471324
0.850200,0.545455,0.9101590840,0.9101534289
0.850200,0.555556,0.9055489045,0.9055432781
0.850200,0.565657,0.9000269141,0.9000213220
0.850200,0.575758,0.8935986728,0.8935931207
0.850200,0.585859,0.8862706535,0.8862651469
0.850200,0.595960,0.8780502347,0.8780447791
0.850200,0.606061,0.8689456938,0.8689402948
0.850200,0.616162,0.8589661982,0.8589608612
0.850200,0.626263,0.8481217964,0.8481165268
0.850200,0.636364,0.8364234079,0.8364182110
0.850200,0.646465,0.8238828119,0.8238776929
0.850200,0.656566,0.8105126358,0.8105075999
0.850200,0.666667,0.7963263422,0.7963213944
0.850200,0.676768,0.7813382154,0.7813333607
0.850200,0.686869,0.7655633473,0.7655585906
0.850200,0.696970,0.7490176217,0.7490129679
0.850200,0.707071,0.7317176990,0.7317131526
0.850200,0.717172,0.7136809985,0.7136765642
0.850200,0.727273,0.6949256817,0.6949213640
0.850200,0.737374,0.6754706338,0.6754664369
0.850200,0.747475,0.6553354441,0.6553313723
0.850200,0.757576,0.6345403872,0.6345364446
0.850200,0.767677,0.6131064019,0.6131025925
0.850200,0.777778,0.5910550704,0.5910513980
0.850200,0.787879,0.5684085966,0.5684050649
0.850200,0.797980,0.5451897835,0.5451863961
0.850200,0.808081,0.5214220105,0.5214187708
0.850200,0.818182,0.4971292097,0.4971261209
0.850200,0.828283,0.4723358420,0.4723329072
0.850200,0.838384,0.4470668721,0.4470640944
0.850200,0.848485,0.4213477438,0.4213451258
0.850200,0.858586,0.3952043540,0.3952018985
0.850200,0.868687,0.3686630269,0.3686607363
0.850200,0.878788,0.3417504874,0.3417483640
0.850200,0.888889,0.3144938341,0.3144918801
0.850200,0.898990,0.2869205122,0.2869187295
0.850200,0.909091,0.2590582857,0.2590566761
0.850200,0.919192,0.2309352094,0.2309337745
0.850200,0.929293,0.2025796010,0.2025783423
0.850200,0.939394,0.1740200120,0.1740189308
0.850200,0.949495,0.1452851997,0.1452842970
0.850200,0.959596,0.1164040975,0.1164033742
0.850200,0.969697,0.0874057862,0.0874052431
0.850200,0.979798,0.0583194647,0.0583191023
0.850200,0.989899,0.0291744204,0.0291742392
0.850200,1.000000,0.0000000000,0.0000000000
0.860200,0.000000,0.0000000000,0.0000000000
0.860200,0.010101,0.0291456428,0.0291454595
0.860200,0.020202,0.0582619383,0.0582615721
0.860200,0.030303,0.0873195691,0.0873190201
0.860200,0.040404,0.1162892764,0.1162885454
0.860200,0.050505,0.1451418903,0.1451409779
0.860200,0.060606,0.1738483586,0.1738472657
0.860200,0.070707,0.2023797763,0.2023785041
0.860200,0.080808,0.2307074148,0.2307059645
0.860200,0.090909,0.2588027504,0.2588011235
0.860200,0.101010,0.2866374937,0.2866356918
0.860200,0.111111,0.3141836172,0.3141816422
0.860200,0.121212,0.3414133845,0.3414112383
0.860200,0.131313,0.3682993775,0.3682970622
0.860200,0.141414,0.3948145242,0.3948120422
0.860200,0.151515,0.4209321261,0.4209294800
0.860200,0.161616,0.4466258851,0.4466230775
0.860200,0.171717,0.4718699297,0.4718669633
0.860200,0.181818,0.4966388412,0.4966357192
0.860200,0.191919,0.5209076795,0.5209044049
0.860200,0.202020,0.5446520080,0.5446485841
0.860200,0.212121,0.5678479180,0.5678443483
0.860200,0.222222,0.5904720534,0.5904683415
0.860200,0.232323,0.6125016334,0.6124977830
0.860200,0.242424,0.6339144762,0.6339104912
0.860200,0.252525,0.6546890208,0.6546849052
0.860200,0.262626,0.6748043491,0.6748001071
0.860200,0.272727,0.6942402067,0.6942358424
0.860200,0.282828,0.7129770232,0.7129725411
0.860200,0.292929,0.7309959322,0.7309913369
0.860200,0.303030,0.7482787904,0.7482740864
0.860200,0.313131,0.7648081952,0.7648033873
0.860200,0.323232,0.7805675029,0.7805625960
0.860200,0.333333,0.7955408454,0.7955358444
0.860200,0.343434,0.8097131457,0.8097080556
0.860200,0.353535,0.8230701335,0.8230649594
0.860200,0.363636,0.8355983594,0.8355931066
0.860200,0.373737,0.8472852086,0.8472798823
0.860200,0.383838,0.8581189134,0.8581135190
0.860200,0.393939,0.8680885653,0.8680831082
0.860200,0.404040,0.8771841255,0.8771786112
0.860200,0.414141,0.8853964356,0.8853908697
0.860200,0.424242,0.8927172266,0.8927116147
0.860200,0.434343,0.8991391271,0.8991334748
0.860200,0.444444,0.9046556706,0.9046499836
0.860200,0.454545,0.9092613026,0.9092555866
0.860200,0.464646,0.9129513855,0.9129456463
0.860200,0.474747,0.9157222037,0.9157164472
0.860200,0.484848,0.9175709673,0.9175651992
0.860200,0.494949,0.9184958148,0.9184900408
0.860200,0.505051,0.9184958148,0.9184900408
0.860200,0.515152,0.9175709673,0.9175651992
0.860200,0.525253,0.9157222037,0.9157164472
0.860200,0.535354,0.9129513855,0.9129456463
0.860200,0.545455,0.9092613026,0.9092555866
0.860200,0.555556,0.9046556706,0.9046499836
0.860200,0.565657,0.8991391271,0.8991334748
0.860200,0.575758,0.8927172266,0.8927116147
0.860200,0.585859,0.8853964356,0.8853908697
0.860200,0.595960,0.8771841255,0.8771786112
0.860200,0.606061,0.8680885653,0.8680831082
0.860200,0.616162,0.8581189134,0.8581135190
0.860200,0.626263,0.8472852086,0.8472798823
0.860200,0.636364,0.8355983594,0.8355931066
0.860200,0.646465,0.8230701335,0.8230649594
0.860200,0.656566,0.8097131457,0.8097080556
0.860200,0.666667,0.7955408454,0.7955358444
0.860200,0.676768,0.7805675029,0.7805625960
0.860200,0.686869,0.7648081952,0.7648033873
0.860200,0.696970,0.7482787904,0.7482740864
0.860200,0.707071,0.7309959322,0.7309913369
0.860200,0.717172,0.7129770232,0.7129725411
0.860200,0.727273,0.6942402067,0.6942358424
0.860200,0.737374,0.6748043491,0.6748001071
0.860200,0.747475,0.6546890208,0.6546849052
0.860200,0.757576,0.6339144762,0.6339104912
0.860200,0.767677,0.6125016334,0.6124977830
0.860200,0.777778,0.5904720534,0.5904683415
0.860200,0.787879,0.5678479180,0.5678443483
0.860200,0.797980,0.5446520080,0.5446485841
0.860200,0.808081,0.5209076795,0.5209044049
0.860200,0.818182,0.4966388412,0.4966357192
0.860200,0.828283,0.4718699297,0.4718669633
0.860200,0.838384,0.4466258851,0.4466230775
0.860200,0.848485,0.4209321261,0.4209294800
0.860200,0.858586,0.3948145242,0.3948120422
0.860200,0.868687,0.3682993775,0.3682970622
0.860200,0.878788,0.3414133845,0.3414112383
0.860200,0.888889,0.3141836172,0.3141816422
0.860200,0.898990,0.2866374937,0.2866356918
0.860200,0.909091,0.2588027504,0.2588011235
0.860200,0.919192,0.2307074148,0.2307059645
0.860200,0.929293,0.2023797763,0.2023785041
0.860200,0.939394,0.1738483586,0.1738472657
0.860200,0.949495,0.1451418903,0.1451409779
0.860200,0.959596,0.1162892764,0.1162885454
0.860200,0.969697,0.0873195691,0.0873190201
0.860200,0.979798,0.0582619383,0.0582615721
0.860200,0.989899,0.0291456428,0.0291454595
0.860200,1.000000,0.0000000000,0.0000000000
0.870200,0.000000,0.0000000000,0.0000000000
0.870200,0.010101,0.0291168935,0.0291167083
0.870200,0.020202,0.0582044687,0.0582040986
0.870200,0.030303,0.0872334370,0.0872328822
0.870200,0.040404,0.1161745686,0.1161738298
0.870200,0.050505,0.1449987222,0.1449978001
0.870200,0.060606,0.1736768745,0.1736757700
0.870200,0.070707,0.2021801488,0.2021788631
0.870200,0.080808,0.2304798449,0.2304783792
0.870200,0.090909,0.2585474673,0.2585458231
0.870200,0.101010,0.2863547543,0.2863529332
0.870200,0.111111,0.3138737063,0.3138717103
0.870200,0.121212,0.3410766142,0.3410744451
0.870200,0.131313,0.3679360868,0.3679337469
0.870200,0.141414,0.3944250789,0.3944225706
0.870200,0.151515,0.4205169184,0.4205142442
0.870200,0.161616,0.4461853331,0.4461824956
0.870200,0.171717,0.4714044769,0.4714014790
0.870200,0.181818,0.4961489564,0.4961458012
0.870200,0.191919,0.5203938559,0.5203905465
0.870200,0.202020,0.5441147629,0.5441113027
0.870200,0.212121,0.5672877925,0.5672841849
0.870200,0.222222,0.5898896114,0.5898858601
0.870200,0.232323,0.6118974614,0.6118935701
0.870200,0.242424,0.6332891826,0.6332851552
0.870200,0.252525,0.6540432352,0.6540390759
0.870200,0.262626,0.6741387218,0.6741344346
0.870200,0.272727,0.6935554078,0.6935509971
0.870200,0.282828,0.7122737422,0.7122692126
0.870200,0.292929,0.7302748774,0.7302702333
0.870200,0.303030,0.7475406877,0.7475359338
0.870200,0.313131,0.7640537879,0.7640489290
0.870200,0.323232,0.7797975507,0.7797925917
0.870200,0.333333,0.7947561235,0.7947510693
0.870200,0.343434,0.8089144442,0.8089093000
0.870200,0.353535,0.8222582567,0.8222530276
0.870200,0.363636,0.8347741247,0.8347688161
0.870200,0.373737,0.8464494460,0.8464440631
0.870200,0.383838,0.8572724645,0.8572670127
0.870200,0.393939,0.8672322822,0.8672267671
0.870200,0.404040,0.8763188706,0.8763132977
0.870200,0.414141,0.8845230801,0.8845174550
0.870200,0.424242,0.8918366499,0.8918309783
0.870200,0.434343,0.8982522157,0.8982465034
0.870200,0.444444,0.9037633177,0.9037575703
0.870200,0.454545,0.9083644067,0.9083586300
0.870200,0.464646,0.9120508497,0.9120450496
0.870200,0.474747,0.9148189348,0.9148131171
0.870200,0.484848,0.9166658748,0.9166600454
0.870200,0.494949,0.9175898100,0.9175839746
0.870200,0.505051,0.9175898100,0.9175839746
0.870200,0.515152,0.9166658748,0.9166600454
0.870200,0.525253,0.9148189348,0.9148131171
0.870200,0.535354,0.9120508497,0.9120450496
0.870200,0.545455,0.9083644067,0.9083586300
0.870200,0.555556,0.9037633177,0.9037575703
0.870200,0.565657,0.8982522157,0.8982465034
0.870200,0.575758,0.8918366499,0.8918309783
0.870200,0.585859,0.8845230801,0.8845174550
0.870200,0.595960,0.8763188706,0.8763132977
0.870200,0.606061,0.8672322822,0.8672267671
0.870200,0.616162,0.8572724645,0.8572670127
0.870200,0.626263,0.8464494460,0.8464440631
0.870200,0.636364,0.8347741247,0.8347688161
0.870200,0.646465,0.8222582567,0.8222530276
0.870200,0.656566,0.8089144442,0.8089093000
0.870200,0.666667,0.7947561235,0.7947510693
0.870200,0.676768,0.7797975507,0.7797925917
0.870200,0.686869,0.7640537879,0.7640489290
0.870200,0.696970,0.7475406877,0.7475359338
0.870200,0.707071,0.7302748774,0.7302702333
0.870200,0.717172,0.7122737422,0.7122692126
0.870200,0.727273,0.6935554078,0.6935509971
0.870200,0.737374,0.6741387218,0.6741344346
0.870200,0.747475,0.6540432352,0.6540390759
0.870200,0.757576,0.6332891826,0.6332851552
0.870200,0.767677,0.6118974614,0.6118935701
0.870200,0.777778,0.5898896114,0.5898858601
0.870200,0.787879,0.5672877925,0.5672841849
0.870200,0.797980,0.5441147629,0.5441113027
0.870200,0.808081,0.5203938559,0.5203905465
0.870200,0.818182,0.4961489564,0.4961458012
0.870200,0.828283,0.4714044769,0.4714014790
0.870200,0.838384,0.4461853331,0.4461824956
0.870200,0.848485,0.4205169184,0.4205142442
0.870200,0.858586,0.3944250789,0.3944225706
0.870200,0.868687,0.3679360868,0.3679337469
0.870200,0.878788,0.3410766142,0.3410744451
0.870200,0.888889,0.3138737063,0.3138717103
0.870200,0.898990,0.2863547543,0.2863529332
0.870200,0.909091,0.2585474673,0.2585458231
0.870200,0.919192,0.2304798449,0.2304783792
0.870200,0.929293,0.2021801488,0.2021788631
0.870200,0.939394,0.1736768745,0.1736757700
0.870200,0.949495,0.1449987222,0.1449978001
0.870200,0.959596,0.1161745686,0.1161738298
0.870200,0.969697,0.0872334370,0.0872328822
0.870200,0.979798,0.0582044687,0.0582040986
0.870200,0.989899,0.0291168935,0.0291167083
0.870200,1.000000,0.0000000000,0.0000000000
0.880200,0.000000,0.0000000000,0.0000000000
0.880200,0.010101,0.0290881726,0.0290879855
0.880200,0.020202,0.0581470558,0.0581466818
0.880200,0.030303,0.0871473899,0.0871468293
0.880200,0.040404,0.1160599739,0.1160592274
0.880200,0.050505,0.1448556954,0.1448547636
0.880200,0.060606,0.1735055595,0.1735044434
0.880200,0.070707,0.2019807182,0.2019794190
0.880200,0.080808,0.2302524994,0.2302510183
0.880200,0.090909,0.2582924359,0.2582907744
0.880200,0.101010,0.2860722938,0.2860704536
0.880200,0.111111,0.3135641011,0.3135620841
0.880200,0.121212,0.3407401760,0.3407379842
0.880200,0.131313,0.3675731544,0.3675707900
0.880200,0.141414,0.3940360178,0.3940334832
0.880200,0.151515,0.4201021203,0.4200994180
0.880200,0.161616,0.4457452156,0.4457423484
0.880200,0.171717,0.4709394833,0.4709364540
0.880200,0.181818,0.4956595548,0.4956563664
0.880200,0.191919,0.5198805391,0.5198771950
0.880200,0.202020,0.5435780478,0.5435745513
0.880200,0.212121,0.5667282195,0.5667245741
0.880200,0.222222,0.5893077440,0.5893039533
0.880200,0.232323,0.6112938855,0.6112899533
0.880200,0.242424,0.6326645058,0.6326604362
0.880200,0.252525,0.6533980866,0.6533938836
0.880200,0.262626,0.6734737510,0.6734694188
0.880200,0.272727,0.6928712843,0.6928668274
0.880200,0.282828,0.7115711550,0.7115665778
0.880200,0.292929,0.7295545339,0.7295498410
0.880200,0.303030,0.7468033132,0.7467985094
0.880200,0.313131,0.7633001249,0.7632952149
0.880200,0.323232,0.7790283580,0.7790233469
0.880200,0.333333,0.7939721756,0.7939670684
0.880200,0.343434,0.8081165306,0.8081113324
0.880200,0.353535,0.8214471807,0.8214418967
0.880200,0.363636,0.8339507031,0.8339453387
0.880200,0.373737,0.8456145078,0.8456090684
0.880200,0.383838,0.8564268504,0.8564213415
0.880200,0.393939,0.8663768438,0.8663712709
0.880200,0.404040,0.8754544692,0.8754488378
0.880200,0.414141,0.8836505861,0.8836449020
0.880200,0.424242,0.8909569417,0.8909512106
0.880200,0.434343,0.8973661793,0.8973604069
0.880200,0.444444,0.9028718451,0.9028660374
0.880200,0.454545,0.9074683956,0.9074625583
0.880200,0.464646,0.9111512023,0.9111453413
0.880200,0.474747,0.9139165569,0.9139106782
0.880200,0.484848,0.9157616751,0.9157557845
0.880200,0.494949,0.9166846989,0.9166788023
0.880200,0.505051,0.9166846989,0.9166788023
0.880200,0.515152,0.9157616751,0.9157557845
0.880200,0.525253,0.9139165569,0.9139106782
0.880200,0.535354,0.9111512023,0.9111453413
0.880200,0.545455,0.9074683956,0.9074625583
0.880200,0.555556,0.9028718451,0.9028660374
0.880200,0.565657,0.8973661793,0.8973604069
0.880200,0.575758,0.8909569417,0.8909512106
0.880200,0.585859,0.8836505861,0.8836449020
0.880200,0.595960,0.8754544692,0.8754488378
0.880200,0.606061,0.8663768438,0.8663712709
0.880200,0.616162,0.8564268504,0.8564213415
0.880200,0.626263,0.8456145078,0.8456090684
0.880200,0.636364,0.8339507031,0.8339453387
0.880200,0.646465,0.8214471807,0.8214418967
0.880200,0.656566,0.8081165306,0.8081113324
0.880200,0.666667,0.7939721756,0.7939670684
0.880200,0.676768,0.7790283580,0.7790233469
0.880200,0.686869,0.7633001249,0.7632952149
0.880200,0.696970,0.7468033132,0.7467985094
0.880200,0.707071,0.7295545339,0.7295498410
0.880200,0.717172,0.7115711550,0.7115665778
0.880200,0.727273,0.6928712843,0.6928668274
0.880200,0.737374,0.6734737510,0.6734694188
0.880200,0.747475,0.6533980866,0.6533938836
0.880200,0.757576,0.6326645058,0.6326604362
0.880200,0.767677,0.6112938855,0.6112899533
0.880200,0.777778,0.5893077440,0.5893039533
0.880200,0.787879,0.5667282195,0.5667245741
0.880200,0.797980,0.5435780478,0.5435745513
0.880200,0.808081,0.5198805391,0.5198771950
0.880200,0.818182,0.4956595548,0.4956563664
0.880200,0.828283,0.4709394833,0.4709364540
0.880200,0.838384,0.4457452156,0.4457423484
0.880200,0.848485,0.4201021203,0.4200994180
0.880200,0.858586,0.3940360178,0.3940334832
0.880200,0.868687,0.3675731544,0.3675707900
0.880200,0.878788,0.3407401760,0.3407379842
0.880200,0.888889,0.3135641011,0.3135620841
0.880200,0.898990,0.2860722938,0.2860704536
0.880200,0.909091,0.2582924359,0.2582907744
0.880200,0.919192,0.2302524994,0.2302510183
0.880200,0.929293,0.2019807182,0.2019794190
0.880200,0.939394,0.1735055595,0.1735044434
0.880200,0.949495,0.1448556954,0.1448547636
0.880200,0.959596,0.1160599739,0.1160592274
0.880200,0.969697,0.0871473899,0.0871468293
0.880200,0.979798,0.0581470558,0.0581466818
0.880200,0.989899,0.0290881726,0.0290879855
0.880200,1.000000,0.0000000000,0.0000000000
0.890200,0.000000,0.0000000000,0.0000000000
0.890200,0.010101,0.0290594800,0.0290592909
0.890200,0.020202,0.0580896995,0.0580893216
0.890200,0.030303,0.0870614276,0.0870608613
0.890200,0.040404,0.1159454923,0.1159447380
0.890200,0.050505,0.1447128097,0.1447118682
0.890200,0.060606,0.1733344135,0.1733332859
0.890200,0.070707,0.2017814843,0.2017801716
0.890200,0.080808,0.2300253782,0.2300238818
0.890200,0.090909,0.2580376561,0.2580359774
0.890200,0.101010,0.2857901119,0.2857882527
0.890200,0.111111,0.3132548013,0.3132527634
0.890200,0.121212,0.3404040697,0.3404018552
0.890200,0.131313,0.3672105801,0.3672081911
0.890200,0.141414,0.3936473405,0.3936447796
0.890200,0.151515,0.4196877314,0.4196850011
0.890200,0.161616,0.4453055323,0.4453026353
0.890200,0.171717,0.4704749483,0.4704718876
0.890200,0.181818,0.4951706359,0.4951674146
0.890200,0.191919,0.5193677287,0.5193643499
0.890200,0.202020,0.5430418622,0.5430383294
0.890200,0.212121,0.5661691985,0.5661655153
0.890200,0.222222,0.5887264505,0.5887226205
0.890200,0.232323,0.6106909048,0.6106869319
0.890200,0.242424,0.6320404452,0.6320363334
0.890200,0.252525,0.6527535744,0.6527493279
0.890200,0.262626,0.6728094361,0.6728050591
0.890200,0.272727,0.6921878357,0.6921833326
0.890200,0.282828,0.7108692609,0.7108646362
0.890200,0.292929,0.7288349009,0.7288301594
0.890200,0.303030,0.7460666660,0.7460618124
0.890200,0.313131,0.7625472052,0.7625422444
0.890200,0.323232,0.7782599240,0.7782548610
0.890200,0.333333,0.7931890010,0.7931838409
0.890200,0.343434,0.8073194040,0.8073141519
0.890200,0.353535,0.8206369047,0.8206315660
0.890200,0.363636,0.8331280936,0.8331226737
0.890200,0.373737,0.8447803932,0.8447748974
0.890200,0.383838,0.8555820705,0.8555765045
0.890200,0.393939,0.8655222492,0.8655166185
0.890200,0.404040,0.8745909204,0.8745852307
0.890200,0.414141,0.8827789526,0.8827732096
0.890200,0.424242,0.8900781013,0.8900723108
0.890200,0.434343,0.8964810168,0.8964751846
0.890200,0.444444,0.9019812518,0.9019753839
0.890200,0.454545,0.9065732682,0.9065673705
0.890200,0.464646,0.9102524422,0.9102465205
0.890200,0.474747,0.9130150691,0.9130091295
0.890200,0.484848,0.9148583673,0.9148524156
0.890200,0.494949,0.9157804806,0.9157745229
0.890200,0.505051,0.9157804806,0.9157745229
0.890200,0.515152,0.9148583673,0.9148524156
0.890200,0.525253,0.9130150691,0.9130091295
0.890200,0.535354,0.9102524422,0.9102465205
0.890200,0.545455,0.9065732682,0.9065673705
0.890200,0.555556,0.9019812518,0.9019753839
0.890200,0.565657,0.8964810168,0.8964751846
0.890200,0.575758,0.8900781013,0.8900723108
0.890200,0.585859,0.8827789526,0.8827732096
0.890200,0.595960,0.8745909204,0.8745852307
0.890200,0.606061,0.8655222492,0.8655166185
0.890200,0.616162,0.8555820705,0.8555765045
0.890200,0.626263,0.8447803932,0.8447748974
0.890200,0.636364,0.8331280936,0.8331226737
0.890200,0.646465,0.8206369047,0.8206315660
0.890200,0.656566,0.8073194040,0.8073141519
0.890200,0.666667,0.7931890010,0.7931838409
0.890200,0.676768,0.7782599240,0.7782548610
0.890200,0.686869,0.7625472052,0.7625422444
0.890200,0.696970,0.7460666660,0.7460618124
0.890200,0.707071,0.7288349009,0.7288301594
0.890200,0.717172,0.7108692609,0.7108646362
0.890200,0.727273,0.6921878357,0.6921833326
0.890200,0.737374,0.6728094361,0.6728050591
0.890200,0.747475,0.6527535744,0.6527493279
0.890200,0.757576,0.6320404452,0.6320363334
0.890200,0.767677,0.6106909048,0.6106869319
0.890200,0.777778,0.5887264505,0.5887226205
0.890200,0.787879,0.5661691985,0.5661655153
0.890200,0.797980,0.5430418622,0.5430383294
0.890200,0.808081,0.5193677287,0.5193643499
0.890200,0.818182,0.4951706359,0.4951674146
0.890200,0.828283,0.4704749483,0.4704718876
0.890200,0.838384,0.4453055323,0.4453026353
0.890200,0.848485,0.4196877314,0.4196850011
0.890200,0.858586,0.3936473405,0.3936447796
0.890200,0.868687,0.3672105801,0.3672081911
0.890200,0.878788,0.3404040697,0.3404018552
0.890200,0.888889,0.3132548013,0.3132527634
0.890200,0.898990,0.2857901119,0.2857882527
0.890200,0.909091,0.2580376561,0.2580359774
0.890200,0.919192,0.2300253782,0.2300238818
0.890200,0.929293,0.2017814843,0.2017801716
0.890200,0.939394,0.1733344135,0.1733332859
0.890200,0.949495,0.1447128097,0.1447118682
0.890200,0.959596,0.1159454923,0.1159447380
0.890200,0.969697,0.0870614276,0.0870608613
0.890200,0.979798,0.0580896995,0.0580893216
0.890200,0.989899,0.0290594800,0.0290592909
0.890200,1.000000,0.0000000000,0.0000000000
0.900200,0.000000,0.0000000000,0.0000000000
0.900200,0.010101,0.0290308157,0.0290306247
0.900200,0.020202,0.0580323998,0.0580320180
0.900200,0.030303,0.0869755502,0.0869749780
0.900200,0.040404,0.1158311236,0.1158303616
0.900200,0.050505,0.1445700649,0.1445691138
0.900200,0.060606,0.1731634364,0.1731622972
0.900200,0.070707,0.2015824469,0.2015811208
0.900200,0.080808,0.2297984811,0.2297969693
0.900200,0.090909,0.2577831276,0.2577814318
0.900200,0.101010,0.2855082084,0.2855063301
0.900200,0.111111,0.3129458066,0.3129437479
0.900200,0.121212,0.3400682950,0.3400660578
0.900200,0.131313,0.3668483633,0.3668459500
0.900200,0.141414,0.3932590465,0.3932564594
0.900200,0.151515,0.4192737512,0.4192709929
0.900200,0.161616,0.4448662827,0.4448633561
0.900200,0.171717,0.4700108716,0.4700077795
0.900200,0.181818,0.4946821993,0.4946789450
0.900200,0.191919,0.5188554241,0.5188520107
0.900200,0.202020,0.5425062054,0.5425026364
0.900200,0.212121,0.5656107289,0.5656070080
0.900200,0.222222,0.5881457304,0.5881418612
0.900200,0.232323,0.6100885190,0.6100845054
0.900200,0.242424,0.6314170001,0.6314128463
0.900200,0.252525,0.6521096979,0.6521054079
0.900200,0.262626,0.6721457765,0.6721413547
0.900200,0.272727,0.6915050613,0.6915005121
0.900200,0.282828,0.7101680590,0.7101633871
0.900200,0.292929,0.7281159778,0.7281111877
0.900200,0.303030,0.7453307454,0.7453258422
0.900200,0.313131,0.7617950282,0.7617900166
0.900200,0.323232,0.7774922480,0.7774871331
0.900200,0.333333,0.7924065990,0.7924013860
0.900200,0.343434,0.8065230637,0.8065177578
0.900200,0.353535,0.8198274280,0.8198220347
0.900200,0.363636,0.8323062956,0.8323008202
0.900200,0.373737,0.8439471014,0.8439415493
0.900200,0.383838,0.8547381239,0.8547325009
0.900200,0.393939,0.8646684976,0.8646628093
0.900200,0.404040,0.8737282234,0.8737224755
0.900200,0.414141,0.8819081790,0.8819023772
0.900200,0.424242,0.8892001278,0.8891942780
0.900200,0.434343,0.8955967274,0.8955908356
0.900200,0.444444,0.9010915370,0.9010856091
0.900200,0.454545,0.9056790239,0.9056730657
0.900200,0.464646,0.9093545687,0.9093485864
0.900200,0.474747,0.9121144706,0.9121084701
0.900200,0.484848,0.9139559505,0.9139499379
0.900200,0.494949,0.9148771542,0.9148711356
0.900200,0.505051,0.9148771542,0.9148711356
0.900200,0.515152,0.9139559505,0.9139499379
0.900200,0.525253,0.9121144706,0.9121084701
0.900200,0.535354,0.9093545687,0.9093485864
0.900200,0.545455,0.9056790239,0.9056730657
0.900200,0.555556,0.9010915370,0.9010856091
0.900200,0.565657,0.8955967274,0.8955908356
0.900200,0.575758,0.8892001278,0.8891942780
0.900200,0.585859,0.8819081790,0.8819023772
0.900200,0.595960,0.8737282234,0.8737224755
0.900200,0.606061,0.8646684976,0.8646628093
0.900200,0.616162,0.8547381239,0.8547325009
0.900200,0.626263,0.8439471014,0.8439415493
0.900200,0.636364,0.8323062956,0.8323008202
0.900200,0.646465,0.8198274280,0.8198220347
0.900200,0.656566,0.8065230637,0.8065177578
0.900200,0.666667,0.7924065990,0.7924013860
0.900200,0.676768,0.7774922480,0.7774871331
0.900200,0.686869,0.7617950282,0.7617900166
0.900200,0.696970,0.7453307454,0.7453258422
0.900200,0.707071,0.7281159778,0.7281111877
0.900200,0.717172,0.7101680590,0.7101633871
0.900200,0.727273,0.6915050613,0.6915005121
0.900200,0.737374,0.6721457765,0.6721413547
0.900200,0.747475,0.6521096979,0.6521054079
0.900200,0.757576,0.6314170001,0.6314128463
0.900200,0.767677,0.6100885190,0.6100845054
0.900200,0.777778,0.5881457304,0.5881418612
0.900200,0.787879,0.5656107289,0.5656070080
0.900200,0.797980,0.5425062054,0.5425026364
0.900200,0.808081,0.5188554241,0.5188520107
0.900200,0.818182,0.4946821993,0.4946789450
0.900200,0.828283,0.4700108716,0.4700077795
0.900200,0.838384,0.4448662827,0.4448633561
0.900200,0.848485,0.4192737512,0.4192709929
0.900200,0.858586,0.3932590465,0.3932564594
0.900200,0.868687,0.3668483633,0.3668459500
0.900200,0.878788,0.3400682950,0.3400660578
0.900200,0.888889,0.3129458066,0.3129437479
0.900200,0.898990,0.2855082084,0.2855063301
0.900200,0.909091,0.2577831276,0.2577814318
0.900200,0.919192,0.2297984811,0.2297969693
0.900200,0.929293,0.2015824469,0.2015811208
0.900200,0.939394,0.1731634364,0.1731622972
0.900200,0.949495,0.1445700649,0.1445691138
0.900200,0.959596,0.1158311236,0.1158303616
0.900200,0.969697,0.0869755502,0.0869749780
0.900200,0.979798,0.0580323998,0.0580320180
0.900200,0.989899,0.0290308157,0.0290306247
0.900200,1.000000,0.0000000000,0.0000000000
0.910200,0.000000,0.0000000000,0.0000000000
0.910200,0.010101,0.0290021797,0.0290019868
0.910200,0.020202,0.0579751566,0.0579747710
0.910200,0.030303,0.0868897575,0.0868891795
0.910200,0.040404,0.1157168677,0.1157160980
0.910200,0.050505,0.1444274609,0.1444265002
0.910200,0.060606,0.1729926279,0.1729914772
0.910200,0.070707,0.2013836059,0.2013822663
0.910200,0.080808,0.2295718077,0.2295702807
0.910200,0.090909,0.2575288502,0.2575271372
0.910200,0.101010,0.2852265830,0.2852246857
0.910200,0.111111,0.3126371167,0.3126350371
0.910200,0.121212,0.3397328514,0.3397305916
0.910200,0.131313,0.3664865039,0.3664840661
0.910200,0.141414,0.3928711356,0.3928685223
0.910200,0.151515,0.4188601793,0.4188573931
0.910200,0.161616,0.4444274663,0.4444245101
0.910200,0.171717,0.4695472526,0.4695441293
0.910200,0.181818,0.4941942445,0.4941909573
0.910200,0.191919,0.5183436248,0.5183401769
0.910200,0.202020,0.5419710770,0.5419674719
0.910200,0.212121,0.5650528102,0.5650490516
0.910200,0.222222,0.5875655831,0.5875616748
0.910200,0.232323,0.6094867273,0.6094826732
0.910200,0.242424,0.6307941701,0.6307899742
0.910200,0.252525,0.6514664566,0.6514621232
0.910200,0.262626,0.6714827715,0.6714783050
0.910200,0.272727,0.6908229603,0.6908183651
0.910200,0.282828,0.7094675489,0.7094628297
0.910200,0.292929,0.7273977638,0.7273929253
0.910200,0.303030,0.7445955508,0.7445905979
0.910200,0.313131,0.7610435932,0.7610385309
0.910200,0.323232,0.7767253292,0.7767201626
0.910200,0.333333,0.7916249687,0.7916197030
0.910200,0.343434,0.8057275089,0.8057221494
0.910200,0.353535,0.8190187498,0.8190133019
0.910200,0.363636,0.8314853083,0.8314797774
0.910200,0.373737,0.8431146315,0.8431090233
0.910200,0.383838,0.8538950098,0.8538893299
0.910200,0.393939,0.8638155881,0.8638098423
0.910200,0.404040,0.8728663774,0.8728605714
0.910200,0.414141,0.8810382643,0.8810324038
0.910200,0.424242,0.8883230203,0.8883171114
0.910200,0.434343,0.8947133103,0.8947073589
0.910200,0.444444,0.9002026998,0.9001967119
0.910200,0.454545,0.9047856616,0.9047796432
0.910200,0.464646,0.9084575809,0.9084515380
0.910200,0.474747,0.9112147604,0.9112086992
0.910200,0.484848,0.9130544238,0.9130483504
0.910200,0.494949,0.9139747189,0.9139686394
0.910200,0.505051,0.9139747189,0.9139686394
0.910200,0.515152,0.9130544238,0.9130483504
0.910200,0.525253,0.9112147604,0.9112086992
0.910200,0.535354,0.9084575809,0.9084515380
0.910200,0.545455,0.9047856616,0.9047796432
0.910200,0.555556,0.9002026998,0.9001967119
0.910200,0.565657,0.8947133103,0.8947073589
0.910200,0.575758,0.8883230203,0.8883171114
0.910200,0.585859,0.8810382643,0.8810324038
0.910200,0.595960,0.8728663774,0.8728605714
0.910200,0.606061,0.8638155881,0.8638098423
0.910200,0.616162,0.8538950098,0.8538893299
0.910200,0.626263,0.8431146315,0.8431090233
0.910200,0.636364,0.8314853083,0.8314797774
0.910200,0.646465,0.8190187498,0.8190133019
0.910200,0.656566,0.8057275089,0.8057221494
0.910200,0.666667,0.7916249687,0.7916197030
0.910200,0.676768,0.7767253292,0.7767201626
0.910200,0.686869,0.7610435932,0.7610385309
0.910200,0.696970,0.7445955508,0.7445905979
0.910200,0.707071,0.7273977638,0.7273929253
0.910200,0.717172,0.7094675489,0.7094628297
0.910200,0.727273,0.6908229603,0.6908183651
0.910200,0.737374,0.6714827715,0.6714783050
0.910200,0.747475,0.6514664566,0.6514621232
0.910200,0.757576,0.6307941701,0.6307899742
0.910200,0.767677,0.6094867273,0.6094826732
0.910200,0.777778,0.5875655831,0.5875616748
0.910200,0.787879,0.5650528102,0.5650490516
0.910200,0.797980,0.5419710770,0.5419674719
0.910200,0.808081,0.5183436248,0.5183401769
0.910200,0.818182,0.4941942445,0.4941909573
0.910200,0.828283,0.4695472526,0.4695441293
0.910200,0.838384,0.4444274663,0.4444245101
0.910200,0.848485,0.4188601793,0.4188573931
0.910200,0.858586,0.3928711356,0.3928685223
0.910200,0.868687,0.3664865039,0.3664840661
0.910200,0.878788,0.3397328514,0.3397305916
0.910200,0.888889,0.3126371167,0.3126350371
0.910200,0.898990,0.2852265830,0.2852246857
0.910200,0.909091,0.2575288502,0.2575271372
0.910200,0.919192,0.2295718077,0.2295702807
0.910200,0.929293,0.2013836059,0.2013822663
0.910200,0.939394,0.1729926279,0.1729914772
0.910200,0.949495,0.1444274609,0.1444265002
0.910200,0.959596,0.1157168677,0.1157160980
0.910200,0.969697,0.0868897575,0.0868891795
0.910200,0.979798,0.0579751566,0.0579747710
0.910200,0.989899,0.0290021797,0.0290019868
0.910200,1.000000,0.0000000000,0.0000000000
0.920200,0.000000,0.0000000000,0.0000000000
0.920200,0.010101,0.0289735719,0.0289733771
0.920200,0.020202,0.0579179699,0.0579175804
0.920200,0.030303,0.0868040494,0.0868034656
0.920200,0.040404,0.1156027245,0.1156019471
0.920200,0.050505,0.1442849976,0.1442840273
0.920200,0.060606,0.1728219878,0.1728208256
0.920200,0.070707,0.2011849610,0.2011836081
0.920200,0.080808,0.2293453580,0.2293438157
0.920200,0.090909,0.2572748236,0.2572730935
0.920200,0.101010,0.2849452353,0.2849433191
0.920200,0.111111,0.3123287313,0.3123266309
0.920200,0.121212,0.3393977387,0.3393954563
0.920200,0.131313,0.3661250014,0.3661225393
0.920200,0.141414,0.3924836073,0.3924809679
0.920200,0.151515,0.4184470154,0.4184442014
0.920200,0.161616,0.4439890828,0.4439860971
0.920200,0.171717,0.4690840909,0.4690809364
0.920200,0.181818,0.4937067711,0.4937034510
0.920200,0.191919,0.5178323304,0.5178288480
0.920200,0.202020,0.5414364764,0.5414328353
0.920200,0.212121,0.5644954418,0.5644916457
0.920200,0.222222,0.5869860081,0.5869820607
0.920200,0.232323,0.6088855293,0.6088814347
0.920200,0.242424,0.6301719544,0.6301677166
0.920200,0.252525,0.6508238497,0.6508194730
0.920200,0.262626,0.6708204206,0.6708159094
0.920200,0.272727,0.6901415321,0.6901368911
0.920200,0.282828,0.7087677297,0.7087629634
0.920200,0.292929,0.7266802582,0.7266753714
0.920200,0.303030,0.7438610813,0.7438560790
0.920200,0.313131,0.7602928994,0.7602877865
0.920200,0.323232,0.7759591669,0.7759539487
0.920200,0.333333,0.7908441094,0.7908387911
0.920200,0.343434,0.8049327388,0.8049273258
0.920200,0.353535,0.8182108693,0.8182053669
0.920200,0.363636,0.8306651307,0.8306595446
0.920200,0.373737,0.8422829828,0.8422773186
0.920200,0.383838,0.8530527273,0.8530469906
0.920200,0.393939,0.8629635200,0.8629577167
0.920200,0.404040,0.8720053816,0.8719995175
0.920200,0.414141,0.8801692077,0.8801632887
0.920200,0.424242,0.8874467780,0.8874408100
0.920200,0.434343,0.8938307646,0.8938247537
0.920200,0.444444,0.8993147394,0.8993086917
0.920200,0.454545,0.9038931805,0.9038871020
0.920200,0.464646,0.9075614778,0.9075553746
0.920200,0.474747,0.9103159376,0.9103098159
0.920200,0.484848,0.9121537865,0.9121476524
0.920200,0.494949,0.9130731737,0.9130670335
0.920200,0.505051,0.9130731737,0.9130670335
0.920200,0.515152,0.9121537865,0.9121476524
0.920200,0.525253,0.9103159376,0.9103098159
0.920200,0.535354,0.9075614778,0.9075553746
0.920200,0.545455,0.9038931805,0.9038871020
0.920200,0.555556,0.8993147394,0.8993086917
0.920200,0.565657,0.8938307646,0.8938247537
0.920200,0.575758,0.8874467780,0.8874408100
0.920200,0.585859,0.8801692077,0.8801632887
0.920200,0.595960,0.8720053816,0.8719995175
0.920200,0.606061,0.8629635200,0.8629577167
0.920200,0.616162,0.8530527273,0.8530469906
0.920200,0.626263,0.8422829828,0.8422773186
0.920200,0.636364,0.8306651307,0.8306595446
0.920200,0.646465,0.8182108693,0.8182053669
0.920200,0.656566,0.8049327388,0.8049273258
0.920200,0.666667,0.7908441094,0.7908387911
0.920200,0.676768,0.7759591669,0.7759539487
0.920200,0.686869,0.7602928994,0.7602877865
0.920200,0.696970,0.7438610813,0.7438560790
0.920200,0.707071,0.7266802582,0.7266753714
0.920200,0.717172,0.7087677297,0.7087629634
0.920200,0.727273,0.6901415321,0.6901368911
0.920200,0.737374,0.6708204206,0.6708159094
0.920200,0.747475,0.6508238497,0.6508194730
0.920200,0.757576,0.6301719544,0.6301677166
0.920200,0.767677,0.6088855293,0.6088814347
0.920200,0.777778,0.5869860081,0.5869820607
0.920200,0.787879,0.5644954418,0.5644916457
0.920200,0.797980,0.5414364764,0.5414328353
0.920200,0.808081,0.5178323304,0.5178288480
0.920200,0.818182,0.4937067711,0.4937034510
0.920200,0.828283,0.4690840909,0.4690809364
0.920200,0.838384,0.4439890828,0.4439860971
0.920200,0.848485,0.4184470154,0.4184442014
0.920200,0.858586,0.3924836073,0.3924809679
0.920200,0.868687,0.3661250014,0.3661225393
0.920200,0.878788,0.3393977387,0.3393954563
0.920200,0.888889,0.3123287313,0.3123266309
0.920200,0.898990,0.2849452353,0.2849433191
0.920200,0.909091,0.2572748236,0.2572730935
0.920200,0.919192,0.2293453580,0.2293438157
0.920200,0.929293,0.2011849610,0.2011836081
0.920200,0.939394,0.1728219878,0.1728208256
0.920200,0.949495,0.1442849976,0.1442840273
0.920200,0.959596,0.1156027245,0.1156019471
0.920200,0.969697,0.0868040494,0.0868034656
0.920200,0.979798,0.0579179699,0.0579175804
0.920200,0.989899,0.0289735719,0.0289733771
0.920200,1.000000,0.0000000000,0.0000000000
0.930200,0.000000,0.0000000000,0.0000000000
0.930200,0.010101,0.0289449924,0.0289447956
0.930200,0.020202,0.0578608396,0.0578604462
0.930200,0.030303,0.0867184258,0.0867178363
0.930200,0.040404,0.1154886940,0.1154879089
0.930200,0.050505,0.1441426748,0.1441416949
0.930200,0.060606,0.1726515161,0.1726503425
0.930200,0.070707,0.2009865120,0.2009851458
0.930200,0.080808,0.2291191316,0.2291175741
0.930200,0.090909,0.2570210476,0.2570193004
0.930200,0.101010,0.2846641652,0.2846622300
0.930200,0.111111,0.3120206501,0.3120185290
0.930200,0.121212,0.3390629566,0.3390606517
0.930200,0.131313,0.3657638555,0.3657613691
0.930200,0.141414,0.3920964612,0.3920937958
0.930200,0.151515,0.4180342590,0.4180314173
0.930200,0.161616,0.4435511318,0.4435481165
0.930200,0.171717,0.4686213861,0.4686182005
0.930200,0.181818,0.4932197784,0.4932164256
0.930200,0.191919,0.5173215403,0.5173180236
0.930200,0.202020,0.5409024032,0.5408987262
0.930200,0.212121,0.5639386232,0.5639347896
0.930200,0.222222,0.5864070048,0.5864030185
0.930200,0.232323,0.6082849243,0.6082807892
0.930200,0.242424,0.6295503524,0.6295460728
0.930200,0.252525,0.6501818767,0.6501774568
0.930200,0.262626,0.6701587229,0.6701541673
0.930200,0.272727,0.6894607762,0.6894560893
0.930200,0.282828,0.7080686008,0.7080637874
0.930200,0.292929,0.7259634604,0.7259585254
0.930200,0.303030,0.7431273363,0.7431222846
0.930200,0.313131,0.7595429460,0.7595377827
0.930200,0.323232,0.7751937604,0.7751884907
0.930200,0.333333,0.7900640203,0.7900586495
0.930200,0.343434,0.8041387527,0.8041332863
0.930200,0.353535,0.8174037856,0.8173982290
0.930200,0.363636,0.8298457622,0.8298401209
0.930200,0.373737,0.8414521544,0.8414464343
0.930200,0.383838,0.8522112756,0.8522054823
0.930200,0.393939,0.8621122923,0.8621064317
0.930200,0.404040,0.8711452350,0.8711393130
0.930200,0.414141,0.8793010083,0.8792950309
0.930200,0.424242,0.8865714000,0.8865653732
0.930200,0.434343,0.8929490894,0.8929430193
0.930200,0.444444,0.8984276549,0.8984215474
0.930200,0.454545,0.9030015798,0.9029954413
0.930200,0.464646,0.9066662587,0.9066600952
0.930200,0.474747,0.9094180015,0.9094118194
0.930200,0.484848,0.9112540375,0.9112478429
0.930200,0.494949,0.9121725179,0.9121663170
0.930200,0.505051,0.9121725179,0.9121663170
0.930200,0.515152,0.9112540375,0.9112478429
0.930200,0.525253,0.9094180015,0.9094118194
0.930200,0.535354,0.9066662587,0.9066600952
0.930200,0.545455,0.9030015798,0.9029954413
0.930200,0.555556,0.8984276549,0.8984215474
0.930200,0.565657,0.8929490894,0.8929430193
0.930200,0.575758,0.8865714000,0.8865653732
0.930200,0.585859,0.8793010083,0.8792950309
0.930200,0.595960,0.8711452350,0.8711393130
0.930200,0.606061,0.8621122923,0.8621064317
0.930200,0.616162,0.8522112756,0.8522054823
0.930200,0.626263,0.8414521544,0.8414464343
0.930200,0.636364,0.8298457622,0.8298401209
0.930200,0.646465,0.8174037856,0.8173982290
0.930200,0.656566,0.8041387527,0.8041332863
0.930200,0.666667,0.7900640203,0.7900586495
0.930200,0.676768,0.7751937604,0.7751884907
0.930200,0.686869,0.7595429460,0.7595377827
0.930200,0.696970,0.7431273363,0.7431222846
0.930200,0.707071,0.7259634604,0.7259585254
0.930200,0.717172,0.7080686008,0.7080637874
0.930200,0.727273,0.6894607762,0.6894560893
0.930200,0.737374,0.6701587229,0.6701541673
0.930200,0.747475,0.6501818767,0.6501774568
0.930200,0.757576,0.6295503524,0.6295460728
0.930200,0.767677,0.6082849243,0.6082807892
0.930200,0.777778,0.5864070048,0.5864030185
0.930200,0.787879,0.5639386232,0.5639347896
0.930200,0.797980,0.5409024032,0.5408987262
0.930200,0.808081,0.5173215403,0.5173180236
0.930200,0.818182,0.4932197784,0.4932164256
0.930200,0.828283,0.4686213861,0.4686182005
0.930200,0.838384,0.4435511318,0.4435481165
0.930200,0.848485,0.4180342590,0.4180314173
0.930200,0.858586,0.3920964612,0.3920937958
0.930200,0.868687,0.3657638555,0.3657613691
0.930200,0.878788,0.3390629566,0.3390606517
0.930200,0.888889,0.3120206501,0.3120185290
0.930200,0.898990,0.2846641652,0.2846622300
0.930200,0.909091,0.2570210476,0.2570193004
0.930200,0.919192,0.2291191316,0.2291175741
0.930200,0.929293,0.2009865120,0.2009851458
0.930200,0.939394,0.1726515161,0.1726503425
0.930200,0.949495,0.1441426748,0.1441416949
0.930200,0.959596,0.1154886940,0.1154879089
0.930200,0.969697,0.0867184258,0.0867178363
0.930200,0.979798,0.0578608396,0.0578604462
0.930200,0.989899,0.0289449924,0.0289447956
0.930200,1.000000,0.0000000000,0.0000000000
0.940200,0.000000,0.0000000000,0.0000000000
0.940200,0.010101,0.0289164410,0.0289162423
0.940200,0.020202,0.0578037656,0.0578033684
0.940200,0.030303,0.0866328867,0.0866322915
0.940200,0.040404,0.1153747758,0.1153739831
0.940200,0.050505,0.1440004924,0.1439995029
0.940200,0.060606,0.1724812126,0.1724800275
0.940200,0.070707,0.2007882588,0.2007868792
0.940200,0.080808,0.2288931283,0.2288915556
0.940200,0.090909,0.2567675219,0.2567657576
0.940200,0.101010,0.2843833723,0.2843814183
0.940200,0.111111,0.3117128727,0.3117107310
0.940200,0.121212,0.3387285047,0.3387261773
0.940200,0.131313,0.3654030659,0.3654005552
0.940200,0.141414,0.3917096971,0.3917070056
0.940200,0.151515,0.4176219098,0.4176190403
0.940200,0.161616,0.4431136127,0.4431105681
0.940200,0.171717,0.4681591377,0.4681559210
0.940200,0.181818,0.4927332662,0.4927298806
0.940200,0.191919,0.5168112540,0.5168077030
0.940200,0.202020,0.5403688567,0.5403651439
0.940200,0.212121,0.5633823538,0.5633784828
0.940200,0.222222,0.5858285726,0.5858245474
0.940200,0.232323,0.6076849117,0.6076807363
0.940200,0.242424,0.6289293636,0.6289250422
0.940200,0.252525,0.6495405369,0.6495360739
0.940200,0.262626,0.6694976780,0.6694930779
0.940200,0.272727,0.6887806917,0.6887759591
0.940200,0.282828,0.7073701616,0.7073653012
0.940200,0.292929,0.7252473697,0.7252423865
0.940200,0.303030,0.7423943151,0.7423892142
0.940200,0.313131,0.7587937325,0.7587885188
0.940200,0.323232,0.7744291088,0.7744237877
0.940200,0.333333,0.7892847007,0.7892792776
0.940200,0.343434,0.8033455498,0.8033400301
0.940200,0.353535,0.8165974981,0.8165918872
0.940200,0.363636,0.8290272018,0.8290215056
0.940200,0.373737,0.8406221455,0.8406163696
0.940200,0.383838,0.8513706539,0.8513648042
0.940200,0.393939,0.8612619042,0.8612559865
0.940200,0.404040,0.8702859368,0.8702799571
0.940200,0.414141,0.8784336653,0.8784276296
0.940200,0.424242,0.8856968855,0.8856907999
0.940200,0.434343,0.8920682840,0.8920621546
0.940200,0.444444,0.8975414453,0.8975352783
0.940200,0.454545,0.9021108585,0.9021046602
0.940200,0.464646,0.9057719226,0.9057656990
0.940200,0.474747,0.9085209511,0.9085147086
0.940200,0.484848,0.9103551760,0.9103489210
0.940200,0.494949,0.9112727504,0.9112664891
0.940200,0.505051,0.9112727504,0.9112664891
0.940200,0.515152,0.9103551760,0.9103489210
0.940200,0.525253,0.9085209511,0.9085147086
0.940200,0.535354,0.9057719226,0.9057656990
0.940200,0.545455,0.9021108585,0.9021046602
0.940200,0.555556,0.8975414453,0.8975352783
0.940200,0.565657,0.8920682840,0.8920621546
0.940200,0.575758,0.8856968855,0.8856907999
0.940200,0.585859,0.8784336653,0.8784276296
0.940200,0.595960,0.8702859368,0.8702799571
0.940200,0.606061,0.8612619042,0.8612559865
0.940200,0.616162,0.8513706539,0.8513648042
0.940200,0.626263,0.8406221455,0.8406163696
0.940200,0.636364,0.8290272018,0.8290215056
0.940200,0.646465,0.8165974981,0.8165918872
0.940200,0.656566,0.8033455498,0.8033400301
0.940200,0.666667,0.7892847007,0.7892792776
0.940200,0.676768,0.7744291088,0.7744237877
0.940200,0.686869,0.7587937325,0.7587885188
0.940200,0.696970,0.7423943151,0.7423892142
0.940200,0.707071,0.7252473697,0.7252423865
0.940200,0.717172,0.7073701616,0.7073653012
0.940200,0.727273,0.6887806917,0.6887759591
0.940200,0.737374,0.6694976780,0.6694930779
0.940200,0.747475,0.6495405369,0.6495360739
0.940200,0.757576,0.6289293636,0.6289250422
0.940200,0.767677,0.6076849117,0.6076807363
0.940200,0.777778,0.5858285726,0.5858245474
0.940200,0.787879,0.5633823538,0.5633784828
0.940200,0.797980,0.5403688567,0.5403651439
0.940200,0.808081,0.5168112540,0.5168077030
0.940200,0.818182,0.4927332662,0.4927298806
0.940200,0.828283,0.4681591377,0.4681559210
0.940200,0.838384,0.4431136127,0.4431105681
0.940200,0.848485,0.4176219098,0.4176190403
0.940200,0.858586,0.3917096971,0.3917070056
0.940200,0.868687,0.3654030659,0.3654005552
0.940200,0.878788,0.3387285047,0.3387261773
0.940200,0.888889,0.3117128727,0.3117107310
0.940200,0.898990,0.2843833723,0.2843814183
0.940200,0.909091,0.2567675219,0.2567657576
0.940200,0.919192,0.2288931283,0.2288915556
0.940200,0.929293,0.2007882588,0.2007868792
0.940200,0.939394,0.1724812126,0.1724800275
0.940200,0.949495,0.1440004924,0.1439995029
0.940200,0.959596,0.1153747758,0.1153739831
0.940200,0.969697,0.0866328867,0.0866322915
0.940200,0.979798,0.0578037656,0.0578033684
0.940200,0.989899,0.0289164410,0.0289162423
0.940200,1.000000,0.0000000000,0.0000000000
0.950200,0.000000,0.0000000000,0.0000000000
0.950200,0.010101,0.0288879178,0.0288877172
0.950200,0.020202,0.0577467479,0.0577463469
0.950200,0.030303,0.0865474320,0.0865468310
0.950200,0.040404,0.1152609701,0.1152601697
0.950200,0.050505,0.1438584502,0.1438574512
0.950200,0.060606,0.1723110770,0.1723098805
0.950200,0.070707,0.2005902012,0.2005888083
0.950200,0.080808,0.2286673480,0.2286657602
0.950200,0.090909,0.2565142463,0.2565124650
0.950200,0.101010,0.2841028564,0.2841008835
0.950200,0.111111,0.3114053990,0.3114032366
0.950200,0.121212,0.3383943828,0.3383920329
0.950200,0.131313,0.3650426321,0.3650400972
0.950200,0.141414,0.3913233144,0.3913205970
0.950200,0.151515,0.4172099673,0.4172070702
0.950200,0.161616,0.4426765252,0.4426734512
0.950200,0.171717,0.4676973453,0.4676940976
0.950200,0.181818,0.4922472338,0.4922438156
0.950200,0.191919,0.5163014711,0.5162978859
0.950200,0.202020,0.5398358366,0.5398320879
0.950200,0.212121,0.5628266331,0.5628227248
0.950200,0.222222,0.5852507110,0.5852466470
0.950200,0.232323,0.6070854910,0.6070812753
0.950200,0.242424,0.6283089873,0.6283046243
0.950200,0.252525,0.6488998298,0.6488953238
0.950200,0.262626,0.6688372851,0.6688326407
0.950200,0.272727,0.6881012780,0.6880964998
0.950200,0.282828,0.7066724112,0.7066675041
0.950200,0.292929,0.7245319853,0.7245269541
0.950200,0.303030,0.7416620170,0.7416568668
0.950200,0.313131,0.7580452579,0.7580399940
0.950200,0.323232,0.7736652115,0.7736598392
0.950200,0.333333,0.7885061499,0.7885006744
0.950200,0.343434,0.8025531293,0.8025475564
0.950200,0.353535,0.8157920058,0.8157863409
0.950200,0.363636,0.8282094490,0.8282036978
0.950200,0.373737,0.8397929554,0.8397871238
0.950200,0.383838,0.8505308614,0.8505249553
0.950200,0.393939,0.8604123550,0.8604063803
0.950200,0.404040,0.8694274863,0.8694214490
0.950200,0.414141,0.8775671778,0.8775610839
0.950200,0.424242,0.8848232336,0.8848170893
0.950200,0.434343,0.8911883473,0.8911821589
0.950200,0.444444,0.8966561100,0.8966498835
0.950200,0.454545,0.9012210159,0.9012147578
0.950200,0.464646,0.9048784687,0.9048721851
0.950200,0.474747,0.9076247855,0.9076184829
0.950200,0.484848,0.9094572011,0.9094508858
0.950200,0.494949,0.9103738705,0.9103675488
0.950200,0.505051,0.9103738705,0.9103675488
0.950200,0.515152,0.9094572011,0.9094508858
0.950200,0.525253,0.9076247855,0.9076184829
0.950200,0.535354,0.9048784687,0.9048721851
0.950200,0.545455,0.9012210159,0.9012147578
0.950200,0.555556,0.8966561100,0.8966498835
0.950200,0.565657,0.8911883473,0.8911821589
0.950200,0.575758,0.8848232336,0.8848170893
0.950200,0.585859,0.8775671778,0.8775610839
0.950200,0.595960,0.8694274863,0.8694214490
0.950200,0.606061,0.8604123550,0.8604063803
0.950200,0.616162,0.8505308614,0.8505249553
0.950200,0.626263,0.8397929554,0.8397871238
0.950200,0.636364,0.8282094490,0.8282036978
0.950200,0.646465,0.8157920058,0.8157863409
0.950200,0.656566,0.8025531293,0.8025475564
0.950200,0.666667,0.7885061499,0.7885006744
0.950200,0.676768,0.7736652115,0.7736598392
0.950200,0.686869,0.7580452579,0.7580399940
0.950200,0.696970,0.7416620170,0.7416568668
0.950200,0.707071,0.7245319853,0.7245269541
0.950200,0.717172,0.7066724112,0.7066675041
0.950200,0.727273,0.6881012780,0.6880964998
0.950200,0.737374,0.6688372851,0.6688326407
0.950200,0.747475,0.6488998298,0.6488953238
0.950200,0.757576,0.6283089873,0.6283046243
0.950200,0.767677,0.6070854910,0.6070812753
0.950200,0.777778,0.5852507110,0.5852466470
0.950200,0.787879,0.5628266331,0.5628227248
0.950200,0.797980,0.5398358366,0.5398320879
0.950200,0.808081,0.5163014711,0.5162978859
0.950200,0.818182,0.4922472338,0.4922438156
0.950200,0.828283,0.4676973453,0.4676940976
0.950200,0.838384,0.4426765252,0.4426734512
0.950200,0.848485,0.4172099673,0.4172070702
0.950200,0.858586,0.3913233144,0.3913205970
0.950200,0.868687,0.3650426321,0.3650400972
0.950200,0.878788,0.3383943828,0.3383920329
0.950200,0.888889,0.3114053990,0.3114032366
0.950200,0.898990,0.2841028564,0.2841008835
0.950200,0.909091,0.2565142463,0.2565124650
0.950200,0.919192,0.2286673480,0.2286657602
0.950200,0.929293,0.2005902012,0.2005888083
0.950200,0.939394,0.1723110770,0.1723098805
0.950200,0.949495,0.1438584502,0.1438574512
0.950200,0.959596,0.1152609701,0.1152601697
0.950200,0.969697,0.0865474320,0.0865468310
0.950200,0.979798,0.0577467479,0.0577463469
0.950200,0.989899,0.0288879178,0.0288877172
0.950200,1.000000,0.0000000000,0.0000000000
0.960200,0.000000,0.0000000000,0.0000000000
0.960200,0.010101,0.0288594228,0.0288592202
0.960200,0.020202,0.0576897865,0.0576893817
0.960200,0.030303,0.0864620615,0.0864614548
0.960200,0.040404,0.1151472766,0.1151464686
0.960200,0.050505,0.1437165481,0.1437155397
0.960200,0.060606,0.1721411093,0.1721399013
0.960200,0.070707,0.2003923389,0.2003909327
0.960200,0.080808,0.2284417904,0.2284401874
0.960200,0.090909,0.2562612205,0.2562594222
0.960200,0.101010,0.2838226171,0.2838206255
0.960200,0.111111,0.3110982285,0.3110960455
0.960200,0.121212,0.3380605903,0.3380582181
0.960200,0.131313,0.3646825538,0.3646799948
0.960200,0.141414,0.3909373129,0.3909345696
0.960200,0.151515,0.4167984312,0.4167955064
0.960200,0.161616,0.4422398688,0.4422367655
0.960200,0.171717,0.4672360084,0.4672327297
0.960200,0.181818,0.4917616809,0.4917582301
0.960200,0.191919,0.5157921911,0.5157885717
0.960200,0.202020,0.5393033422,0.5392995579
0.960200,0.212121,0.5622714606,0.5622675151
0.960200,0.222222,0.5846734194,0.5846693166
0.960200,0.232323,0.6064866615,0.6064824057
0.960200,0.242424,0.6276892230,0.6276848184
0.960200,0.252525,0.6482597546,0.6482552057
0.960200,0.262626,0.6681775437,0.6681728550
0.960200,0.272727,0.6874225345,0.6874177108
0.960200,0.282828,0.7059753492,0.7059703953
0.960200,0.292929,0.7238173065,0.7238122274
0.960200,0.303030,0.7409304412,0.7409252419
0.960200,0.313131,0.7572975217,0.7572922076
0.960200,0.323232,0.7729020677,0.7728966442
0.960200,0.333333,0.7877283670,0.7877228394
0.960200,0.343434,0.8017614905,0.8017558644
0.960200,0.353535,0.8149873082,0.8149815893
0.960200,0.363636,0.8273925027,0.8273866968
0.960200,0.373737,0.8389645831,0.8389586960
0.960200,0.383838,0.8496918973,0.8496859349
0.960200,0.393939,0.8595636438,0.8595576121
0.960200,0.404040,0.8685698826,0.8685637877
0.960200,0.414141,0.8767015451,0.8766953931
0.960200,0.424242,0.8839504435,0.8839442406
0.960200,0.434343,0.8903092787,0.8903030312
0.960200,0.444444,0.8957716479,0.8957653621
0.960200,0.454545,0.9003320510,0.9003257332
0.960200,0.464646,0.9039858960,0.9039795527
0.960200,0.474747,0.9067295039,0.9067231413
0.960200,0.484848,0.9085601121,0.9085537366
0.960200,0.494949,0.9094758772,0.9094694953
0.960200,0.505051,0.9094758772,0.9094694953
0.960200,0.515152,0.9085601121,0.9085537366
0.960200,0.525253,0.9067295039,0.9067231413
0.960200,0.535354,0.9039858960,0.9039795527
0.960200,0.545455,0.9003320510,0.9003257332
0.960200,0.555556,0.8957716479,0.8957653621
0.960200,0.565657,0.8903092787,0.8903030312
0.960200,0.575758,0.8839504435,0.8839442406
0.960200,0.585859,0.8767015451,0.8766953931
0.960200,0.595960,0.8685698826,0.8685637877
0.960200,0.606061,0.8595636438,0.8595576121
0.960200,0.616162,0.8496918973,0.8496859349
0.960200,0.626263,0.8389645831,0.8389586960
0.960200,0.636364,0.8273925027,0.8273866968
0.960200,0.646465,0.8149873082,0.8149815893
0.960200,0.656566,0.8017614905,0.8017558644
0.960200,0.666667,0.7877283670,0.7877228394
0.960200,0.676768,0.7729020677,0.7728966442
0.960200,0.686869,0.7572975217,0.7572922076
0.960200,0.696970,0.7409304412,0.7409252419
0.960200,0.707071,0.7238173065,0.7238122274
0.960200,0.717172,0.7059753492,0.7059703953
0.960200,0.727273,0.6874225345,0.6874177108
0.960200,0.737374,0.6681775437,0.6681728550
0.960200,0.747475,0.6482597546,0.6482552057
0.960200,0.757576,0.6276892230,0.6276848184
0.960200,0.767677,0.6064866615,0.6064824057
0.960200,0.777778,0.5846734194,0.5846693166
0.960200,0.787879,0.5622714606,0.5622675151
0.960200,0.797980,0.5393033422,0.5392995579
0.960200,0.808081,0.5157921911,0.5157885717
0.960200,0.818182,0.4917616809,0.4917582301
0.960200,0.828283,0.4672360084,0.4672327297
0.960200,0.838384,0.4422398688,0.4422367655
0.960200,0.848485,0.4167984312,0.4167955064
0.960200,0.858586,0.3909373129,0.3909345696
0.960200,0.868687,0.3646825538,0.3646799948
0.960200,0.878788,0.3380605903,0.3380582181
0.960200,0.888889,0.3110982285,0.3110960455
0.960200,0.898990,0.2838226171,0.2838206255
0.960200,0.909091,0.2562612205,0.2562594222
0.960200,0.919192,0.2284417904,0.2284401874
0.960200,0.929293,0.2003923389,0.2003909327
0.960200,0.939394,0.1721411093,0.1721399013
0.960200,0.949495,0.1437165481,0.1437155397
0.960200,0.959596,0.1151472766,0.1151464686
0.960200,0.969697,0.0864620615,0.0864614548
0.960200,0.979798,0.0576897865,0.0576893817
0.960200,0.989899,0.0288594228,0.0288592202
0.960200,1.000000,0.0000000000,0.0000000000
0.970200,0.000000,0.0000000000,0.0000000000
0.970200,0.010101,0.0288309558,0.0288307514
0.970200,0.020202,0.0576328813,0.0576324726
0.970200,0.030303,0.0863767753,0.0863761629
0.970200,0.040404,0.1150336953,0.1150328797
0.970200,0.050505,0.1435747861,0.1435737681
0.970200,0.060606,0.1719713092,0.1719700899
0.970200,0.070707,0.2001946718,0.2001932524
0.970200,0.080808,0.2282164553,0.2282148372
0.970200,0.090909,0.2560084443,0.2560066291
0.970200,0.101010,0.2835426544,0.2835406440
0.970200,0.111111,0.3107913611,0.3107891575
0.970200,0.121212,0.3377271272,0.3377247326
0.970200,0.131313,0.3643228307,0.3643202476
0.970200,0.141414,0.3905516921,0.3905489230
0.970200,0.151515,0.4163873010,0.4163843487
0.970200,0.161616,0.4418036432,0.4418005107
0.970200,0.171717,0.4667751265,0.4667718170
0.970200,0.181818,0.4912766069,0.4912731236
0.970200,0.191919,0.5152834134,0.5152797599
0.970200,0.202020,0.5387713731,0.5387675531
0.970200,0.212121,0.5617168358,0.5617128531
0.970200,0.222222,0.5840966972,0.5840925558
0.970200,0.232323,0.6058884227,0.6058841269
0.970200,0.242424,0.6270700700,0.6270656239
0.970200,0.252525,0.6476203109,0.6476157191
0.970200,0.262626,0.6675184530,0.6675137201
0.970200,0.272727,0.6867444606,0.6867395914
0.970200,0.282828,0.7052789747,0.7052739741
0.970200,0.292929,0.7231033327,0.7230982058
0.970200,0.303030,0.7401995870,0.7401943388
0.970200,0.313131,0.7565505230,0.7565451589
0.970200,0.323232,0.7721396767,0.7721342021
0.970200,0.333333,0.7869513513,0.7869457716
0.970200,0.343434,0.8009706325,0.8009649535
0.970200,0.353535,0.8141834042,0.8141776315
0.970200,0.363636,0.8265763623,0.8265705017
0.970200,0.373737,0.8381370280,0.8381310854
0.970200,0.383838,0.8488537608,0.8488477422
0.970200,0.393939,0.8587157698,0.8587096813
0.970200,0.404040,0.8677131248,0.8677069725
0.970200,0.414141,0.8758367662,0.8758305563
0.970200,0.424242,0.8830785143,0.8830722530
0.970200,0.434343,0.8894310771,0.8894247708
0.970200,0.444444,0.8948880582,0.8948817133
0.970200,0.454545,0.8994439630,0.8994375857
0.970200,0.464646,0.9030942039,0.9030878007
0.970200,0.474747,0.9058351055,0.9058286829
0.970200,0.484848,0.9076639079,0.9076574723
0.970200,0.494949,0.9085787697,0.9085723277
0.970200,0.505051,0.9085787697,0.9085723277
0.970200,0.515152,0.9076639079,0.9076574723
0.970200,0.525253,0.9058351055,0.9058286829
0.970200,0.535354,0.9030942039,0.9030878007
0.970200,0.545455,0.8994439630,0.8994375857
0.970200,0.555556,0.8948880582,0.8948817133
0.970200,0.565657,0.8894310771,0.8894247708
0.970200,0.575758,0.8830785143,0.8830722530
0.970200,0.585859,0.8758367662,0.8758305563
0.970200,0.595960,0.8677131248,0.8677069725
0.970200,0.606061,0.8587157698,0.8587096813
0.970200,0.616162,0.8488537608,0.8488477422
0.970200,0.626263,0.8381370280,0.8381310854
0.970200,0.636364,0.8265763623,0.8265705017
0.970200,0.646465,0.8141834042,0.8141776315
0.970200,0.656566,0.8009706325,0.8009649535
0.970200,0.666667,0.7869513513,0.7869457716
0.970200,0.676768,0.7721396767,0.7721342021
0.970200,0.686869,0.7565505230,0.7565451589
0.970200,0.696970,0.7401995870,0.7401943388
0.970200,0.707071,0.7231033327,0.7230982058
0.970200,0.717172,0.7052789747,0.7052739741
0.970200,0.727273,0.6867444606,0.6867395914
0.970200,0.737374,0.6675184530,0.6675137201
0.970200,0.747475,0.6476203109,0.6476157191
0.970200,0.757576,0.6270700700,0.6270656239
0.970200,0.767677,0.6058884227,0.6058841269
0.970200,0.777778,0.5840966972,0.5840925558
0.970200,0.787879,0.5617168358,0.5617128531
0.970200,0.797980,0.5387713731,0.5387675531
0.970200,0.808081,0.5152834134,0.5152797599
0.970200,0.818182,0.4912766069,0.4912731236
0.970200,0.828283,0.4667751265,0.4667718170
0.970200,0.838384,0.4418036432,0.4418005107
0.970200,0.848485,0.4163873010,0.4163843487
0.970200,0.858586,0.3905516921,0.3905489230
0.970200,0.868687,0.3643228307,0.3643202476
0.970200,0.878788,0.3377271272,0.3377247326
0.970200,0.888889,0.3107913611,0.3107891575
0.970200,0.898990,0.2835426544,0.2835406440
0.970200,0.909091,0.2560084443,0.2560066291
0.970200,0.919192,0.2282164553,0.2282148372
0.970200,0.929293,0.2001946718,0.2001932524
0.970200,0.939394,0.1719713092,0.1719700899
0.970200,0.949495,0.1435747861,0.1435737681
0.970200,0.959596,0.1150336953,0.1150328797
0.970200,0.969697,0.0863767753,0.0863761629
0.970200,0.979798,0.0576328813,0.0576324726
0.970200,0.989899,0.0288309558,0.0288307514
0.970200,1.000000,0.0000000000,0.0000000000
0.980200,0.000000,0.0000000000,0.0000000000
0.980200,0.010101,0.0288025169,0.0288023106
0.980200,0.020202,0.0575760322,0.0575756197
0.980200,0.030303,0.0862915732,0.0862909551
0.980200,0.040404,0.1149202260,0.1149194028
0.980200,0.050505,0.1434331638,0.1434321364
0.980200,0.060606,0.1718016766,0.1718004459
0.980200,0.070707,0.1999971997,0.1999957670
0.980200,0.080808,0.2279913425,0.2279897093
0.980200,0.090909,0.2557559174,0.2557540853
0.980200,0.101010,0.2832629677,0.2832609386
0.980200,0.111111,0.3104847963,0.3104825722
0.980200,0.121212,0.3373939930,0.3373915761
0.980200,0.131313,0.3639634625,0.3639608553
0.980200,0.141414,0.3901664517,0.3901636568
0.980200,0.151515,0.4159765763,0.4159735966
0.980200,0.161616,0.4413678478,0.4413646862
0.980200,0.171717,0.4663146993,0.4663113589
0.980200,0.181818,0.4907920114,0.4907884957
0.980200,0.191919,0.5147751375,0.5147714500
0.980200,0.202020,0.5382399287,0.5382360732
0.980200,0.212121,0.5611627580,0.5611587382
0.980200,0.222222,0.5835205439,0.5835163639
0.980200,0.232323,0.6052907741,0.6052864382
0.980200,0.242424,0.6264515277,0.6264470403
0.980200,0.252525,0.6469814978,0.6469768633
0.980200,0.262626,0.6668600124,0.6668552355
0.980200,0.272727,0.6860670555,0.6860621410
0.980200,0.282828,0.7045832872,0.7045782400
0.980200,0.292929,0.7223900632,0.7223848885
0.980200,0.303030,0.7394694537,0.7394641566
0.980200,0.313131,0.7558042611,0.7557988471
0.980200,0.323232,0.7713780377,0.7713725121
0.980200,0.333333,0.7861751020,0.7861694704
0.980200,0.343434,0.8001805547,0.8001748227
0.980200,0.353535,0.8133802933,0.8133744668
0.980200,0.363636,0.8257610269,0.8257551117
0.980200,0.373737,0.8373102892,0.8373042913
0.980200,0.383838,0.8480164510,0.8480103764
0.980200,0.393939,0.8578687321,0.8578625869
0.980200,0.404040,0.8668572121,0.8668510025
0.980200,0.414141,0.8749728403,0.8749665726
0.980200,0.424242,0.8822074451,0.8822011256
0.980200,0.434343,0.8885537418,0.8885473768
0.980200,0.444444,0.8940053402,0.8939989361
0.980200,0.454545,0.8985567509,0.8985503143
0.980200,0.464646,0.9022033912,0.9021969285
0.980200,0.474747,0.9049415892,0.9049351068
0.980200,0.484848,0.9067685877,0.9067620922
0.980200,0.494949,0.9076825471,0.9076760451
0.980200,0.505051,0.9076825471,0.9076760451
0.980200,0.515152,0.9067685877,0.9067620922
0.980200,0.525253,0.9049415892,0.9049351068
0.980200,0.535354,0.9022033912,0.9021969285
0.980200,0.545455,0.8985567509,0.8985503143
0.980200,0.555556,0.8940053402,0.8939989361
0.980200,0.565657,0.8885537418,0.8885473768
0.980200,0.575758,0.8822074451,0.8822011256
0.980200,0.585859,0.8749728403,0.8749665726
0.980200,0.595960,0.8668572121,0.8668510025
0.980200,0.606061,0.8578687321,0.8578625869
0.980200,0.616162,0.8480164510,0.8480103764
0.980200,0.626263,0.8373102892,0.8373042913
0.980200,0.636364,0.8257610269,0.8257551117
0.980200,0.646465,0.8133802933,0.8133744668
0.980200,0.656566,0.8001805547,0.8001748227
0.980200,0.666667,0.7861751020,0.7861694704
0.980200,0.676768,0.7713780377,0.7713725121
0.980200,0.686869,0.7558042611,0.7557988471
0.980200,0.696970,0.7394694537,0.7394641566
0.980200,0.707071,0.7223900632,0.7223848885
0.980200,0.717172,0.7045832872,0.7045782400
0.980200,0.727273,0.6860670555,0.6860621410
0.980200,0.737374,0.6668600124,0.6668552355
0.980200,0.747475,0.6469814978,0.6469768633
0.980200,0.757576,0.6264515277,0.6264470403
0.980200,0.767677,0.6052907741,0.6052864382
0.980200,0.777778,0.5835205439,0.5835163639
0.980200,0.787879,0.5611627580,0.5611587382
0.980200,0.797980,0.5382399287,0.5382360732
0.980200,0.808081,0.5147751375,0.5147714500
0.980200,0.818182,0.4907920114,0.4907884957
0.980200,0.828283,0.4663146993,0.4663113589
0.980200,0.838384,0.4413678478,0.4413646862
0.980200,0.848485,0.4159765763,0.4159735966
0.980200,0.858586,0.3901664517,0.3901636568
0.980200,0.868687,0.3639634625,0.3639608553
0.980200,0.878788,0.3373939930,0.3373915761
0.980200,0.888889,0.3104847963,0.3104825722
0.980200,0.898990,0.2832629677,0.2832609386
0.980200,0.909091,0.2557559174,0.2557540853
0.980200,0.919192,0.2279913425,0.2279897093
0.980200,0.929293,0.1999971997,0.1999957670
0.980200,0.939394,0.1718016766,0.1718004459
0.980200,0.949495,0.1434331638,0.1434321364
0.980200,0.959596,0.1149202260,0.1149194028
0.980200,0.969697,0.0862915732,0.0862909551
0.980200,0.979798,0.0575760322,0.0575756197
0.980200,0.989899,0.0288025169,0.0288023106
0.980200,1.000000,0.0000000000,0.0000000000
0.990200,0.000000,0.0000000000,0.0000000000
0.990200,0.010101,0.0287741061,0.0287738979
0.990200,0.020202,0.0575192391,0.0575188229
0.990200,0.030303,0.0862064552,0.0862058313
0.990200,0.040404,0.1148068686,0.1148060378
0.990200,0.050505,0.1432916813,0.1432906443
0.990200,0.060606,0.1716322113,0.1716309693
0.990200,0.070707,0.1997999223,0.1997984765
0.990200,0.080808,0.2277664517,0.2277648035
0.990200,0.090909,0.2555036396,0.2555017907
0.990200,0.101010,0.2829835570,0.2829815092
0.990200,0.111111,0.3101785339,0.3101762893
0.990200,0.121212,0.3370611874,0.3370587483
0.990200,0.131313,0.3636044487,0.3636018176
0.990200,0.141414,0.3897815913,0.3897787707
0.990200,0.151515,0.4155662568,0.4155632496
0.990200,0.161616,0.4409324823,0.4409292916
0.990200,0.171717,0.4658547262,0.4658513551
0.990200,0.181818,0.4903078939,0.4903043458
0.990200,0.191919,0.5142673630,0.5142636416
0.990200,0.202020,0.5377090086,0.5377051175
0.990200,0.212121,0.5606092267,0.5606051699
0.990200,0.222222,0.5829449589,0.5829407405
0.990200,0.232323,0.6046937149,0.6046893391
0.990200,0.242424,0.6258335956,0.6258290668
0.990200,0.252525,0.6463433149,0.6463386377
0.990200,0.262626,0.6662022213,0.6661974004
0.990200,0.272727,0.6853903185,0.6853853588
0.990200,0.282828,0.7038882858,0.7038831922
0.990200,0.292929,0.7216774972,0.7216722749
0.990200,0.303030,0.7387400406,0.7387346948
0.990200,0.313131,0.7550587354,0.7550532715
0.990200,0.323232,0.7706171500,0.7706115735
0.990200,0.333333,0.7853996185,0.7853939350
0.990200,0.343434,0.7993912561,0.7993854714
0.990200,0.353535,0.8125779745,0.8125720944
0.990200,0.363636,0.8249464958,0.8249405262
0.990200,0.373737,0.8364843658,0.8364783127
0.990200,0.383838,0.8471799671,0.8471738366
0.990200,0.393939,0.8570225299,0.8570163281
0.990200,0.404040,0.8660021436,0.8659958769
0.990200,0.414141,0.8741097666,0.8741034413
0.990200,0.424242,0.8813372352,0.8813308575
0.990200,0.434343,0.8876772719,0.8876708483
0.990200,0.444444,0.8931234928,0.8931170298
0.990200,0.454545,0.8976704141,0.8976639182
0.990200,0.464646,0.9013134573,0.9013069351
0.990200,0.474747,0.9040489543,0.9040424123
0.990200,0.484848,0.9058741507,0.9058675954
0.990200,0.494949,0.9067872085,0.9067806467
0.990200,0.505051,0.9067872085,0.9067806467
0.990200,0.515152,0.9058741507,0.9058675954
0.990200,0.525253,0.9040489543,0.9040424123
0.990200,0.535354,0.9013134573,0.9013069351
0.990200,0.545455,0.8976704141,0.8976639182
0.990200,0.555556,0.8931234928,0.8931170298
0.990200,0.565657,0.8876772719,0.8876708483
0.990200,0.575758,0.8813372352,0.8813308575
0.990200,0.585859,0.8741097666,0.8741034413
0.990200,0.595960,0.8660021436,0.8659958769
0.990200,0.606061,0.8570225299,0.8570163281
0.990200,0.616162,0.8471799671,0.8471738366
0.990200,0.626263,0.8364843658,0.8364783127
0.990200,0.636364,0.8249464958,0.8249405262
0.990200,0.646465,0.8125779745,0.8125720944
0.990200,0.656566,0.7993912561,0.7993854714
0.990200,0.666667,0.7853996185,0.7853939350
0.990200,0.676768,0.7706171500,0.7706115735
0.990200,0.686869,0.7550587354,0.7550532715
0.990200,0.696970,0.7387400406,0.7387346948
0.990200,0.707071,0.7216774972,0.7216722749
0.990200,0.717172,0.7038882858,0.7038831922
0.990200,0.727273,0.6853903185,0.6853853588
0.990200,0.737374,0.6662022213,0.6661974004
0.990200,0.747475,0.6463433149,0.6463386377
0.990200,0.757576,0.6258335956,0.6258290668
0.990200,0.767677,0.6046937149,0.6046893391
0.990200,0.777778,0.5829449589,0.5829407405
0.990200,0.787879,0.5606092267,0.5606051699
0.990200,0.797980,0.5377090086,0.5377051175
0.990200,0.808081,0.5142673630,0.5142636416
0.990200,0.818182,0.4903078939,0.4903043458
0.990200,0.828283,0.4658547262,0.4658513551
0.990200,0.838384,0.4409324823,0.4409292916
0.990200,0.848485,0.4155662568,0.4155632496
0.990200,0.858586,0.3897815913,0.3897787707
0.990200,0.868687,0.3636044487,0.3636018176
0.990200,0.878788,0.3370611874,0.3370587483
0.990200,0.888889,0.3101785339,0.3101762893
0.990200,0.898990,0.2829835570,0.2829815092
0.990200,0.909091,0.2555036396,0.2555017907
0.990200,0.919192,0.2277664517,0.2277648035
0.990200,0.929293,0.1997999223,0.1997984765
0.990200,0.939394,0.1716322113,0.1716309693
0.990200,0.949495,0.1432916813,0.1432906443
0.990200,0.959596,0.1148068686,0.1148060378
0.990200,0.969697,0.0862064552,0.0862058313
0.990200,0.979798,0.0575192391,0.0575188229
0.990200,0.989899,0.0287741061,0.0287738979
0.990200,1.000000,0.0000000000,0.0000000000
